ax_mean,ax_std,ax_rms,ax_energy,ax_dom_freq,ax_spec_entropy,ay_mean,ay_std,ay_rms,ay_energy,ay_dom_freq,ay_spec_entropy,az_mean,az_std,az_rms,az_energy,az_dom_freq,az_spec_entropy,gx_mean,gx_std,gx_rms,gx_energy,gx_dom_freq,gx_spec_entropy,gy_mean,gy_std,gy_rms,gy_energy,gy_dom_freq,gy_spec_entropy,gz_mean,gz_std,gz_rms,gz_energy,gz_dom_freq,gz_spec_entropy,period_us_mean,group_id,source_file,label
-9.31969375,0.019690638,9.319714551,0.79756426,0.1875,4.831311653,0.415990625,0.017613744,0.416363356,0.64504016,0.125,4.862141446,-2.0883375,0.026278363,2.088502829,1.4188592,0.046875,4.628951864,-0.042623438,0.001375652,0.042645631,0.00387748,0.09375,4.6733234,0.046871875,0.005502967,0.047193806,0.06206494,0.09375,4.494906947,-0.016125,0.002780906,0.01636304,0.01604616,0.015625,4.623450798,2486.25,imbalance_forward_11,imbalance_forward,imbalance
-9.325940625,0.046008755,9.326054114,4.34356406,0.140625,4.660041864,0.4122125,0.024346223,0.412930846,1.21785362,0.140625,4.714443905,-2.10390625,0.032530735,2.104157731,2.16785114,0.140625,4.759117576,-0.042885938,0.001181613,0.042902213,0.00292556,0.421875,4.87989428,0.04855625,0.007429415,0.049121336,0.11308234,0.046875,4.665505047,-0.018210938,0.005457653,0.01901116,0.06102412,0.28125,4.618201107,1125,imbalance_forward_2,imbalance_forward,imbalance
-9.324107813,0.045290577,9.324217808,4.23250788,0.140625,4.758566148,0.413078125,0.025601242,0.413870706,1.3434595,0.140625,4.818685925,-2.09145,0.028049192,2.09163808,1.61656264,0.140625,4.870662925,-0.04294375,0.001090853,0.042957603,0.00244042,0.4375,4.735874006,0.04705625,0.00682257,0.047548272,0.09573248,0.140625,4.743586083,-0.017565625,0.004700207,0.018183595,0.04525078,0.28125,4.813985892,1192.5,imbalance_forward_8,imbalance_forward,imbalance
-9.319657813,0.018364281,9.319675906,0.70897932,0.25,4.820963271,0.416025,0.019638029,0.416488239,0.7898416,0.03125,4.669384875,-2.09833125,0.026695663,2.098501059,1.4731369,0.078125,4.829438089,-0.042548438,0.001180174,0.042564802,0.00285248,0.109375,4.776225998,0.048396875,0.004019366,0.048563493,0.03309118,0.03125,4.584352255,-0.0178625,0.003250072,0.018155767,0.02163394,0.03125,4.535791618,849.375,imbalance_forward_12,imbalance_forward,imbalance
-9.320364062,0.035596473,9.320432038,2.6030654,0.15625,4.757059475,0.414159375,0.02191186,0.414738613,0.99695094,0.03125,4.786602363,-2.09395,0.027049867,2.094124709,1.515074,0.15625,4.80597639,-0.04301875,0.001210227,0.04303577,0.0030121,0.1875,4.603648822,0.047695312,0.00573363,0.048038707,0.0676126,0.03125,4.777113167,-0.017854688,0.005202191,0.018597114,0.05579724,0.03125,4.728782833,2741.25,imbalance_forward_13,imbalance_forward,imbalance
-9.324292188,0.037260486,9.324366635,2.85365304,0.21875,4.860717288,0.413709375,0.025524025,0.414495986,1.33547254,0.140625,4.730059235,-2.090926563,0.027918784,2.091112945,1.63567116,0.078125,4.712491063,-0.042848438,0.001125832,0.042863225,0.00260884,0.484375,4.793547388,0.047315625,0.006271942,0.047729505,0.08227968,0.03125,4.753852263,-0.017170313,0.00419675,0.017675756,0.03608008,0.046875,4.744729423,1702.5,imbalance_forward_9,imbalance_forward,imbalance
-9.320442188,0.027736685,9.320483458,1.57564812,0.140625,4.804599157,0.418684375,0.025060378,0.4194337,1.28628822,0.125,4.661668826,-2.095932813,0.028459802,2.096126026,1.67490888,0.03125,4.840297813,-0.042935938,0.001136657,0.04295098,0.00265524,0.484375,4.682563861,0.048539063,0.00427356,0.048726829,0.03788068,0.203125,4.811920054,-0.017921875,0.003282742,0.018220044,0.02211424,0.484375,4.77909317,1533.75,imbalance_forward_6,imbalance_forward,imbalance
-9.324667188,0.044307674,9.324772454,4.0362544,0.140625,4.695410047,0.410190625,0.022134876,0.410787417,1.00342606,0.140625,4.706823451,-2.097695313,0.034587188,2.097980433,2.46240292,0.140625,4.728858731,-0.0428875,0.001071141,0.042900874,0.00235104,0.453125,4.864160439,0.047579687,0.007725044,0.048202728,0.12221852,0.03125,4.606515361,-0.01743125,0.005482326,0.018273051,0.06157016,0.328125,4.594341477,1035,imbalance_forward_2,imbalance_forward,imbalance
-9.320775,0.035810774,9.320843793,2.63353096,0.15625,4.727328283,0.415210938,0.022397643,0.415814595,1.04101724,0.03125,4.740811296,-2.094625,0.024732203,2.094771007,1.26238498,0.15625,4.71206746,-0.043014063,0.001261803,0.043032566,0.00326084,0.1875,4.632506977,0.047473438,0.005553243,0.047797132,0.06322112,0.15625,4.758951904,-0.017770313,0.005203715,0.018516551,0.05581352,0.03125,4.768002034,2550,imbalance_forward_13,imbalance_forward,imbalance
-9.323434375,0.021123996,9.323458305,0.9213071,0.15625,4.772890752,0.417520313,0.023291027,0.418169443,1.11448536,0.03125,4.646440807,-2.092946875,0.024464144,2.093089849,1.24095904,0.078125,4.834478295,-0.042860938,0.001219966,0.042878296,0.00311652,0.15625,4.853580762,0.047826563,0.003579728,0.047960343,0.02629704,0.03125,4.685353911,-0.01714375,0.003265917,0.017452059,0.02185498,0.03125,4.624106607,1141.875,imbalance_forward_12,imbalance_forward,imbalance
-9.324217188,0.036124427,9.324287165,2.67314836,0.21875,4.815973459,0.41513125,0.02636716,0.415967765,1.42389248,0.140625,4.691047603,-2.091748437,0.027326704,2.091926929,1.58806308,0.078125,4.753944456,-0.042848438,0.001125832,0.042863225,0.00260196,0.484375,4.774048369,0.046903125,0.006183015,0.047308908,0.07966726,0.03125,4.71435572,-0.0171875,0.004175617,0.017687451,0.03571816,0.046875,4.745708841,1747.5,imbalance_forward_9,imbalance_forward,imbalance
-9.323021875,0.043531406,9.323123504,3.88648032,0.140625,4.677208762,0.4122875,0.024100541,0.412991306,1.19267282,0.140625,4.716466408,-2.102673438,0.031757633,2.102913249,2.06653992,0.140625,4.788724691,-0.042889063,0.001201447,0.042905887,0.00306724,0.390625,4.869307547,0.048614063,0.007809947,0.049237408,0.12519444,0.046875,4.710780915,-0.017845313,0.005661353,0.018721808,0.0657314,0.046875,4.701795738,1200,imbalance_forward_2,imbalance_forward,imbalance
-9.320515625,0.029045687,9.320560883,1.7414447,0.140625,4.83962304,0.418129688,0.023169624,0.418771139,1.09950648,0.125,4.772109964,-2.0942125,0.027051742,2.094387212,1.51658018,0.03125,4.831025788,-0.0430125,0.001061617,0.043025599,0.00247016,0.5,4.777531196,0.0479125,0.004452019,0.048118896,0.04101282,0.03125,4.810124717,-0.017304688,0.003129568,0.017585403,0.02103976,0.5,4.839476801,982.5,imbalance_forward_7,imbalance_forward,imbalance
-9.321379687,0.018488275,9.321398023,0.70965864,0.25,4.766888302,0.414792187,0.01926893,0.41523951,0.76453672,0.03125,4.741469043,-2.096160938,0.026746721,2.096331573,1.47506732,0.078125,4.762837311,-0.042517188,0.001073481,0.042530737,0.00236424,0.1875,4.818434198,0.048351563,0.003736057,0.048495688,0.02862584,0.03125,4.630685506,-0.017679688,0.003388915,0.018001558,0.02353936,0.03125,4.549855488,894.375,imbalance_forward_12,imbalance_forward,imbalance
-9.316553125,0.042628533,9.316650649,3.72790336,0.15625,4.74174962,0.41355625,0.028081994,0.414508589,1.63110584,0.125,4.696450672,-2.091146875,0.033605133,2.091416878,2.31284254,0.125,4.744218806,-0.0427375,0.001128121,0.042752387,0.0026909,0.21875,4.828491327,0.049089063,0.006246102,0.049484845,0.08052328,0.1875,4.747944931,-0.018565625,0.0054851,0.019358945,0.06216128,0.21875,4.840514458,1215,imbalance_forward_4,imbalance_forward,imbalance
-9.32399375,0.043447626,9.324094977,3.86604792,0.140625,4.668790116,0.41225,0.023786938,0.412935686,1.15880768,0.140625,4.702888114,-2.104654688,0.031878867,2.104896106,2.08159052,0.140625,4.763241656,-0.042864062,0.001205245,0.042881004,0.00309508,0.5,4.871981409,0.049101563,0.007472878,0.049666964,0.11466356,0.046875,4.728063296,-0.018098438,0.005556092,0.018932078,0.06331592,0.046875,4.732897984,1173.75,imbalance_forward_2,imbalance_forward,imbalance
-9.319990625,0.03558888,9.320058574,2.606764,0.15625,4.714026523,0.415060938,0.023180984,0.415707758,1.10258932,0.03125,4.764841973,-2.094626563,0.024883386,2.09477436,1.27647168,0.15625,4.716040273,-0.043064063,0.001318423,0.04308424,0.00356356,0.046875,4.736620044,0.04734375,0.005592123,0.04767287,0.064112,0.15625,4.77018525,-0.017745313,0.00519245,0.018489393,0.05551736,0.03125,4.762359223,2486.25,imbalance_forward_13,imbalance_forward,imbalance
-9.319992188,0.029129443,9.320037709,1.73812396,0.15625,4.835516821,0.413603125,0.028588721,0.41458999,1.68790598,0.125,4.660165663,-2.093807812,0.030692244,2.094032753,1.9292444,0.109375,4.659936761,-0.042804688,0.001268172,0.042823469,0.00329792,0.46875,4.641607678,0.047859375,0.005172908,0.048138122,0.05553966,0.15625,4.818447815,-0.017882813,0.004681097,0.018485336,0.04488728,0.03125,4.782240643,2572.5,imbalance_forward_6,imbalance_forward,imbalance
-9.321898438,0.043197806,9.321998527,3.82499248,0.140625,4.679322763,0.410417188,0.023657481,0.41109846,1.14748236,0.140625,4.722680773,-2.101026563,0.032125016,2.101272146,2.1138012,0.140625,4.743132594,-0.042834375,0.0012249,0.042851885,0.00318528,0.1875,4.820846669,0.0480875,0.007744787,0.04870718,0.12312104,0.046875,4.674767974,-0.017292188,0.00563658,0.018187655,0.06510152,0.046875,4.585517063,1252.5,imbalance_forward_2,imbalance_forward,imbalance
-9.315954688,0.042969847,9.316053786,3.7877488,0.15625,4.729398713,0.415239063,0.027838606,0.416171199,1.59744288,0.125,4.71417387,-2.09025,0.033734909,2.090522209,2.33222674,0.125,4.761623731,-0.042748438,0.001117893,0.042763052,0.00267336,0.21875,4.773313541,0.0495875,0.006465062,0.050007171,0.0863844,0.1875,4.813504992,-0.018829687,0.005422513,0.019594917,0.0607468,0.21875,4.848400919,1158.75,imbalance_forward_4,imbalance_forward,imbalance
-9.325232813,0.034530793,9.325296745,2.46786344,0.09375,4.660001487,0.4115125,0.024759181,0.412256661,1.25550496,0.078125,4.624228983,-2.093539063,0.03211379,2.093785352,2.11602704,0.046875,4.643584922,-0.042589063,0.00124073,0.042607132,0.00317256,0.09375,4.611720066,0.047709375,0.005686462,0.048047064,0.06631904,0.015625,4.500055083,-0.016779688,0.004038532,0.017258843,0.03340348,0.015625,4.593285199,2602.5,imbalance_forward_0,imbalance_forward,imbalance
-9.314940625,0.031269947,9.314993111,2.04391094,0.390625,4.726095307,0.41240625,0.028200498,0.413369306,1.65397656,0.109375,4.829768936,-2.095185938,0.030143142,2.095402759,1.87218652,0.109375,4.788913572,-0.042667188,0.001157051,0.042682873,0.00275804,0.484375,4.818263636,0.04840625,0.005551404,0.048723538,0.06489152,0.15625,4.824276807,-0.018107813,0.004974193,0.018778591,0.05078684,0.03125,4.794999529,2043.75,imbalance_forward_5,imbalance_forward,imbalance
-9.321784375,0.050839014,9.321923007,5.29602464,0.0625,4.586930377,0.411285938,0.02471792,0.412028031,1.25183912,0.15625,4.658441236,-2.090285938,0.027477103,2.090466525,1.55280004,0.0625,4.686286975,-0.042778125,0.001608033,0.042808337,0.00531134,0.109375,4.779833184,0.047179688,0.007331784,0.047745973,0.1100996,0.0625,4.593294629,-0.01685,0.005991426,0.017883503,0.07351872,0.078125,4.680344973,2655,imbalance_forward_0,imbalance_forward,imbalance
-9.319471875,0.026765816,9.319510311,1.47407334,0.15625,4.761180409,0.418871875,0.024317499,0.419577154,1.21285392,0.03125,4.770744732,-2.092795313,0.023798867,2.092930626,1.17057292,0.171875,4.78237861,-0.043007813,0.001249413,0.043025957,0.00321812,0.140625,4.809141901,0.048067188,0.004468852,0.048274477,0.04090828,0.15625,4.70399893,-0.017292188,0.003639682,0.017671079,0.02728708,0.046875,4.799044314,1507.5,imbalance_forward_12,imbalance_forward,imbalance
-9.319995313,0.04056151,9.320083576,3.3694466,0.125,4.699811334,0.412207813,0.021081503,0.412746545,0.9522132,0.125,4.652250829,-2.090101563,0.032403359,2.090352726,2.16167936,0.046875,4.782382903,-0.042590625,0.001117715,0.042605289,0.00260462,0.171875,4.691083924,0.048054688,0.006961545,0.048556319,0.09932088,0.046875,4.638947626,-0.0179625,0.004756262,0.018581535,0.04638824,0.046875,4.531419107,761.25,imbalance_forward_3,imbalance_forward,imbalance
-9.320520313,0.038631978,9.320600374,3.05697972,0.15625,4.724346744,0.417490625,0.021268402,0.418032017,0.92804976,0.125,4.783137219,-2.09746875,0.033368768,2.097734166,2.29070656,0.125,4.809593669,-0.042875,0.001142776,0.042890227,0.00269138,0.171875,4.825559465,0.049685938,0.005840962,0.050028084,0.0705374,0.03125,4.673028233,-0.018885938,0.004287003,0.019366389,0.03782136,0.03125,4.832920212,999.375,imbalance_forward_4,imbalance_forward,imbalance
-9.32328125,0.047271037,9.323401086,4.58072202,0.140625,4.607425158,0.411165625,0.026451218,0.41201558,1.43418798,0.140625,4.731567144,-2.097134375,0.033917953,2.097408643,2.35758816,0.140625,4.791912201,-0.042857812,0.001235517,0.042875618,0.00326572,0.1875,4.790872033,0.0472375,0.007694834,0.047860128,0.12171304,0.046875,4.578502147,-0.0170625,0.005682003,0.017983717,0.06612288,0.046875,4.507054061,1278.75,imbalance_forward_2,imbalance_forward,imbalance
-9.320514063,0.020084811,9.320535703,0.83611708,0.1875,4.872231721,0.415353125,0.017745721,0.41573204,0.65707376,0.125,4.912872116,-2.08511875,0.025315286,2.08527242,1.31290938,0.046875,4.622594539,-0.042525,0.001301802,0.042544921,0.0034709,0.109375,4.706868543,0.046571875,0.005492138,0.046894596,0.0619095,0.09375,4.549140574,-0.015878125,0.002964555,0.016152506,0.01820304,0.046875,4.604460756,2996.25,imbalance_forward_11,imbalance_forward,imbalance
-9.318646875,0.033892652,9.31870851,2.36393222,0.15625,4.697368207,0.42066875,0.023565175,0.421328274,1.14307904,0.03125,4.811082923,-2.095971875,0.02459001,2.096116115,1.24131038,0.171875,4.752702161,-0.043098438,0.001340999,0.043119295,0.00368832,0.046875,4.788152928,0.04848125,0.005171946,0.048756339,0.05480378,0.15625,4.713206821,-0.0181125,0.004672677,0.018705522,0.04490016,0.03125,4.749158888,2025,imbalance_forward_13,imbalance_forward,imbalance
-9.319914063,0.048240721,9.320038911,4.77188112,0.140625,4.644264849,0.408729688,0.026724951,0.409602466,1.46283388,0.140625,4.705438017,-2.0948125,0.029416171,2.095019026,1.7722949,0.03125,4.759363987,-0.042665625,0.001250027,0.042683933,0.00377136,0.5,4.678991913,0.0464125,0.007958417,0.047089877,0.13005618,0.03125,4.687115454,-0.01706875,0.005489845,0.017929881,0.06214394,0.03125,4.726779616,1164.375,imbalance_forward_1,imbalance_forward,imbalance
-9.317078125,0.017621839,9.31709479,0.6361928,0.078125,4.723794778,0.416439062,0.017002542,0.416786011,0.59535388,0.015625,4.666653361,-2.093685938,0.029381047,2.093892082,1.7694346,0.015625,4.631248259,-0.04255,0.001329121,0.042570754,0.0036213,0.109375,4.652457114,0.047826563,0.005615053,0.048155051,0.06462204,0.09375,4.417564426,-0.016926563,0.003224382,0.017230936,0.02130072,0.015625,4.430513263,1732.5,imbalance_forward_11,imbalance_forward,imbalance
-9.320889063,0.020123207,9.320910785,0.83797036,0.1875,4.886252185,0.4159125,0.018180016,0.416309645,0.68655106,0.125,4.907092896,-2.086651562,0.026037899,2.086814011,1.39029304,0.046875,4.613139173,-0.042514063,0.001337893,0.042535109,0.00367884,0.109375,4.76670796,0.0467125,0.005576611,0.047044195,0.06376434,0.09375,4.54397282,-0.016135938,0.002749737,0.016368553,0.01575648,0.015625,4.685894409,2868.75,imbalance_forward_11,imbalance_forward,imbalance
-9.318007813,0.031407853,9.318060745,2.03956232,0.15625,4.761563168,0.412446875,0.028275563,0.413414964,1.66430334,0.203125,4.828243983,-2.092828125,0.029787169,2.093040094,1.84033872,0.109375,4.69784712,-0.042785938,0.001145762,0.042801276,0.0026912,0.484375,4.765541593,0.04783125,0.005654364,0.048164305,0.0656476,0.15625,4.789030092,-0.018070313,0.00502583,0.018756203,0.0519446,0.03125,4.819381801,2036.25,imbalance_forward_5,imbalance_forward,imbalance
-9.318160938,0.0288572,9.318205621,1.71049756,0.15625,4.726015326,0.419620313,0.024516673,0.420335906,1.23338696,0.03125,4.719789471,-2.092417188,0.023411499,2.092548156,1.12599144,0.171875,4.815330831,-0.043004688,0.001311896,0.043024693,0.0035514,0.484375,4.907258705,0.04795625,0.004751936,0.048191107,0.04624576,0.15625,4.626911812,-0.017123438,0.003738346,0.017526761,0.02863232,0.046875,4.708696137,1732.5,imbalance_forward_13,imbalance_forward,imbalance
-9.319917188,0.019141215,9.319936844,0.75139388,0.09375,4.813627843,0.4168875,0.017494432,0.41725441,0.63011394,0.125,4.780027683,-2.091479687,0.027868268,2.091665347,1.5907496,0.015625,4.610842251,-0.042623438,0.00134324,0.042644598,0.00369832,0.09375,4.680663392,0.047014062,0.005562763,0.047342015,0.063425,0.09375,4.501116776,-0.016175,0.002778264,0.016411867,0.01583688,0.015625,4.605139167,2182.5,imbalance_forward_11,imbalance_forward,imbalance
-9.320101563,0.045418184,9.320212226,4.22878736,0.140625,4.678633217,0.41034375,0.024258876,0.411060198,1.20959562,0.140625,4.725927542,-2.09889375,0.032451839,2.09914461,2.1584409,0.140625,4.728546253,-0.0428625,0.001221871,0.042879912,0.00318242,0.1875,4.808286128,0.047665625,0.007876909,0.048312084,0.12761408,0.046875,4.623167972,-0.017160938,0.005552916,0.01803698,0.06319308,0.046875,4.613268586,1278.75,imbalance_forward_2,imbalance_forward,imbalance
-9.322801563,0.023609542,9.322831457,1.15054124,0.15625,4.849178249,0.416479688,0.025821909,0.417279404,1.3663834,0.15625,4.703936224,-2.093240625,0.029266506,2.093445209,1.77214414,0.328125,4.799377659,-0.04284375,0.001118436,0.042858346,0.00257066,0.234375,4.795551919,0.047984375,0.004409089,0.048186516,0.03982678,0.15625,4.701194321,-0.017584375,0.003531962,0.017935579,0.02555552,0.484375,4.793752505,2340,imbalance_forward_6,imbalance_forward,imbalance
-9.319546875,0.04023149,9.319633712,3.3292871,0.125,4.738478187,0.411910937,0.021432839,0.412468165,0.9828038,0.125,4.726322617,-2.091335938,0.032735795,2.091592129,2.2056994,0.15625,4.731900462,-0.042653125,0.001155959,0.042668786,0.0028291,0.46875,4.754283582,0.048535938,0.00736867,0.049092103,0.111354,0.046875,4.594038948,-0.0179625,0.0047921,0.01859074,0.0470372,0.046875,4.576006342,772.5,imbalance_forward_3,imbalance_forward,imbalance
-9.322382812,0.055481722,9.322547909,6.30468732,0.0625,4.632811364,0.4083625,0.025439957,0.409154155,1.3256285,0.15625,4.779858384,-2.094959375,0.028712964,2.095156132,1.68908224,0.0625,4.716328154,-0.04286875,0.001546657,0.042896642,0.00491594,0.0625,4.819210088,0.047329687,0.008301086,0.048052132,0.14116148,0.046875,4.618634314,-0.017759375,0.006308866,0.018846676,0.08151414,0.046875,4.605587245,2047.5,imbalance_forward_1,imbalance_forward,imbalance
-9.319765625,0.034620046,9.319829926,2.48868592,0.109375,4.820119726,0.418954688,0.036870288,0.420573951,2.8583934,0.03125,4.841686175,-2.094328125,0.033744932,2.094599966,2.35850352,0.171875,4.770365781,-0.042876563,0.001337061,0.042897405,0.00441788,0.5,4.728610137,0.046134375,0.007663779,0.046766591,0.13022672,0.5,4.755180315,-0.0165625,0.007786236,0.018301417,0.13182418,0.421875,4.734819336,1042.5,imbalance_forward_9,imbalance_forward,imbalance
-9.321709375,0.024028503,9.321740344,1.19239216,0.234375,4.742339252,0.417720313,0.025285904,0.41848493,1.32683508,0.09375,4.811513556,-2.093954687,0.023688354,2.094088673,1.15181004,0.15625,4.800193958,-0.042604688,0.001204734,0.042621717,0.00297248,0.40625,4.829082819,0.047425,0.005247976,0.047714483,0.05714176,0.140625,4.873493063,-0.017845313,0.004567615,0.018420594,0.04370004,0.03125,4.780576536,1871.25,imbalance_forward_10,imbalance_forward,imbalance
-9.31835,0.038313232,9.318428764,3.01019186,0.140625,4.725001123,0.41610625,0.020279954,0.416600153,0.8447025,0.140625,4.817377878,-2.094776563,0.033442496,2.095043495,2.29058656,0.125,4.714816037,-0.0429,0.00114305,0.042915225,0.00269266,0.171875,4.828209314,0.049523438,0.005895622,0.049873131,0.07134176,0.03125,4.675513659,-0.018645312,0.004452735,0.019169625,0.0407692,0.03125,4.792327683,1018.125,imbalance_forward_4,imbalance_forward,imbalance
-9.320626563,0.033109922,9.320685371,2.24589584,0.21875,4.734442459,0.41678125,0.025260226,0.417546033,1.31611562,0.140625,4.78386019,-2.092679688,0.02620848,2.092843797,1.40715116,0.03125,4.737498576,-0.042998438,0.001207592,0.043015392,0.003009,0.171875,4.852216425,0.048490625,0.00468167,0.048716104,0.04490382,0.03125,4.716961473,-0.017415625,0.003716316,0.017807723,0.02851822,0.171875,4.793655286,948.75,imbalance_forward_7,imbalance_forward,imbalance
-9.32414375,0.046619956,9.324260297,4.4694817,0.140625,4.670822018,0.410865625,0.023092377,0.411514058,1.09523264,0.140625,4.684197275,-2.102371875,0.032506535,2.102623165,2.16441328,0.140625,4.77198495,-0.042898438,0.001161423,0.042914157,0.00280768,0.390625,4.85848072,0.048321875,0.007687987,0.048929631,0.12104734,0.046875,4.604086852,-0.018040625,0.005571235,0.018881282,0.06358766,0.046875,4.645224447,1102.5,imbalance_forward_2,imbalance_forward,imbalance
-9.317114063,0.043051277,9.317213525,3.80182772,0.15625,4.747906453,0.414940625,0.028212042,0.415898595,1.6448347,0.125,4.703251103,-2.090660938,0.033295179,2.090926045,2.271278,0.125,4.766603093,-0.042739062,0.001134352,0.042754113,0.0027134,0.21875,4.831226919,0.049467187,0.006413293,0.049881189,0.08513804,0.1875,4.824938349,-0.018709375,0.005451712,0.01948748,0.06122806,0.21875,4.860209947,1177.5,imbalance_forward_4,imbalance_forward,imbalance
-9.321223438,0.052710888,9.321372475,5.6918936,0.0625,4.646144467,0.411770313,0.024523736,0.412499944,1.23698936,0.15625,4.766100583,-2.092679688,0.028976392,2.092880289,1.72213536,0.0625,4.650717482,-0.042796875,0.001615546,0.042827357,0.00535776,0.078125,4.791281603,0.048051563,0.007807328,0.048681691,0.12484468,0.015625,4.505938283,-0.017451563,0.006154901,0.01850513,0.0776236,0.046875,4.726757529,2452.5,imbalance_forward_1,imbalance_forward,imbalance
-9.315729688,0.042762387,9.315827834,3.7474048,0.15625,4.663534587,0.413145313,0.027785973,0.414078627,1.60862772,0.125,4.685239786,-2.088417188,0.032049788,2.088663098,2.10396852,0.125,4.705641895,-0.042759375,0.000997296,0.042771004,0.00207222,0.1875,4.831649817,0.04856875,0.006370461,0.048984755,0.08372602,0.03125,4.762594326,-0.017990625,0.005452858,0.018798836,0.06108662,0.03125,4.836102034,1335,imbalance_forward_4,imbalance_forward,imbalance
-9.320325,0.019400226,9.320345191,0.78908192,0.1875,4.789929519,0.411503125,0.019999695,0.411988847,0.82056894,0.09375,4.804981456,-2.083435938,0.023377963,2.083567094,1.12139776,0.125,4.677470973,-0.042526563,0.001197816,0.042543428,0.00294944,0.28125,4.703803375,0.04673125,0.005187511,0.047018294,0.05513674,0.046875,4.681268431,-0.016082813,0.003350212,0.016428049,0.0231846,0.046875,4.671441184,3018.75,imbalance_forward_11,imbalance_forward,imbalance
-9.323995313,0.04330226,9.324095864,3.84110444,0.140625,4.693522159,0.412026563,0.024125708,0.412732284,1.19259904,0.140625,4.711613479,-2.105403125,0.031287382,2.105635586,2.0061712,0.140625,4.787037376,-0.04286875,0.001199723,0.042885534,0.00305434,0.21875,4.870077846,0.049001563,0.007567973,0.049582531,0.11746504,0.046875,4.725286658,-0.01825625,0.005475367,0.019059651,0.06140984,0.28125,4.616085206,1147.5,imbalance_forward_2,imbalance_forward,imbalance
-9.320292188,0.040538852,9.320380349,3.39155832,0.171875,4.736506773,0.41603125,0.0258909,0.416836107,1.37299818,0.140625,4.692288637,-2.092154688,0.02650504,2.092322574,1.4630212,0.046875,4.673525635,-0.042821875,0.0012453,0.042839978,0.0031848,0.171875,4.804061008,0.048809375,0.005586779,0.049128069,0.0641387,0.046875,4.729726029,-0.017851563,0.00419907,0.01833877,0.03638216,0.390625,4.711873626,1200,imbalance_forward_7,imbalance_forward,imbalance
-9.321079688,0.020319704,9.321101836,0.84673712,0.0625,4.764113207,0.417185938,0.018331853,0.41758851,0.6882564,0.015625,4.506131663,-2.095296875,0.029871098,2.095509789,1.82997216,0.015625,4.549074866,-0.042535937,0.001350737,0.042557379,0.0037366,0.109375,4.576557521,0.04781875,0.005491069,0.04813299,0.06182538,0.109375,4.475000211,-0.017192187,0.00321429,0.017490082,0.02116936,0.015625,4.436357455,1021.875,imbalance_forward_11,imbalance_forward,imbalance
-9.32534375,0.042061491,9.325438608,3.62354616,0.09375,4.629622418,0.411403125,0.025018199,0.412163125,1.28209758,0.0625,4.541346493,-2.0945875,0.030654973,2.094811811,1.9390116,0.0625,4.664606873,-0.042832813,0.001337798,0.042853699,0.00367216,0.09375,4.703044508,0.048560938,0.006381311,0.048978422,0.08340988,0.015625,4.520548889,-0.017782813,0.005692966,0.018671858,0.06637564,0.015625,4.526314323,2872.5,imbalance_forward_0,imbalance_forward,imbalance
-9.319957813,0.018870354,9.319976916,0.72945524,0.15625,4.692308767,0.415428125,0.01755474,0.415798865,0.63113278,0.015625,4.478539111,-2.09593125,0.029174019,2.096134282,1.74312664,0.046875,4.54153148,-0.04244375,0.001347205,0.042465125,0.00371992,0.109375,4.663811816,0.0478875,0.005481631,0.048200217,0.0615461,0.109375,4.395968103,-0.016834375,0.003431937,0.01718064,0.02412272,0.015625,4.384135405,1213.125,imbalance_forward_11,imbalance_forward,imbalance
-9.318760938,0.040044813,9.318846978,3.28425144,0.140625,4.72292453,0.415471875,0.02129274,0.416017139,0.92991774,0.140625,4.747513399,-2.09709375,0.032609771,2.097347275,2.18115034,0.140625,4.691787403,-0.0427625,0.001231044,0.042780216,0.0031517,0.171875,4.719978805,0.048535938,0.007120555,0.049055474,0.10401692,0.03125,4.596524646,-0.018282813,0.005170788,0.018999955,0.05476508,0.03125,4.671041521,1111.875,imbalance_forward_3,imbalance_forward,imbalance
-9.322496875,0.040980014,9.322586945,3.44709504,0.15625,4.730191449,0.40840625,0.031977599,0.409656236,2.11690138,0.140625,4.764746416,-2.099376563,0.032604902,2.099629737,2.17752764,0.0625,4.664791243,-0.042609375,0.001150913,0.042624916,0.00276896,0.03125,4.777151309,0.047370313,0.005531605,0.047692192,0.06291916,0.03125,4.582733963,-0.017285938,0.004369635,0.017829676,0.03910432,0.03125,4.647108469,2210.625,imbalance_forward_0,imbalance_forward,imbalance
-9.322240625,0.043162555,9.322340547,3.8275423,0.09375,4.718508596,0.411817187,0.025214682,0.412588386,1.3030066,0.0625,4.654739375,-2.093689063,0.028732539,2.093886207,1.691228,0.0625,4.618806121,-0.042626563,0.001337587,0.042647544,0.003665,0.078125,4.575639888,0.046623438,0.006643717,0.047094415,0.09054284,0.015625,4.574174908,-0.0172375,0.005877912,0.018212118,0.07077856,0.046875,4.61345762,3052.5,imbalance_forward_0,imbalance_forward,imbalance
-9.325903125,0.044614848,9.326009842,4.11052094,0.265625,4.766741208,0.4155125,0.022879272,0.416141921,1.0720512,0.140625,4.791910632,-2.091675,0.02824215,2.091865656,1.63529992,0.140625,4.832981545,-0.042915625,0.001055672,0.042928607,0.002284,0.4375,4.704645047,0.046409375,0.006723925,0.046893936,0.09307918,0.140625,4.81539185,-0.017014063,0.004636872,0.017634594,0.04404832,0.078125,4.776816692,1275,imbalance_forward_8,imbalance_forward,imbalance
-9.32309375,0.038672963,9.323173959,3.06298488,0.21875,4.824151193,0.413634375,0.025416906,0.414414545,1.32318496,0.140625,4.732614513,-2.091675,0.029296144,2.091880152,1.7664368,0.140625,4.800051963,-0.042898438,0.001097795,0.042912482,0.00249336,0.484375,4.825594236,0.047048438,0.006721537,0.047526146,0.09317832,0.03125,4.818361674,-0.017221875,0.004335085,0.017759109,0.03863248,0.046875,4.783908135,1657.5,imbalance_forward_9,imbalance_forward,imbalance
-9.319914063,0.047972019,9.320037524,4.71358852,0.140625,4.60398755,0.407457813,0.026419127,0.408313408,1.42973348,0.140625,4.666564512,-2.0947,0.029153237,2.094902862,1.74896456,0.03125,4.799609288,-0.04265625,0.001236158,0.042674158,0.0035328,0.5,4.705898018,0.046921875,0.00803888,0.047605524,0.13243102,0.140625,4.71391692,-0.016989063,0.005550989,0.017872933,0.0633682,0.03125,4.742861054,1186.875,imbalance_forward_1,imbalance_forward,imbalance
-9.321189063,0.029271606,9.321235024,1.76058116,0.265625,4.873086601,0.418875,0.024755378,0.41960588,1.25520776,0.15625,4.652829206,-2.095145312,0.02778793,2.09532958,1.5903936,0.03125,4.875361963,-0.043040625,0.001131332,0.043055491,0.00264048,0.234375,4.787014992,0.04856875,0.004373317,0.048765248,0.04004346,0.203125,4.815009971,-0.017842188,0.003230703,0.018132322,0.02148988,0.484375,4.782922836,1376.25,imbalance_forward_6,imbalance_forward,imbalance
-9.321223437,0.021617482,9.321248505,0.97628984,0.40625,4.840750185,0.415698438,0.023824229,0.416380577,1.16381044,0.09375,4.758271673,-2.092567188,0.021922235,2.092682016,0.99793196,0.125,4.812456913,-0.04264375,0.001161475,0.042659564,0.00276312,0.015625,4.786356798,0.046865625,0.003899768,0.047027598,0.0311887,0.046875,4.761105447,-0.01735625,0.003817266,0.01777107,0.0298449,0.03125,4.706160551,2118.75,imbalance_forward_10,imbalance_forward,imbalance
-9.3182,0.038123754,9.318277988,2.98347336,0.25,4.756831867,0.41306875,0.022677934,0.413690804,1.0843136,0.140625,4.817313693,-2.093132813,0.033835965,2.093406278,2.35429004,0.203125,4.840963443,-0.0427625,0.001159135,0.042778207,0.00284416,0.171875,4.781578541,0.048101563,0.007215402,0.04863972,0.10666816,0.03125,4.593172896,-0.01780625,0.004900219,0.018468207,0.049182,0.03125,4.722150038,802.5,imbalance_forward_2,imbalance_forward,imbalance
-9.318751563,0.027496574,9.318792129,1.54896852,0.375,4.721663406,0.4172375,0.037794144,0.418945735,2.93749458,0.03125,4.794416136,-2.098404688,0.025329562,2.098557557,1.32082576,0.15625,4.737191016,-0.042826563,0.0012642,0.042845217,0.00332016,0.28125,4.760610936,0.0470625,0.007239033,0.04761599,0.11258594,0.484375,4.708659841,-0.016885938,0.007768705,0.018587298,0.12497012,0.421875,4.741317934,892.5,imbalance_forward_10,imbalance_forward,imbalance
-9.3213375,0.040905644,9.321427254,3.4312036,0.265625,4.762801969,0.4139375,0.024423813,0.414657421,1.22168082,0.140625,4.716678395,-2.0914875,0.026685697,2.091657737,1.45853288,0.140625,4.812923701,-0.042929688,0.001148733,0.042945054,0.00271552,0.4375,4.80676954,0.046895312,0.006636698,0.047362602,0.09095456,0.234375,4.753795759,-0.017109375,0.004567676,0.017708596,0.04281328,0.28125,4.83824158,1481.25,imbalance_forward_8,imbalance_forward,imbalance
-9.320328125,0.041588398,9.320420911,3.5493623,0.265625,4.763015521,0.4147625,0.023362206,0.415419937,1.11781074,0.140625,4.745030701,-2.0909625,0.026781293,2.091134002,1.469306,0.140625,4.826364442,-0.0428875,0.00115603,0.042903078,0.00273896,0.4375,4.773317274,0.046601563,0.006540773,0.04705834,0.0883658,0.125,4.790933088,-0.016959375,0.004639394,0.017582502,0.04410288,0.328125,4.825193122,1440,imbalance_forward_8,imbalance_forward,imbalance
-9.3174125,0.017465175,9.317428869,0.62511522,0.078125,4.70635505,0.41835,0.015492892,0.418636778,0.49398898,0.015625,4.636898232,-2.092973438,0.029232694,2.093177575,1.75068704,0.015625,4.631830367,-0.042582813,0.001338791,0.042603853,0.0036906,0.109375,4.680240219,0.047432813,0.005716699,0.047776065,0.0669678,0.09375,4.442055293,-0.016489063,0.002941679,0.016749408,0.01772376,0.015625,4.492261668,1882.5,imbalance_forward_11,imbalance_forward,imbalance
-9.321826563,0.048866279,9.321954643,4.89137504,0.0625,4.628370959,0.411585938,0.024208398,0.41229726,1.20040568,0.109375,4.623404114,-2.093428125,0.029093075,2.093630273,1.735376,0.0625,4.688047268,-0.042803125,0.001495302,0.042829236,0.00458256,0.078125,4.728316184,0.046635938,0.007062298,0.047167645,0.10215376,0.015625,4.480543059,-0.016659375,0.005870842,0.017663566,0.07063406,0.046875,4.718609442,2900.625,imbalance_forward_0,imbalance_forward,imbalance
-9.31950625,0.019161125,9.319525948,0.75265018,0.1875,4.807509182,0.416103125,0.017532782,0.416472339,0.6330632,0.125,4.819518296,-2.089348438,0.026374633,2.089514899,1.42616136,0.046875,4.637212168,-0.042648438,0.001348262,0.042669744,0.003726,0.09375,4.687450223,0.04686875,0.005498178,0.047190144,0.06195514,0.09375,4.493242135,-0.016210938,0.002846331,0.016458921,0.0167632,0.015625,4.592598082,2358.75,imbalance_forward_11,imbalance_forward,imbalance
-9.320482813,0.02724693,9.320522638,1.53289152,0.15625,4.796001965,0.419132813,0.0250849,0.419882801,1.29767312,0.03125,4.7769703,-2.093092188,0.023487013,2.09322396,1.13901988,0.171875,4.788023743,-0.042964063,0.001277004,0.042983036,0.00334288,0.046875,4.872856202,0.048009375,0.004551192,0.048224614,0.04244686,0.078125,4.720205965,-0.017054688,0.003660598,0.017443117,0.0274434,0.046875,4.681502337,1657.5,imbalance_forward_13,imbalance_forward,imbalance
-9.320332813,0.039222634,9.320415342,3.1699408,0.140625,4.692857271,0.41531875,0.02147911,0.415873798,0.95892762,0.171875,4.760069223,-2.0953,0.031329494,2.09553421,2.01388616,0.140625,4.774663314,-0.0427,0.001215525,0.042717297,0.00322194,0.171875,4.713894631,0.0493875,0.006626262,0.049830036,0.09037826,0.140625,4.67105303,-0.0186125,0.004538258,0.019157791,0.04225458,0.03125,4.75665215,946.875,imbalance_forward_3,imbalance_forward,imbalance
-9.31736875,0.05649071,9.317539999,6.53910616,0.140625,4.553320574,0.40608125,0.025584443,0.406886403,1.34538776,0.15625,4.735367437,-2.091595313,0.028090337,2.091783932,1.61913764,0.0625,4.84878916,-0.042921875,0.001483078,0.04294749,0.00455264,0.1875,4.806882982,0.046128125,0.008001142,0.046816901,0.1311312,0.046875,4.605374816,-0.01770625,0.006552883,0.018879925,0.08806026,0.046875,4.727421357,1845,imbalance_forward_1,imbalance_forward,imbalance
-9.313592188,0.038420268,9.313671432,3.0233828,0.25,4.714780504,0.411390625,0.028850269,0.412400999,1.74377232,0.125,4.77883681,-2.089760938,0.032198295,2.090008973,2.13038748,0.09375,4.859768394,-0.04273125,0.001039663,0.042743896,0.00221706,0.21875,4.779823046,0.048429688,0.006727803,0.048894764,0.09363676,0.09375,4.780738363,-0.018135938,0.005675478,0.019003244,0.06611788,0.03125,4.815016823,1905,imbalance_forward_5,imbalance_forward,imbalance
-9.319846875,0.0265253,9.319884622,1.44446672,0.15625,4.694838362,0.418346875,0.024686699,0.419074625,1.2520263,0.03125,4.802166057,-2.093017188,0.023500117,2.093149111,1.15363988,0.171875,4.798734774,-0.042951563,0.001285374,0.042970791,0.00338848,0.203125,4.838723051,0.047996875,0.004549552,0.048212015,0.0424424,0.078125,4.733330205,-0.0172375,0.003826817,0.017657178,0.0300525,0.046875,4.726256516,1620,imbalance_forward_12,imbalance_forward,imbalance
-9.319471875,0.026253592,9.319508854,1.41192944,0.125,4.721753298,0.419282813,0.023883772,0.419962512,1.1689834,0.03125,4.790536235,-2.094515625,0.023559235,2.094648119,1.16702416,0.40625,4.766684321,-0.042909375,0.001176425,0.042925499,0.00285238,0.234375,4.83815418,0.047796875,0.004410462,0.047999932,0.03989638,0.03125,4.689917738,-0.017479688,0.003287865,0.017786217,0.0223832,0.046875,4.816791644,1464.375,imbalance_forward_12,imbalance_forward,imbalance
-9.316771875,0.035335461,9.316838883,2.58520672,0.375,4.751278561,0.417415625,0.038240134,0.419163586,3.08554454,0.140625,4.816196556,-2.094440625,0.033343762,2.094706027,2.34228464,0.171875,4.788240313,-0.042840625,0.001459743,0.042865487,0.0047616,0.5,4.790039934,0.046807813,0.007879885,0.04746645,0.14180324,0.5,4.765546625,-0.017201563,0.007782623,0.018880227,0.13250876,0.421875,4.770259717,1267.5,imbalance_forward_9,imbalance_forward,imbalance
-9.318834375,0.043043819,9.318933784,3.80164976,0.140625,4.589149392,0.414014063,0.022229864,0.414610433,1.0189568,0.140625,4.798012357,-2.09683125,0.032173241,2.097078064,2.12798506,0.140625,4.669206965,-0.04273125,0.001175116,0.042747405,0.0028396,0.171875,4.634898452,0.048957813,0.007195784,0.049483803,0.10634416,0.03125,4.42758661,-0.018345313,0.00515391,0.019055532,0.05446672,0.03125,4.638063577,1141.875,imbalance_forward_3,imbalance_forward,imbalance
-9.321225,0.035483702,9.321292539,2.589634,0.171875,4.829588244,0.4171125,0.035003819,0.418578672,2.596042,0.03125,4.738839069,-2.094510938,0.031286504,2.094744594,2.02347388,0.078125,4.832162873,-0.042796875,0.001302518,0.042816691,0.00354654,0.484375,4.727624775,0.046459375,0.005657537,0.046802577,0.07015982,0.5,4.720076803,-0.01650625,0.005737401,0.017474955,0.07148362,0.5,4.879093697,1627.5,imbalance_forward_9,imbalance_forward,imbalance
-9.321828125,0.047276882,9.32194801,4.57759582,0.0625,4.65999158,0.408746875,0.023548062,0.40942462,1.13563902,0.015625,4.487675425,-2.091782813,0.029775989,2.091994729,1.8161882,0.0625,4.630797382,-0.042779688,0.001457543,0.04280451,0.00436284,0.078125,4.714005422,0.046445313,0.006900836,0.046955176,0.09752916,0.015625,4.453103184,-0.0163375,0.005547959,0.017253804,0.0630933,0.015625,4.722710489,3046.875,imbalance_forward_0,imbalance_forward,imbalance
-9.319425,0.053145749,9.319576536,5.79171584,0.140625,4.562252088,0.4067125,0.025446651,0.407507779,1.33451778,0.15625,4.833730757,-2.091521875,0.029301432,2.091727116,1.76146406,0.03125,4.837243308,-0.042742188,0.001468397,0.042767403,0.00451812,0.1875,4.791638501,0.045371875,0.008006198,0.046072836,0.13213216,0.0625,4.721354392,-0.016707813,0.005594342,0.017619525,0.06419496,0.0625,4.795756496,1571.25,imbalance_forward_1,imbalance_forward,imbalance
-9.319732813,0.040322133,9.31982004,3.33116888,0.140625,4.669322649,0.411910937,0.021350425,0.412463891,0.9464418,0.140625,4.79050676,-2.094965625,0.034331924,2.095246919,2.46603862,0.203125,4.770106428,-0.042760938,0.001165871,0.042776828,0.0028644,0.171875,4.793878742,0.048425,0.007354994,0.048980369,0.1108704,0.03125,4.602287866,-0.0179125,0.005015865,0.01860152,0.05154466,0.03125,4.679612657,847.5,imbalance_forward_2,imbalance_forward,imbalance
-9.31845625,0.03910712,9.318538311,3.1438784,0.171875,4.739847156,0.417754687,0.025485712,0.418531361,1.33022232,0.140625,4.693944717,-2.093651563,0.027267569,2.09382912,1.526861,0.046875,4.716277342,-0.042870313,0.001221638,0.042887715,0.00305656,0.171875,4.75303811,0.04855,0.005636322,0.048876074,0.06527744,0.171875,4.721623528,-0.017517188,0.004167154,0.018006028,0.03564968,0.390625,4.722597453,1237.5,imbalance_forward_7,imbalance_forward,imbalance
-9.32059375,0.041922845,9.320688031,3.626416,0.140625,4.572571822,0.414796875,0.022621353,0.415413256,1.07446406,0.171875,4.767261964,-2.097134375,0.031781162,2.097375176,2.06856942,0.140625,4.752525139,-0.042782812,0.001165997,0.042798699,0.00286,0.171875,4.735972323,0.048875,0.007016031,0.049376009,0.10150408,0.03125,4.675058065,-0.01834375,0.004754533,0.018949901,0.04630592,0.03125,4.74970439,1003.125,imbalance_forward_3,imbalance_forward,imbalance
-9.319617187,0.03553444,9.319684931,2.59963128,0.15625,4.746331241,0.420559375,0.023677427,0.421225365,1.15474038,0.03125,4.806719098,-2.095971875,0.025006621,2.096121044,1.28069056,0.109375,4.702712681,-0.043078125,0.001341462,0.043099007,0.0036855,0.046875,4.766579128,0.048170313,0.005389738,0.048470901,0.05962904,0.15625,4.701035104,-0.0181625,0.004762369,0.01877649,0.04657064,0.03125,4.743339496,2160,imbalance_forward_13,imbalance_forward,imbalance
-9.318903125,0.046607111,9.319019674,4.46050878,0.140625,4.669617232,0.40850625,0.025782715,0.409319074,1.36648504,0.140625,4.716577443,-2.094475,0.029116844,2.094677378,1.74342728,0.03125,4.803049083,-0.042690625,0.001271161,0.042709546,0.00371254,0.5,4.729283911,0.04695625,0.008037468,0.047639168,0.13250666,0.140625,4.717502768,-0.017201563,0.005530639,0.018068805,0.0627938,0.03125,4.747576808,1213.125,imbalance_forward_1,imbalance_forward,imbalance
-9.318685938,0.043930154,9.318789485,3.95740012,0.15625,4.658121426,0.416145313,0.022843687,0.416771826,1.07035776,0.125,4.797720269,-2.09795625,0.033899861,2.098230118,2.35370058,0.125,4.74518892,-0.042864063,0.001134318,0.042879069,0.00264124,0.171875,4.784113375,0.049075,0.006169203,0.049461244,0.07837128,0.15625,4.690446693,-0.018709375,0.004980265,0.019360882,0.05087854,0.03125,4.79636208,905.625,imbalance_forward_4,imbalance_forward,imbalance
-9.321265625,0.047763549,9.321387998,4.67855776,0.0625,4.686374783,0.411775,0.023643379,0.412453222,1.14533792,0.109375,4.564618725,-2.093353125,0.029129377,2.093555785,1.73805344,0.0625,4.702592786,-0.042782813,0.001500891,0.042809131,0.00461372,0.078125,4.711405196,0.04645,0.007070162,0.046984994,0.10238098,0.015625,4.465395143,-0.016689062,0.005847706,0.017683904,0.07013212,0.046875,4.722292649,2949.375,imbalance_forward_0,imbalance_forward,imbalance
-9.3284125,0.04169187,9.328505667,3.56210274,0.09375,4.6780773,0.411890625,0.025169567,0.412658932,1.29743406,0.0625,4.576599811,-2.096007813,0.029937729,2.096221605,1.83578716,0.0625,4.552429941,-0.04271875,0.001352645,0.04274016,0.00374744,0.078125,4.559529914,0.04778125,0.006630207,0.048239066,0.09013304,0.015625,4.515329185,-0.0176,0.005725928,0.018508005,0.06718496,0.015625,4.641040584,2962.5,imbalance_forward_0,imbalance_forward,imbalance
-9.324067187,0.048977383,9.324195821,4.91604724,0.140625,4.552106478,0.409404688,0.027226363,0.410308997,1.51813088,0.140625,4.71420585,-2.096684375,0.034049831,2.096960839,2.3771856,0.140625,4.774567987,-0.042828125,0.001203961,0.042845044,0.00319334,0.1875,4.771548653,0.046259375,0.008075343,0.046958928,0.13377718,0.140625,4.631161802,-0.016942188,0.005753309,0.017892408,0.0678922,0.046875,4.619329052,1278.75,imbalance_forward_2,imbalance_forward,imbalance
-9.31513125,0.046371869,9.315246672,4.44306138,0.140625,4.844833612,0.413639063,0.024508459,0.4143645,1.24307328,0.140625,4.718077393,-2.090364063,0.029961451,2.090578772,1.8410366,0.265625,4.753523691,-0.042878125,0.001228371,0.042895717,0.00311334,0.484375,4.820618467,0.047925,0.006599077,0.0483772,0.0893589,0.046875,4.801147207,-0.01740625,0.00450128,0.01797885,0.04153432,0.046875,4.879056198,1046.25,imbalance_forward_8,imbalance_forward,imbalance
-9.322125,0.024398354,9.322156928,1.22466632,0.15625,4.72289425,0.420889063,0.021500415,0.421437861,0.951077,0.03125,4.719910208,-2.09448125,0.023904405,2.094617657,1.18854808,0.078125,4.826051587,-0.04284375,0.001234134,0.042861521,0.003182,0.234375,4.854186302,0.04801875,0.004113996,0.048194661,0.03467032,0.046875,4.710097734,-0.017045313,0.003226934,0.017348077,0.02146548,0.03125,4.747851383,1220.625,imbalance_forward_12,imbalance_forward,imbalance
-9.3205125,0.051284143,9.320653589,5.39218002,0.0625,4.622808341,0.411995313,0.024239047,0.412707728,1.20409252,0.15625,4.685227554,-2.091145313,0.027793805,2.091330011,1.58385304,0.0625,4.646795021,-0.0427875,0.001604048,0.042817556,0.00529122,0.078125,4.780099091,0.047376563,0.007424868,0.047954847,0.11291864,0.0625,4.515083452,-0.016945312,0.006004163,0.017977586,0.07383796,0.078125,4.681429371,2587.5,imbalance_forward_0,imbalance_forward,imbalance
-9.32433125,0.044359891,9.324436769,4.0321409,0.140625,4.722691133,0.410751563,0.022346616,0.411358988,1.02565376,0.140625,4.765268945,-2.096909375,0.033365657,2.097174812,2.2987115,0.03125,4.739788356,-0.042921875,0.001132264,0.042936807,0.00264606,0.4375,4.88455036,0.047795313,0.00764911,0.04840352,0.1198574,0.03125,4.612415846,-0.017126563,0.005262195,0.017916748,0.0568968,0.03125,4.663571469,990,imbalance_forward_2,imbalance_forward,imbalance
-9.319095313,0.018764756,9.319114205,0.72120452,0.15625,4.709591152,0.415428125,0.017508538,0.415796917,0.62788414,0.015625,4.540010643,-2.093760938,0.028248482,2.093951489,1.63448752,0.015625,4.609100908,-0.042498438,0.001326826,0.042519145,0.00360908,0.109375,4.683668891,0.04769375,0.005623274,0.048024109,0.06476824,0.09375,4.337127447,-0.016834375,0.00343262,0.017180776,0.02413166,0.015625,4.367274874,1357.5,imbalance_forward_11,imbalance_forward,imbalance
-9.311684375,0.03375376,9.311745552,2.35926624,0.140625,4.78441714,0.408328125,0.026634678,0.409195875,1.46979166,0.359375,4.827934095,-2.091707813,0.029534023,2.091916306,1.80660608,0.09375,4.79390085,-0.042742188,0.001167637,0.042758133,0.0028318,0.484375,4.820643784,0.048579687,0.005945749,0.04894219,0.0735194,0.03125,4.795060454,-0.018395313,0.005426395,0.01917898,0.06086604,0.03125,4.81966609,2058.75,imbalance_forward_5,imbalance_forward,imbalance
-9.317975,0.038589154,9.318054906,3.05123602,0.25,4.718044236,0.412096875,0.022560703,0.412713968,1.07714438,0.0625,4.818528655,-2.092010938,0.033060305,2.092272149,2.24254404,0.03125,4.828775252,-0.042757813,0.001165494,0.042773694,0.00286516,0.171875,4.780805237,0.048378125,0.007317263,0.048928369,0.10965542,0.03125,4.607284346,-0.01784375,0.004877015,0.018498235,0.04872792,0.03125,4.720288415,798.75,imbalance_forward_2,imbalance_forward,imbalance
-9.320815625,0.02892767,9.320860514,1.71860864,0.140625,4.841747743,0.418503125,0.023164136,0.419143702,1.10100958,0.125,4.784319354,-2.094625,0.028087525,2.094813309,1.63686258,0.03125,4.837557287,-0.043070313,0.001059139,0.043083333,0.00246484,0.5,4.803373108,0.048117188,0.004469674,0.048324339,0.04097652,0.03125,4.806469422,-0.017364063,0.003158093,0.017648916,0.02211364,0.5,4.812917872,825,imbalance_forward_7,imbalance_forward,imbalance
-9.31856875,0.035471136,9.31863626,2.5920393,0.15625,4.731847458,0.416707813,0.024657867,0.417436715,1.25208496,0.03125,4.803061447,-2.094103125,0.024817037,2.094250172,1.26641342,0.109375,4.687092259,-0.043039063,0.001303075,0.043058784,0.00347792,0.046875,4.735630372,0.047728125,0.005644313,0.048060714,0.06544976,0.15625,4.723401996,-0.017814063,0.005184106,0.018553053,0.05506956,0.03125,4.723717762,2430,imbalance_forward_13,imbalance_forward,imbalance
-9.314607813,0.043663784,9.314710153,3.91199512,0.15625,4.736103963,0.415239063,0.027247572,0.416132081,1.54261008,0.125,4.741266661,-2.091523438,0.03447402,2.091807531,2.43479032,0.125,4.763757466,-0.042720312,0.001123774,0.042735091,0.00272916,0.21875,4.742585264,0.049734375,0.006411981,0.050146002,0.08464448,0.1875,4.801149402,-0.0189875,0.005317145,0.019717941,0.0587664,0.21875,4.819136134,1140,imbalance_forward_4,imbalance_forward,imbalance
-9.320734375,0.018211073,9.320752166,0.68662288,0.1875,4.849087612,0.411167188,0.019910684,0.411648991,0.8129438,0.09375,4.833960612,-2.08560625,0.023235687,2.08573568,1.10636458,0.046875,4.623419846,-0.042525,0.001133441,0.042540102,0.00263112,0.015625,4.772503542,0.0467375,0.004760269,0.046979294,0.0464485,0.046875,4.725277537,-0.016126563,0.003398862,0.016480846,0.02376416,0.046875,4.666687155,3033.75,imbalance_forward_11,imbalance_forward,imbalance
-9.3183125,0.044088443,9.318416799,3.9973728,0.265625,4.83487056,0.412782813,0.024745268,0.413523855,1.2547818,0.140625,4.769234851,-2.08905625,0.028599666,2.089252009,1.67521738,0.140625,4.771714026,-0.042882813,0.001175871,0.042898931,0.00283436,0.484375,4.769648845,0.0472875,0.006498401,0.047731927,0.08650344,0.046875,4.763441665,-0.017465625,0.004492188,0.018034074,0.04132886,0.03125,4.740909563,1012.5,imbalance_forward_8,imbalance_forward,imbalance
-9.318984375,0.029855141,9.319032198,1.83203222,0.15625,4.709896376,0.418946875,0.02472002,0.419675545,1.25231472,0.03125,4.654931966,-2.093801563,0.024140652,2.093940724,1.20009324,0.171875,4.760448841,-0.042971875,0.00132033,0.042992154,0.00358374,0.484375,4.882826675,0.048026562,0.004852198,0.048271053,0.04823076,0.15625,4.614475522,-0.017314063,0.003909758,0.017750013,0.0313202,0.046875,4.649704491,1770,imbalance_forward_13,imbalance_forward,imbalance
-9.32358125,0.038821748,9.323662073,3.089366,0.078125,4.732124956,0.409154688,0.024258542,0.409873194,1.2052258,0.0625,4.609168471,-2.09290625,0.030673563,2.093131013,1.92746778,0.046875,4.698992605,-0.042492188,0.001218388,0.042509651,0.0030714,0.015625,4.692581953,0.046896875,0.005300559,0.047195474,0.05764704,0.03125,4.550047815,-0.016740625,0.004289803,0.01728152,0.03768822,0.015625,4.634577758,2422.5,imbalance_forward_0,imbalance_forward,imbalance
-9.319910938,0.053956227,9.320067122,5.964096,0.140625,4.569517766,0.406675,0.025107052,0.407449285,1.29250912,0.15625,4.783338778,-2.0903625,0.028210091,2.090552843,1.6298173,0.0625,4.79676934,-0.0428125,0.001473781,0.042837859,0.0045549,0.1875,4.786398813,0.045396875,0.007853343,0.046071154,0.1264352,0.0625,4.586782018,-0.016634375,0.005568809,0.01754178,0.0635659,0.0625,4.786040509,1642.5,imbalance_forward_1,imbalance_forward,imbalance
-9.313895313,0.043220674,9.313995594,3.85907812,0.15625,4.760640002,0.41456875,0.026880493,0.415439297,1.48639424,0.125,4.675918508,-2.088904688,0.03484628,2.089195313,2.490745,0.125,4.752208541,-0.042767188,0.00110015,0.042781335,0.0025258,0.21875,4.76286645,0.049364063,0.006616418,0.049805498,0.09037348,0.1875,4.784731754,-0.018328125,0.005410796,0.019110125,0.06026128,0.21875,4.767500861,1065,imbalance_forward_4,imbalance_forward,imbalance
-9.318420313,0.035537644,9.318488077,2.59931664,0.15625,4.738418688,0.41745625,0.024656622,0.418183775,1.25139648,0.03125,4.774613117,-2.094701563,0.02470715,2.094847269,1.25158704,0.109375,4.674878247,-0.043046875,0.001303717,0.043066613,0.00348256,0.046875,4.767642616,0.0478875,0.005551928,0.048208262,0.06346536,0.15625,4.680357437,-0.01811875,0.004919123,0.018774634,0.04965226,0.03125,4.804718036,2362.5,imbalance_forward_13,imbalance_forward,imbalance
-9.319020313,0.018369525,9.319038417,0.6912154,0.15625,4.669641549,0.415503125,0.017610765,0.415876167,0.6353059,0.015625,4.576492411,-2.094432813,0.02806841,2.094620883,1.61371852,0.015625,4.613519847,-0.042510938,0.001323952,0.042531549,0.00359164,0.109375,4.60916054,0.047623438,0.005666699,0.047959392,0.06576444,0.09375,4.309909329,-0.016921875,0.00338219,0.017256566,0.02344798,0.015625,4.431998058,1432.5,imbalance_forward_11,imbalance_forward,imbalance
-9.32021875,0.045405134,9.320329349,4.2502476,0.265625,4.750980633,0.413789063,0.025964754,0.41460289,1.38118688,0.140625,4.794776528,-2.09175,0.029144302,2.091953024,1.74135136,0.140625,4.802986293,-0.042904688,0.001155615,0.042920248,0.0027354,0.484375,4.737622846,0.047479688,0.006740159,0.047955714,0.09331624,0.140625,4.72472947,-0.017671875,0.004635544,0.018269741,0.04401248,0.046875,4.788647678,1068.75,imbalance_forward_8,imbalance_forward,imbalance
-9.3282625,0.041788315,9.3283561,3.57799458,0.09375,4.671564373,0.411628125,0.024977555,0.412385247,1.2783507,0.0625,4.567097845,-2.095671875,0.030624691,2.095895627,1.92407424,0.0625,4.648166379,-0.042765625,0.001395441,0.042788386,0.00398926,0.09375,4.588888891,0.048260938,0.00660664,0.048711044,0.08947628,0.015625,4.504558308,-0.017729688,0.005636563,0.018604103,0.0650668,0.015625,4.535054074,2917.5,imbalance_forward_0,imbalance_forward,imbalance
-9.323171875,0.02121862,9.323196021,0.92980838,0.15625,4.764029026,0.418570313,0.02311313,0.419207971,1.09718856,0.03125,4.67042235,-2.09384375,0.023720092,2.093978102,1.17596728,0.078125,4.830736594,-0.042864063,0.001234323,0.042881831,0.00316348,0.234375,4.847048327,0.047801563,0.003577031,0.047935212,0.02631252,0.03125,4.681888422,-0.016990625,0.003178921,0.017285453,0.02069614,0.03125,4.694063827,1156.875,imbalance_forward_12,imbalance_forward,imbalance
-9.320145313,0.042386893,9.320241697,3.6876138,0.140625,4.619458055,0.415545313,0.022391279,0.416148142,1.05327744,0.140625,4.76463564,-2.097059375,0.031994715,2.097303432,2.09660046,0.140625,4.757887021,-0.042809375,0.0011711,0.04282539,0.0028784,0.171875,4.708763837,0.048395313,0.007057829,0.048907251,0.10251304,0.140625,4.584061265,-0.01810625,0.00495681,0.018772487,0.05032,0.03125,4.69807003,1021.875,imbalance_forward_3,imbalance_forward,imbalance
-9.320407813,0.026299229,9.320444916,1.42020472,0.125,4.674830077,0.41973125,0.023192394,0.420371514,1.1053081,0.03125,4.793941185,-2.094479688,0.024188667,2.094619358,1.21387908,0.078125,4.810543349,-0.042821875,0.001215842,0.042839132,0.00307168,0.203125,4.850976774,0.047832813,0.004266734,0.048022734,0.037305,0.1875,4.680621115,-0.017345313,0.00335065,0.017665976,0.02314224,0.046875,4.776923934,1366.875,imbalance_forward_12,imbalance_forward,imbalance
-9.3219,0.040057139,9.321986064,3.2912285,0.1875,4.747538746,0.409042188,0.026837938,0.409921683,1.47769352,0.0625,4.58569007,-2.094925,0.031192292,2.095157205,1.99353608,0.046875,4.68939091,-0.042604687,0.001161146,0.042620507,0.00284444,0.03125,4.745275247,0.04669375,0.005247942,0.046987734,0.05644426,0.03125,4.57962066,-0.017148438,0.004155267,0.017644692,0.03536392,0.03125,4.649923207,2332.5,imbalance_forward_0,imbalance_forward,imbalance
-9.327065625,0.042909422,9.327164327,3.78255062,0.09375,4.736988285,0.412603125,0.025208735,0.413372494,1.30148958,0.0625,4.572679703,-2.094623438,0.028738056,2.09482057,1.6918056,0.0625,4.611007111,-0.042651563,0.001313154,0.042671772,0.00353572,0.078125,4.68909038,0.047198438,0.006604059,0.047658222,0.08951468,0.015625,4.577788214,-0.017407812,0.005827556,0.018357351,0.06956104,0.015625,4.604441128,3007.5,imbalance_forward_0,imbalance_forward,imbalance
-9.31250625,0.038448894,9.312585622,3.04127274,0.1875,4.794332755,0.411801563,0.028458091,0.412783708,1.671034,0.25,4.776129666,-2.089351563,0.033382597,2.089618231,2.28470184,0.09375,4.817940188,-0.042748438,0.001070046,0.042761828,0.0023476,0.484375,4.821947759,0.048735938,0.006742597,0.049200144,0.09598784,0.203125,4.856012785,-0.018246875,0.005397568,0.019028457,0.0605479,0.03125,4.826474513,2028.75,imbalance_forward_5,imbalance_forward,imbalance
-9.320660938,0.045925162,9.320774079,4.3204958,0.140625,4.644786193,0.408657813,0.02617707,0.409495356,1.41304388,0.140625,4.766370678,-2.097767188,0.031001502,2.09799625,1.9697074,0.140625,4.825798235,-0.042832813,0.001209862,0.042849896,0.0032882,0.5,4.838531526,0.047971875,0.007547836,0.048562029,0.11693872,0.140625,4.745788787,-0.017789063,0.005269847,0.018553222,0.0569068,0.03125,4.770303803,1278.75,imbalance_forward_1,imbalance_forward,imbalance
-9.31804375,0.035128936,9.318109968,2.5480041,0.109375,4.809139659,0.417790625,0.038093707,0.419523702,3.04525984,0.140625,4.804365469,-2.094664062,0.033233555,2.094927685,2.31261032,0.171875,4.781976436,-0.042820313,0.001436051,0.042844386,0.00467648,0.5,4.775655642,0.04668125,0.007937842,0.04735133,0.1411488,0.5,4.749445559,-0.0171375,0.007723048,0.018797324,0.1304229,0.421875,4.750390567,1177.5,imbalance_forward_9,imbalance_forward,imbalance
-9.3200625,0.018382809,9.320080629,0.70201634,0.1875,4.765122485,0.412178125,0.02013251,0.41266951,0.83382366,0.09375,4.802219207,-2.085045313,0.023543974,2.085178236,1.1385822,0.046875,4.705538297,-0.042471875,0.001139966,0.042487171,0.00266144,0.015625,4.727923527,0.047034375,0.005046633,0.047304344,0.052172,0.046875,4.644144497,-0.016092188,0.003388552,0.016445084,0.02358652,0.046875,4.665464824,3026.25,imbalance_forward_11,imbalance_forward,imbalance
-9.32298125,0.049034608,9.323110199,4.92422378,0.140625,4.607850244,0.407757813,0.026331171,0.408607103,1.42410884,0.140625,4.780337637,-2.097507813,0.034219212,2.097786924,2.39875916,0.140625,4.791673391,-0.042807813,0.001168239,0.04282375,0.00308548,0.5,4.836858834,0.047539063,0.008108572,0.04822563,0.13468348,0.140625,4.718016391,-0.017871875,0.005616228,0.018733551,0.06508478,0.03125,4.800888661,1278.75,imbalance_forward_1,imbalance_forward,imbalance
-9.317751563,0.03615099,9.317821691,2.67734728,0.265625,4.681725201,0.414157812,0.021166349,0.414698334,0.93828016,0.171875,4.793926543,-2.090810937,0.031270544,2.091044768,2.00267372,0.125,4.707644469,-0.04265625,0.001160936,0.042672045,0.00293322,0.171875,4.677349106,0.048779688,0.007026049,0.049283093,0.10120252,0.03125,4.692626327,-0.0181875,0.004697922,0.018784452,0.0452676,0.03125,4.641553193,890.625,imbalance_forward_3,imbalance_forward,imbalance
-9.322275,0.045395739,9.322385529,4.25767328,0.265625,4.770515962,0.413751563,0.025899783,0.4145614,1.37546048,0.140625,4.793268937,-2.092496875,0.028751125,2.092694387,1.69341296,0.140625,4.827814706,-0.042926563,0.001126976,0.042941354,0.00260172,0.484375,4.752480226,0.047351563,0.006707971,0.047824338,0.09232472,0.140625,4.728937791,-0.017603125,0.004700631,0.018219932,0.04526128,0.28125,4.803241958,1151.25,imbalance_forward_8,imbalance_forward,imbalance
-9.321298438,0.020434266,9.321320836,0.86759592,0.1875,4.808472945,0.411801563,0.019568234,0.412266228,0.79322976,0.09375,4.832200494,-2.083025,0.02353818,2.083157986,1.13469858,0.125,4.580752473,-0.042623438,0.001235003,0.042641326,0.00312912,0.03125,4.780629905,0.04634375,0.005386728,0.046655761,0.05943098,0.09375,4.610122343,-0.015867187,0.002985384,0.016145592,0.01854324,0.046875,4.578539786,3011.25,imbalance_forward_11,imbalance_forward,imbalance
-9.321373438,0.050912597,9.321512477,5.30999424,0.0625,4.580605206,0.410051563,0.023991567,0.41075282,1.17916504,0.0625,4.65278681,-2.089315625,0.027160646,2.089492159,1.51304214,0.0625,4.664941384,-0.04273125,0.001590487,0.042760839,0.00519754,0.078125,4.801513803,0.046939063,0.007378466,0.047515443,0.11152484,0.015625,4.585771718,-0.016832813,0.005992471,0.01786766,0.07354528,0.078125,4.680883173,2722.5,imbalance_forward_0,imbalance_forward,imbalance
-9.318198438,0.044613337,9.318305236,4.07626168,0.15625,4.609035502,0.414909375,0.022519878,0.415520077,1.0455007,0.125,4.706534504,-2.094253125,0.035298101,2.094550574,2.55200574,0.125,4.744083859,-0.04283125,0.001123315,0.042845978,0.00258666,0.171875,4.790528755,0.048609375,0.006205887,0.049003922,0.0790552,0.15625,4.671820122,-0.018215625,0.004983385,0.018884997,0.05090448,0.046875,4.851369473,916.875,imbalance_forward_4,imbalance_forward,imbalance
-9.322125,0.023751921,9.322155259,1.16094146,0.15625,4.854943838,0.415314063,0.022089087,0.415901068,1.00344392,0.140625,4.529557877,-2.0898,0.027665959,2.089983121,1.58044626,0.09375,4.858420391,-0.0428375,0.001071141,0.04285089,0.00236898,0.234375,4.783341708,0.047901562,0.003884444,0.048058803,0.03144988,0.15625,4.699483772,-0.017396875,0.003200975,0.017688909,0.02103038,0.484375,4.763819953,2040,imbalance_forward_6,imbalance_forward,imbalance
-9.321973438,0.031959086,9.322028221,2.0922104,0.21875,4.810636451,0.417828125,0.024413389,0.418540745,1.22146814,0.125,4.759778829,-2.09545,0.027697196,2.09563304,1.59129234,0.03125,4.751501638,-0.04310625,0.001094,0.04312013,0.0024953,0.171875,4.866569723,0.048464063,0.004846757,0.048705815,0.04827712,0.03125,4.792186218,-0.01746875,0.003168294,0.017753741,0.02130298,0.03125,4.792235783,780,imbalance_forward_7,imbalance_forward,imbalance
-9.3220125,0.049818977,9.322145621,5.0882981,0.0625,4.643954415,0.412221875,0.023959011,0.412917556,1.17569406,0.109375,4.623104528,-2.093279688,0.028638486,2.093475582,1.6797046,0.0625,4.614866456,-0.042710938,0.00155434,0.042739211,0.00494804,0.078125,4.686838712,0.046553125,0.007172102,0.047102362,0.1053475,0.015625,4.482987728,-0.016751562,0.005882229,0.017754308,0.07087132,0.046875,4.693791874,2851.875,imbalance_forward_0,imbalance_forward,imbalance
-9.3216,0.034426212,9.321663571,2.43052898,0.09375,4.694435814,0.409190625,0.025277675,0.409970643,1.30877614,0.0625,4.604301103,-2.09256875,0.031663079,2.092808287,2.05599128,0.046875,4.609816237,-0.042585938,0.001187417,0.042602489,0.0028918,0.09375,4.606463491,0.047134375,0.005297028,0.047431085,0.0575983,0.03125,4.555826038,-0.01666875,0.004110234,0.01716803,0.03468874,0.015625,4.681673403,2512.5,imbalance_forward_0,imbalance_forward,imbalance
-9.315576563,0.03117997,9.315628743,2.03447028,0.140625,4.768705236,0.411246875,0.02787014,0.412190171,1.6176851,0.109375,4.783323005,-2.094139063,0.029862757,2.094351976,1.82762916,0.109375,4.699712393,-0.0426625,0.001150204,0.042678002,0.00273122,0.484375,4.819432379,0.048223437,0.005655687,0.048553957,0.06670456,0.15625,4.832415354,-0.018128125,0.005060647,0.01882124,0.0528472,0.03125,4.791875246,2036.25,imbalance_forward_5,imbalance_forward,imbalance
-9.321789062,0.018634847,9.321807689,0.71599524,0.25,4.740294654,0.4157625,0.01967629,0.416227838,0.7979364,0.03125,4.681370898,-2.096570313,0.026266838,2.096734848,1.4332316,0.03125,4.763171057,-0.042629688,0.001068246,0.04264307,0.0023372,0.15625,4.72085043,0.04821875,0.00363627,0.048355665,0.02707992,0.03125,4.606134672,-0.017560938,0.003308824,0.017869942,0.02243416,0.03125,4.57278398,916.875,imbalance_forward_12,imbalance_forward,imbalance
-9.319173438,0.039481753,9.319257072,3.1924436,0.125,4.711990876,0.412171875,0.021649433,0.412740054,1.0068952,0.125,4.771002323,-2.087742188,0.031744034,2.087983507,2.06374632,0.125,4.719820935,-0.042657812,0.001161734,0.042673629,0.00293888,0.171875,4.673329914,0.048279688,0.007155247,0.048807026,0.1048712,0.046875,4.628170607,-0.017834375,0.004627676,0.018424992,0.04386928,0.046875,4.575685895,851.25,imbalance_forward_3,imbalance_forward,imbalance
-9.318007813,0.032352185,9.318063976,2.155318,0.171875,4.700766037,0.418245312,0.03665867,0.419848782,2.80067524,0.03125,4.858034102,-2.094142188,0.033280446,2.09440662,2.27579456,0.171875,4.742664914,-0.042851562,0.001337441,0.042872429,0.0043368,0.5,4.716935992,0.045785938,0.007194917,0.046347804,0.1146646,0.5,4.71981563,-0.016546875,0.007759208,0.018275787,0.13000528,0.421875,4.748432637,997.5,imbalance_forward_9,imbalance_forward,imbalance
-9.321415625,0.026476471,9.321453227,1.4425231,0.15625,4.638501184,0.420029688,0.022554799,0.420634827,1.05218128,0.03125,4.766538596,-2.094854688,0.023697705,2.094988721,1.16658948,0.078125,4.81575252,-0.042871875,0.001234335,0.04288964,0.00316448,0.234375,4.86362503,0.047798438,0.004299764,0.047991443,0.03790476,0.1875,4.697371073,-0.017251563,0.003416915,0.017586692,0.02397044,0.03125,4.726930544,1318.125,imbalance_forward_12,imbalance_forward,imbalance
-9.317564063,0.041867542,9.317658126,3.59654488,0.140625,4.680287315,0.4145,0.022510588,0.4151108,1.05437442,0.140625,4.754295326,-2.095635938,0.032350282,2.095885618,2.14414368,0.140625,4.706343894,-0.04279375,0.001166576,0.042809648,0.00282944,0.171875,4.701283413,0.048192188,0.00694958,0.048690693,0.099414,0.140625,4.587428921,-0.017998438,0.004890951,0.018651144,0.04899584,0.03125,4.682574411,1040.625,imbalance_forward_3,imbalance_forward,imbalance
-9.317639063,0.041031762,9.317729407,3.47556612,0.140625,4.662787496,0.414646875,0.022069365,0.415233775,1.01409088,0.171875,4.757595394,-2.096085938,0.030787948,2.096312037,1.94337476,0.140625,4.765387307,-0.042757813,0.001198281,0.0427746,0.00309732,0.171875,4.727521737,0.049107813,0.006969875,0.049599964,0.09957856,0.140625,4.651874908,-0.0185875,0.00453471,0.019132662,0.04211552,0.03125,4.767854905,965.625,imbalance_forward_3,imbalance_forward,imbalance
-9.319059375,0.045891713,9.319172371,4.31433136,0.15625,4.605279746,0.416142188,0.024933354,0.416888465,1.28490432,0.125,4.696480011,-2.093692187,0.036191031,2.094004959,2.70036864,0.125,4.795656086,-0.042889063,0.001132491,0.042904012,0.00263588,0.1875,4.828181315,0.048095313,0.006800378,0.048573699,0.09562168,0.15625,4.736813166,-0.017853125,0.005293982,0.018621501,0.05740286,0.046875,4.74953346,933.75,imbalance_forward_4,imbalance_forward,imbalance
-9.320554688,0.024987109,9.320588181,1.28530428,0.15625,4.865160387,0.41434375,0.020855342,0.414868278,0.8917097,0.140625,4.665656087,-2.089648438,0.026857925,2.089821031,1.4866644,0.09375,4.844850371,-0.042867188,0.00108571,0.042880934,0.00243152,0.234375,4.805694078,0.047692188,0.003931814,0.047853985,0.03197536,0.15625,4.750178014,-0.017507813,0.003275015,0.017811491,0.02196652,0.265625,4.742171161,2115,imbalance_forward_6,imbalance_forward,imbalance
-9.316923438,0.031208987,9.316975708,2.00470836,0.125,4.656877133,0.419329688,0.03580421,0.420855472,2.65826096,0.03125,4.866410447,-2.098965625,0.0283509,2.099157085,1.64869142,0.171875,4.75809905,-0.042860938,0.001373706,0.042882946,0.00415032,0.5,4.812188647,0.046421875,0.007229896,0.046981506,0.11377982,0.5,4.672450832,-0.017017188,0.007630685,0.018649719,0.12195076,0.421875,4.762829475,727.5,imbalance_forward_10,imbalance_forward,imbalance
-9.320621875,0.025819121,9.320657636,1.37181872,0.40625,4.682994444,0.4213875,0.034892767,0.422829671,2.49954464,0.09375,4.843825978,-2.094889063,0.025768677,2.095047543,1.36200276,0.15625,4.709203847,-0.042689063,0.001280273,0.042708256,0.00336988,0.40625,4.805234,0.046921875,0.007234584,0.047476326,0.11195358,0.484375,4.676919548,-0.017067188,0.007640927,0.018699536,0.12036596,0.40625,4.761969856,1541.25,imbalance_forward_10,imbalance_forward,imbalance
-9.321753125,0.026690096,9.321791335,1.45933054,0.078125,4.851478467,0.414875,0.027566698,0.415789837,1.55857984,0.125,4.783113987,-2.09226875,0.028900178,2.092468337,1.7242428,0.109375,4.827883938,-0.042865625,0.001249277,0.042883826,0.00321552,0.484375,4.804707193,0.04770625,0.004727442,0.04793991,0.04613466,0.15625,4.798397925,-0.017310937,0.004214192,0.017816508,0.0364914,0.484375,4.791317297,2527.5,imbalance_forward_6,imbalance_forward,imbalance
-9.319279688,0.03545376,9.319347126,2.5838916,0.15625,4.733183913,0.418614063,0.024615511,0.419337164,1.24809516,0.03125,4.756536936,-2.095298438,0.02463724,2.095443279,1.24427968,0.109375,4.688032781,-0.043085938,0.001341858,0.043106828,0.0036876,0.046875,4.759387743,0.048046875,0.005515999,0.048362469,0.06249726,0.15625,4.687250572,-0.018082813,0.004854848,0.018723185,0.04833656,0.03125,4.749893246,2227.5,imbalance_forward_13,imbalance_forward,imbalance
-9.32029375,0.019029146,9.320313176,0.74904,0.15625,4.85725229,0.416885937,0.019940316,0.417362554,0.8154652,0.03125,4.690387737,-2.099529688,0.02681926,2.099700974,1.47314132,0.078125,4.754569041,-0.04254375,0.00125323,0.042562204,0.00322906,0.109375,4.726570666,0.0483125,0.004363252,0.048509129,0.03934888,0.03125,4.698588865,-0.017990625,0.003177888,0.018269142,0.02068288,0.03125,4.553712294,826.875,imbalance_forward_12,imbalance_forward,imbalance
-9.317709375,0.031013977,9.31776099,1.98091446,0.171875,4.749213061,0.421614063,0.036006453,0.423148771,2.70977472,0.03125,4.851016342,-2.096684375,0.029847892,2.096896818,1.82462592,0.171875,4.771641989,-0.04290625,0.001372028,0.042928181,0.00425856,0.5,4.777308278,0.0459875,0.007188674,0.046545969,0.11543954,0.5,4.619444034,-0.01650625,0.007694232,0.018211466,0.12722826,0.421875,4.752819937,862.5,imbalance_forward_10,imbalance_forward,imbalance
-9.319685938,0.019533072,9.319706407,0.82464316,0.1875,4.82084786,0.4128125,0.019986757,0.413296057,0.81811794,0.09375,4.819561232,-2.089385938,0.021211199,2.089493602,0.92237196,0.015625,4.71778725,-0.042545313,0.001050287,0.042558274,0.00226028,0.015625,4.780219257,0.04685,0.004091034,0.047028279,0.0342933,0.046875,4.729912728,-0.016728125,0.003606308,0.017112441,0.0266487,0.046875,4.60316082,2868.75,imbalance_forward_11,imbalance_forward,imbalance
-9.3168125,0.031210978,9.316864778,2.02145832,0.15625,4.79607161,0.412446875,0.027893945,0.413389038,1.6087344,0.109375,4.809709756,-2.094698438,0.029572493,2.094907176,1.80507036,0.109375,4.741482802,-0.042748438,0.001178982,0.042764692,0.00285512,0.46875,4.799123659,0.047948437,0.005695941,0.048285571,0.0666468,0.15625,4.807975958,-0.018248438,0.005056709,0.018936097,0.05249124,0.03125,4.813180859,2006.25,imbalance_forward_5,imbalance_forward,imbalance
-9.322464063,0.026136106,9.3225007,1.39912016,0.4375,4.823186826,0.4145375,0.027499355,0.415448617,1.55267008,0.125,4.765097581,-2.09215625,0.027952375,2.092342971,1.60629082,0.109375,4.783465595,-0.042835938,0.001244534,0.042854013,0.00318132,0.484375,4.807760591,0.04776875,0.004760937,0.048005416,0.04679096,0.15625,4.777396377,-0.017367188,0.004238074,0.017876814,0.03694488,0.484375,4.78475874,2490,imbalance_forward_6,imbalance_forward,imbalance
-9.321042188,0.03996559,9.321127867,3.27130412,0.125,4.736768648,0.41389375,0.021882184,0.414471792,1.02912874,0.171875,4.794751521,-2.089051563,0.032502442,2.089304391,2.16706152,0.125,4.799859783,-0.042645313,0.001168724,0.042661324,0.0029954,0.171875,4.668396628,0.048659375,0.007174036,0.04918538,0.10563296,0.03125,4.666143986,-0.017917188,0.004665115,0.018514559,0.04471068,0.046875,4.651438474,871.875,imbalance_forward_3,imbalance_forward,imbalance
-9.320439063,0.035904233,9.320508217,2.6514606,0.15625,4.708344256,0.415323438,0.023241657,0.415973235,1.1099842,0.03125,4.777848136,-2.0955625,0.024825664,2.095709547,1.26402226,0.15625,4.745776888,-0.043076563,0.001327208,0.043097004,0.00361016,0.046875,4.732167225,0.047585938,0.005645985,0.04791971,0.06557,0.15625,4.76406766,-0.017685938,0.005192117,0.018432321,0.05555076,0.03125,4.75538999,2422.5,imbalance_forward_13,imbalance_forward,imbalance
-9.315354688,0.045371597,9.315465181,4.24995788,0.15625,4.608193268,0.414532813,0.027705223,0.415457618,1.59266804,0.125,4.708209059,-2.089803125,0.035584328,2.090106061,2.59361168,0.125,4.739952842,-0.042846875,0.00109015,0.042860741,0.00248798,0.3125,4.794238073,0.04853125,0.007093414,0.049046904,0.10384824,0.21875,4.718723843,-0.017882812,0.005627487,0.018747362,0.06506744,0.21875,4.74176349,1008.75,imbalance_forward_4,imbalance_forward,imbalance
-9.319503125,0.035293138,9.319569953,2.55323142,0.21875,4.713326983,0.417454688,0.025629554,0.418240708,1.35595064,0.140625,4.797656217,-2.095259375,0.026164233,2.09542273,1.40350592,0.046875,4.729055228,-0.043007813,0.00122746,0.043025325,0.00312524,0.171875,4.850859821,0.048948438,0.004929344,0.049196016,0.0498364,0.03125,4.727740561,-0.017576563,0.003963101,0.018017817,0.03219144,0.140625,4.843645905,1027.5,imbalance_forward_7,imbalance_forward,imbalance
-9.319396875,0.020338833,9.319419069,0.84927888,0.078125,4.801601027,0.415876563,0.017795828,0.41625714,0.6486108,0.015625,4.521794536,-2.09623125,0.029841539,2.096443648,1.82503978,0.046875,4.634408705,-0.04245625,0.001350448,0.042477722,0.00373496,0.109375,4.545286572,0.047873438,0.005518782,0.048190486,0.06237668,0.109375,4.354893578,-0.016929688,0.003373272,0.017262482,0.02330776,0.015625,4.379539358,1149.375,imbalance_forward_11,imbalance_forward,imbalance
-9.321004688,0.019133425,9.321024325,0.75345472,0.203125,4.781972118,0.417184375,0.021269324,0.41772621,0.92904598,0.03125,4.592327595,-2.09485,0.026092324,2.09501249,1.41749618,0.171875,4.730850175,-0.0426625,0.001077831,0.042676113,0.0023797,0.1875,4.757524278,0.048126563,0.003534572,0.048256183,0.02558788,0.03125,4.642577675,-0.01755625,0.003318032,0.017867044,0.02255162,0.03125,4.571652746,999.375,imbalance_forward_12,imbalance_forward,imbalance
-9.32448125,0.04437145,9.324586822,4.0466048,0.140625,4.688386519,0.410339063,0.02243404,0.410951861,1.03199504,0.140625,4.724078533,-2.096310938,0.033918308,2.096585319,2.37679032,0.03125,4.756766421,-0.042915625,0.001131263,0.042930533,0.00263662,0.4375,4.884944142,0.0474,0.007714556,0.048023686,0.12191906,0.03125,4.641262325,-0.017232813,0.00531957,0.018035178,0.0580934,0.03125,4.690389085,1012.5,imbalance_forward_2,imbalance_forward,imbalance
-9.322610938,0.025271409,9.32264519,1.31034436,0.125,4.699526916,0.420926562,0.02154518,0.421477598,0.955721,0.03125,4.724769794,-2.094742188,0.023827419,2.0948777,1.1805474,0.078125,4.824356245,-0.04285625,0.001238809,0.042874151,0.00317338,0.234375,4.851359238,0.047823438,0.004264671,0.048013213,0.03725004,0.1875,4.69134867,-0.017259375,0.003412418,0.017593482,0.02390646,0.03125,4.727643316,1269.375,imbalance_forward_12,imbalance_forward,imbalance
-9.314040625,0.036533306,9.314112274,2.75091408,0.140625,4.711386861,0.41146875,0.029254251,0.412507386,1.77433336,0.1875,4.841290773,-2.09234375,0.030774207,2.092570051,1.95166784,0.09375,4.771470541,-0.04275,0.001177657,0.042766218,0.0028965,0.484375,4.803797423,0.048328125,0.006681141,0.048787758,0.0948624,0.140625,4.856536186,-0.018160938,0.0057781,0.019057967,0.06843704,0.03125,4.80671274,2066.25,imbalance_forward_5,imbalance_forward,imbalance
-9.322496875,0.04327188,9.322597301,3.84086112,0.140625,4.686576819,0.411128125,0.023420707,0.411794688,1.12532288,0.140625,4.727545577,-2.1022625,0.031827973,2.102503422,2.07466464,0.140625,4.757932101,-0.042864062,0.001229757,0.0428817,0.00324,0.1875,4.832825468,0.048321875,0.007850328,0.048955401,0.12647792,0.046875,4.695632059,-0.017592188,0.005469069,0.018422697,0.06127016,0.046875,4.609881886,1226.25,imbalance_forward_2,imbalance_forward,imbalance
-9.319760938,0.019990682,9.319782377,0.84209,0.1875,4.813954892,0.413971875,0.021406165,0.414524954,0.93845312,0.09375,4.790687321,-2.090134375,0.02122495,2.09024214,0.92403606,0.015625,4.745479117,-0.0425875,0.001067635,0.04260088,0.00233442,0.0625,4.730076142,0.046910938,0.004038607,0.04708446,0.03341372,0.046875,4.726033426,-0.016879687,0.003545516,0.01724803,0.02574476,0.046875,4.615307253,2801.25,imbalance_forward_10,imbalance_forward,imbalance
-9.321082812,0.020008862,9.321104288,0.83476976,0.15625,4.812622747,0.41845625,0.018712553,0.418874436,0.71731128,0.015625,4.566699179,-2.09833125,0.02761197,2.098512915,1.562086,0.078125,4.760032968,-0.042595312,0.001290885,0.042614869,0.003413,0.109375,4.72037245,0.048470313,0.004872457,0.048714598,0.04862964,0.109375,4.50264318,-0.017989063,0.003151791,0.018263082,0.02034804,0.03125,4.556714775,804.375,imbalance_forward_12,imbalance_forward,imbalance
-9.318014063,0.041602861,9.318106936,3.55717228,0.140625,4.682821408,0.41405,0.022407902,0.414655901,1.0416141,0.140625,4.729577276,-2.09485,0.031986789,2.095094193,2.09560512,0.140625,4.706332635,-0.042820313,0.00112669,0.042835133,0.00265284,0.171875,4.65363913,0.0482375,0.007006504,0.048743692,0.10125298,0.140625,4.617141674,-0.017885937,0.00487118,0.018537399,0.04863716,0.03125,4.688591048,1059.375,imbalance_forward_3,imbalance_forward,imbalance
-9.320332813,0.026854655,9.320371501,1.48412536,0.15625,4.675970303,0.41961875,0.024866185,0.420354877,1.27067712,0.03125,4.759219633,-2.093279688,0.023399307,2.093410466,1.14344948,0.171875,4.802145767,-0.04298125,0.001287303,0.043000523,0.00339776,0.203125,4.811408816,0.04801875,0.004554389,0.048234249,0.04248506,0.15625,4.701476503,-0.017204688,0.003822729,0.01762426,0.0299712,0.046875,4.725438254,1582.5,imbalance_forward_12,imbalance_forward,imbalance
-9.321379687,0.019816771,9.321400752,0.8182868,0.15625,4.821527088,0.41841875,0.018598453,0.418831891,0.70848024,0.015625,4.560833245,-2.09896875,0.027347434,2.099146897,1.53207736,0.078125,4.746905114,-0.042590625,0.00129213,0.042610221,0.00342816,0.109375,4.702205277,0.048120313,0.00466825,0.04834622,0.044669,0.109375,4.500249549,-0.017989063,0.003155358,0.018263698,0.02039592,0.03125,4.564509927,815.625,imbalance_forward_12,imbalance_forward,imbalance
-9.320665625,0.029284244,9.320711628,1.75629998,0.15625,4.838859823,0.413901563,0.028777071,0.414900739,1.70631428,0.125,4.680710487,-2.091748437,0.028701072,2.091945333,1.68739964,0.109375,4.718206733,-0.042751563,0.001271932,0.042770479,0.00331692,0.484375,4.632548036,0.047896875,0.005296755,0.04818886,0.0583824,0.15625,4.823153853,-0.017870313,0.004699092,0.018477812,0.04522596,0.03125,4.769495609,2602.5,imbalance_forward_6,imbalance_forward,imbalance
-9.317445313,0.040069794,9.317531472,3.31867552,0.171875,4.731614132,0.417940625,0.025568882,0.418722024,1.33919478,0.140625,4.714587759,-2.093801563,0.027484265,2.093981941,1.5541922,0.046875,4.7014814,-0.042835938,0.001244534,0.042854013,0.00318132,0.171875,4.782691723,0.048659375,0.005724938,0.048994997,0.0674256,0.046875,4.730385112,-0.01773125,0.004251613,0.018233854,0.03727096,0.390625,4.724243449,1222.5,imbalance_forward_7,imbalance_forward,imbalance
-9.323620313,0.044021813,9.323724237,3.9828884,0.265625,4.774748644,0.4148375,0.023142544,0.415482525,1.09709568,0.140625,4.792830325,-2.0911125,0.028405141,2.091305415,1.65406888,0.140625,4.811601085,-0.042923437,0.00107598,0.042936921,0.00237108,0.484375,4.686634429,0.045992188,0.006386052,0.046433425,0.08394424,0.140625,4.770882551,-0.017029688,0.004670776,0.017658607,0.04468788,0.078125,4.784644267,1316.25,imbalance_forward_8,imbalance_forward,imbalance
-9.321751563,0.028373932,9.321794745,1.64890608,0.15625,4.827329164,0.412967188,0.02825542,0.413932684,1.63899308,0.125,4.729968288,-2.092309375,0.028981722,2.092510086,1.72019766,0.109375,4.666627418,-0.042742188,0.001222805,0.042759675,0.00307152,0.484375,4.745273288,0.048042188,0.004885239,0.04828993,0.04910352,0.15625,4.836909618,-0.017684375,0.00435948,0.018213791,0.03895126,0.03125,4.840337001,2662.5,imbalance_forward_6,imbalance_forward,imbalance
-9.32115,0.036393569,9.321221047,2.73373618,0.125,4.79270582,0.411575,0.028631659,0.412569694,1.68181128,0.140625,4.72088882,-2.09241875,0.030135195,2.092635744,1.89517498,0.078125,4.778675126,-0.04279375,0.001241203,0.042811746,0.0032224,0.484375,4.756240581,0.046276562,0.005682642,0.046624164,0.06880668,0.03125,4.722522264,-0.0168875,0.004316809,0.017430505,0.03912338,0.046875,4.888273064,1687.5,imbalance_forward_9,imbalance_forward,imbalance
-9.321220313,0.025664525,9.321255644,1.37528692,0.40625,4.697313896,0.420451563,0.03219786,0.421682604,2.12350668,0.359375,4.776648041,-2.094779688,0.026310182,2.094944907,1.41786444,0.15625,4.725820142,-0.042640625,0.001264876,0.042659381,0.00327734,0.40625,4.826018206,0.047128125,0.0072947,0.047689336,0.11463998,0.484375,4.673956192,-0.017357813,0.00760273,0.018949806,0.11905092,0.40625,4.753634242,1706.25,imbalance_forward_10,imbalance_forward,imbalance
-9.319840625,0.028758432,9.319884995,1.69771808,0.265625,4.854225283,0.418501563,0.023359651,0.419152992,1.117675,0.15625,4.781135679,-2.094435938,0.028679339,2.094632283,1.7023686,0.03125,4.837957032,-0.042990625,0.001081191,0.043004219,0.00246606,0.234375,4.864848975,0.048132813,0.00453869,0.048346327,0.04330684,0.03125,4.835717304,-0.017770313,0.003218631,0.018059446,0.02147864,0.265625,4.798298263,1218.75,imbalance_forward_6,imbalance_forward,imbalance
-9.321971875,0.054183252,9.322129342,6.01715808,0.0625,4.592262924,0.408101562,0.025045337,0.408869361,1.29210092,0.15625,4.787627492,-2.094884375,0.02875687,2.095081741,1.70047702,0.0625,4.678863701,-0.042817188,0.001584353,0.04284649,0.00519596,0.1875,4.813919208,0.047992188,0.007790706,0.048620419,0.12430836,0.015625,4.586476398,-0.017967188,0.006180869,0.019000604,0.07824368,0.046875,4.620137451,2250,imbalance_forward_1,imbalance_forward,imbalance
-9.318498438,0.043912276,9.318601903,3.95224636,0.15625,4.650219678,0.4139,0.022733194,0.414523833,1.06499208,0.125,4.788326415,-2.094478125,0.034363373,2.09476,2.4213123,0.125,4.777106616,-0.042864063,0.001123105,0.042878774,0.0025844,0.171875,4.760203079,0.0488,0.006307139,0.049205894,0.08180744,0.15625,4.663304396,-0.01840625,0.004870635,0.019039777,0.04859546,0.046875,4.786329154,901.875,imbalance_forward_4,imbalance_forward,imbalance
-9.318345313,0.031340454,9.318398016,2.02857808,0.171875,4.719141932,0.420528125,0.036781693,0.422133624,2.84693086,0.03125,4.850022638,-2.094178125,0.032307906,2.094427325,2.1402816,0.171875,4.791109423,-0.042928125,0.001376303,0.042950182,0.00442384,0.5,4.718825776,0.045892188,0.007171826,0.046449198,0.11476472,0.5,4.637949354,-0.016348438,0.007667769,0.0180573,0.12687536,0.421875,4.73254866,907.5,imbalance_forward_10,imbalance_forward,imbalance
-9.318865625,0.029613738,9.318912679,1.80672896,0.15625,4.864346954,0.410614063,0.027928647,0.411562775,1.61230276,0.203125,4.764387549,-2.090959375,0.030507139,2.091181913,1.9243227,0.109375,4.770417359,-0.042807813,0.001153162,0.042823342,0.0027238,0.484375,4.711853477,0.04753125,0.005611675,0.047861369,0.06543514,0.15625,4.825898415,-0.017621875,0.004828641,0.01827146,0.04775078,0.03125,4.767931868,2238.75,imbalance_forward_5,imbalance_forward,imbalance
-9.319540625,0.036422472,9.319611798,2.7274984,0.21875,4.72188812,0.419364063,0.026523011,0.42020196,1.4453052,0.140625,4.665820637,-2.09679375,0.027072495,2.096968514,1.5076096,0.046875,4.729339424,-0.042942188,0.001238548,0.042960045,0.00318124,0.171875,4.823265582,0.049045313,0.005236379,0.049324054,0.05655592,0.140625,4.783346925,-0.017851563,0.003998515,0.01829389,0.0327498,0.171875,4.796367006,1080,imbalance_forward_7,imbalance_forward,imbalance
-9.3174875,0.041782108,9.317581181,3.5885693,0.171875,4.771745962,0.413709375,0.025909438,0.414519898,1.37517408,0.140625,4.60569837,-2.090434375,0.027607886,2.090616673,1.56653072,0.046875,4.702814844,-0.04278125,0.001265143,0.042799953,0.00330538,0.171875,4.786183773,0.048440625,0.005719449,0.048777108,0.06702638,0.171875,4.718721813,-0.0178375,0.004314854,0.018351958,0.03823042,0.390625,4.680143212,1177.5,imbalance_forward_7,imbalance_forward,imbalance
-9.319239063,0.045905033,9.319352122,4.3167466,0.140625,4.653255328,0.408357813,0.026208228,0.409197965,1.420013,0.140625,4.74962083,-2.09728125,0.030760338,2.097506815,1.9464736,0.140625,4.864528657,-0.0428125,0.001208111,0.042829542,0.00327234,0.5,4.836040169,0.047825,0.00751987,0.048412592,0.11596258,0.140625,4.739478918,-0.01756875,0.005343626,0.018363423,0.0584985,0.03125,4.742938464,1265.625,imbalance_forward_1,imbalance_forward,imbalance
-9.316929688,0.037300401,9.317004353,2.8646832,0.265625,4.725093769,0.414232813,0.02137791,0.414784086,0.9459496,0.171875,4.828506859,-2.091073438,0.031193345,2.091306086,1.99708852,0.125,4.735915188,-0.042701563,0.001235477,0.042719432,0.0033572,0.171875,4.706998314,0.049125,0.006694727,0.049579078,0.0918484,0.03125,4.747244429,-0.018429688,0.004483988,0.018967328,0.04141284,0.03125,4.734723296,909.375,imbalance_forward_3,imbalance_forward,imbalance
-9.322239063,0.027815006,9.322280559,1.58575056,0.15625,4.856717794,0.414239063,0.027762506,0.415168349,1.58433104,0.125,4.781788653,-2.09298125,0.028330537,2.093172982,1.64394112,0.109375,4.720446168,-0.042771875,0.001229897,0.042789554,0.00311712,0.484375,4.71099516,0.047926563,0.004792841,0.048165618,0.04752268,0.15625,4.813835099,-0.017534375,0.004409692,0.018080367,0.03987616,0.03125,4.865263279,2692.5,imbalance_forward_6,imbalance_forward,imbalance
-9.322276562,0.024106461,9.322307731,1.1927216,0.15625,4.780012594,0.415467188,0.020610738,0.415978108,0.8716602,0.140625,4.655370979,-2.090096875,0.026567214,2.090265716,1.45360286,0.09375,4.839871579,-0.042884375,0.001111758,0.042898783,0.00253376,0.234375,4.771707885,0.047701563,0.004009266,0.047869753,0.0330838,0.15625,4.762936785,-0.017585938,0.003270601,0.017887483,0.02191192,0.484375,4.763880509,2152.5,imbalance_forward_6,imbalance_forward,imbalance
-9.321335937,0.035234041,9.321402528,2.56834236,0.09375,4.751202425,0.409789063,0.024701987,0.410532902,1.25131848,0.0625,4.626403973,-2.092570313,0.030738213,2.09279606,1.93566488,0.046875,4.732985879,-0.0424875,0.001180903,0.042503908,0.00285888,0.015625,4.701773201,0.046779688,0.005163822,0.047063831,0.05473328,0.03125,4.550648571,-0.016923438,0.004270785,0.017454007,0.03735584,0.015625,4.644522164,2467.5,imbalance_forward_0,imbalance_forward,imbalance
-9.319129687,0.034542468,9.319193705,2.47461252,0.109375,4.81427771,0.41745625,0.037847518,0.419168409,3.01940698,0.03125,4.793980904,-2.093467188,0.033796556,2.093739972,2.37327476,0.171875,4.778356683,-0.042871875,0.001336561,0.042892704,0.00436542,0.5,4.74328054,0.04636875,0.007784116,0.047017586,0.13486848,0.5,4.731843221,-0.016629688,0.007797229,0.018366907,0.1328452,0.421875,4.740235293,1087.5,imbalance_forward_9,imbalance_forward,imbalance
-9.321860938,0.035317934,9.321927842,2.56594124,0.125,4.805795004,0.412323438,0.028017108,0.413274213,1.61473484,0.140625,4.69379049,-2.093503125,0.030446146,2.093724505,1.93569456,0.078125,4.801116989,-0.042810938,0.001239092,0.042828865,0.00321052,0.484375,4.772779848,0.04616875,0.005578751,0.04650458,0.06595658,0.03125,4.75585203,-0.016884375,0.004260033,0.017413501,0.03785878,0.046875,4.886265218,1672.5,imbalance_forward_9,imbalance_forward,imbalance
-9.315842188,0.042734265,9.315940204,3.74200912,0.15625,4.665552581,0.412248438,0.028639647,0.413242064,1.7050748,0.125,4.693778445,-2.088154688,0.032545919,2.088408302,2.16980068,0.125,4.735889414,-0.042717188,0.00096672,0.042728125,0.0019302,0.1875,4.854401213,0.048571875,0.006332246,0.048982899,0.08291934,0.03125,4.754646736,-0.018001563,0.005402155,0.018794668,0.05981248,0.03125,4.839644723,1406.25,imbalance_forward_4,imbalance_forward,imbalance
-9.314009375,0.042882728,9.314108093,3.77606576,0.15625,4.730488926,0.415015625,0.026635439,0.415869469,1.46539712,0.125,4.730078725,-2.09115,0.03468929,2.091437704,2.47445138,0.125,4.78741034,-0.042732812,0.001112297,0.042747286,0.002617,0.21875,4.795369383,0.049776562,0.006436729,0.050191012,0.0861268,0.1875,4.779634893,-0.018610938,0.005272485,0.019343373,0.0571,0.21875,4.786653866,1102.5,imbalance_forward_4,imbalance_forward,imbalance
-9.316698438,0.031313543,9.31675106,2.0589266,0.390625,4.799585035,0.411920313,0.027763618,0.412854893,1.59739612,0.203125,4.776814884,-2.094175,0.029862769,2.09438791,1.82893896,0.109375,4.712824195,-0.0426875,0.001165855,0.042703418,0.0027853,0.46875,4.749499963,0.04826875,0.005696377,0.048603713,0.06703978,0.15625,4.806495405,-0.018098437,0.004949952,0.018763141,0.0503196,0.03125,4.814853722,2028.75,imbalance_forward_5,imbalance_forward,imbalance
-9.324709375,0.033577949,9.324769831,2.31488672,0.09375,4.676607208,0.412784375,0.02536944,0.413563234,1.31811022,0.078125,4.608941526,-2.095746875,0.032362874,2.095996737,2.15274688,0.0625,4.635944136,-0.042615625,0.001241624,0.042633709,0.00316374,0.09375,4.662383552,0.048101563,0.005689752,0.048436903,0.06638112,0.015625,4.411723651,-0.016854688,0.004075189,0.017340348,0.03401152,0.015625,4.583715089,2647.5,imbalance_forward_0,imbalance_forward,imbalance
-9.322682813,0.033596938,9.32274335,2.31700348,0.21875,4.775513684,0.417004687,0.025042329,0.417755943,1.289653,0.140625,4.760338904,-2.093428125,0.02825117,2.093618743,1.64857872,0.03125,4.788670319,-0.043073438,0.001105843,0.043087631,0.0025596,0.328125,4.84772846,0.048673438,0.004883622,0.048917822,0.04886292,0.03125,4.683659347,-0.017339063,0.003433776,0.0176758,0.02514664,0.140625,4.83258617,847.5,imbalance_forward_7,imbalance_forward,imbalance
-9.32085625,0.04016461,9.320942786,3.30521912,0.125,4.727713818,0.412282813,0.021058561,0.412820276,0.9559836,0.125,4.650606476,-2.091225,0.032743692,2.091481329,2.20859394,0.046875,4.761521796,-0.042657813,0.00112247,0.042672578,0.00262176,0.171875,4.748010655,0.048270313,0.007239382,0.04881016,0.10761852,0.046875,4.640562831,-0.017767188,0.004692449,0.018376399,0.04509508,0.046875,4.54441489,765,imbalance_forward_3,imbalance_forward,imbalance
-9.325901563,0.04505381,9.32601039,4.17155716,0.140625,4.690802758,0.4113125,0.022768355,0.411942193,1.06182016,0.140625,4.686294372,-2.099340625,0.034328235,2.099621272,2.41534198,0.140625,4.759204338,-0.042890625,0.001058259,0.042903678,0.0022936,0.453125,4.825573195,0.047834375,0.007777295,0.048462498,0.12387696,0.03125,4.558440279,-0.017642188,0.005565485,0.018499227,0.06345984,0.28125,4.584915143,1057.5,imbalance_forward_2,imbalance_forward,imbalance
-9.318570313,0.0399235,9.318655834,3.29590432,0.171875,4.752662262,0.41584375,0.026850203,0.41670968,1.47760448,0.140625,4.707466755,-2.092379688,0.026460148,2.092546988,1.45042936,0.046875,4.711268218,-0.042815625,0.001251901,0.042833923,0.00321552,0.171875,4.798529826,0.048634375,0.005751066,0.048973229,0.06792142,0.171875,4.717776856,-0.017876563,0.004232159,0.018370701,0.03714112,0.390625,4.717558896,1207.5,imbalance_forward_7,imbalance_forward,imbalance
-9.317525,0.043510002,9.317626589,3.92038722,0.265625,4.801005976,0.412854688,0.024534554,0.413583048,1.23279404,0.140625,4.743974789,-2.090629688,0.028628999,2.0908257,1.67872372,0.125,4.793596526,-0.0429125,0.001148436,0.042927865,0.0027013,0.484375,4.759926987,0.047340625,0.006614773,0.047800523,0.09040272,0.140625,4.745330709,-0.017376562,0.004516281,0.017953878,0.04179248,0.03125,4.751890263,1027.5,imbalance_forward_8,imbalance_forward,imbalance
-9.310225,0.034554983,9.310289125,2.44597922,0.1875,4.76304586,0.413,0.027924144,0.41394294,1.616152,0.125,4.801805644,-2.0899875,0.033077223,2.090249232,2.24486274,0.09375,4.838755686,-0.04274375,0.001041615,0.04275644,0.00222208,0.484375,4.794639899,0.048182813,0.006555545,0.048626727,0.08928828,0.09375,4.802310071,-0.01800625,0.005526495,0.018835264,0.0629041,0.03125,4.808804561,2002.5,imbalance_forward_5,imbalance_forward,imbalance
-9.319884375,0.026219203,9.319921256,1.4115887,0.125,4.714536232,0.41939375,0.023414885,0.420046872,1.1259505,0.03125,4.787547853,-2.094628125,0.024217436,2.094768118,1.21137278,0.078125,4.817478024,-0.042846875,0.001207913,0.042863898,0.00300736,0.203125,4.822630263,0.047879688,0.004282566,0.048070832,0.03756132,0.1875,4.681462173,-0.017409375,0.003292307,0.017717946,0.02234336,0.046875,4.775492851,1415.625,imbalance_forward_12,imbalance_forward,imbalance
-9.3219375,0.02325341,9.321966503,1.10842738,0.15625,4.708400651,0.419954688,0.022260053,0.42054423,1.01851104,0.03125,4.681524129,-2.09425625,0.023910542,2.094392741,1.1873596,0.078125,4.832177318,-0.04286875,0.00123502,0.042886536,0.00316984,0.234375,4.845609786,0.04775625,0.003565235,0.047889146,0.0261356,0.03125,4.68598532,-0.016957813,0.003202821,0.017257621,0.02103232,0.03125,4.74564328,1171.875,imbalance_forward_12,imbalance_forward,imbalance
-9.3163625,0.03159615,9.316416079,2.06196242,0.125,4.7162932,0.421014063,0.036075359,0.422556827,2.7013242,0.03125,4.850515909,-2.09810625,0.028959848,2.098306105,1.71795562,0.171875,4.779574325,-0.042910938,0.001359586,0.042932471,0.00412628,0.5,4.779997373,0.046125,0.00721537,0.046685942,0.1163941,0.5,4.597618666,-0.016739063,0.007712036,0.018430185,0.12689624,0.421875,4.756572444,817.5,imbalance_forward_10,imbalance_forward,imbalance
-9.321598438,0.035701289,9.321666804,2.61539412,0.171875,4.821877562,0.414454688,0.031041806,0.415615546,2.01961756,0.140625,4.758528875,-2.093501563,0.030001138,2.093716519,1.86167596,0.078125,4.856164678,-0.0428375,0.001264231,0.042856151,0.00336576,0.484375,4.786432849,0.04635,0.00553054,0.046678789,0.06566834,0.03125,4.733219806,-0.016771875,0.004236872,0.017298754,0.0381896,0.046875,4.859558044,1642.5,imbalance_forward_9,imbalance_forward,imbalance
-9.321301563,0.024036687,9.321332554,1.18619872,0.15625,4.835426469,0.414792188,0.021636033,0.415356084,0.96429172,0.140625,4.552443466,-2.089875,0.027421057,2.090054887,1.54476192,0.09375,4.820186629,-0.04285,0.001072963,0.042863431,0.00237234,0.234375,4.786501601,0.047859375,0.003879462,0.048016351,0.03130336,0.15625,4.73119616,-0.017309375,0.003166362,0.017596599,0.02053744,0.484375,4.751577021,2077.5,imbalance_forward_6,imbalance_forward,imbalance
-9.321489063,0.028826995,9.321533637,1.70270736,0.15625,4.838939344,0.4148,0.028365053,0.415768705,1.65236098,0.125,4.653175848,-2.092907813,0.028853034,2.093106688,1.70506312,0.109375,4.682757552,-0.042784375,0.001208462,0.042801438,0.00299214,0.484375,4.689423639,0.047992188,0.004983733,0.048250261,0.05126784,0.15625,4.8196833,-0.017584375,0.004334968,0.018110831,0.03854422,0.03125,4.847768546,2632.5,imbalance_forward_6,imbalance_forward,imbalance
-9.321451563,0.040760351,9.321540679,3.4047978,0.140625,4.615331468,0.412771875,0.021700889,0.413341928,0.97346656,0.140625,4.78680916,-2.0969125,0.034458564,2.09719561,2.45864578,0.03125,4.790455862,-0.04281875,0.001169652,0.042834722,0.00291136,0.21875,4.763018094,0.048270312,0.007253634,0.048812276,0.107864,0.03125,4.615441184,-0.017879688,0.005021428,0.018571429,0.0516888,0.03125,4.658806766,873.75,imbalance_forward_2,imbalance_forward,imbalance
-9.320221875,0.019862901,9.320243041,0.81730982,0.15625,4.840723594,0.417520313,0.018934783,0.417949444,0.73529636,0.1875,4.607649137,-2.098292188,0.026977579,2.098465605,1.49092532,0.078125,4.683394817,-0.042515625,0.001339918,0.042536734,0.00367894,0.109375,4.689148801,0.04865,0.005125976,0.048919302,0.05381586,0.109375,4.386177941,-0.017934375,0.003173288,0.01821295,0.02062736,0.03125,4.581889588,830.625,imbalance_forward_12,imbalance_forward,imbalance
-9.312509375,0.03983481,9.312594572,3.2525144,0.15625,4.721116213,0.412960938,0.028419891,0.413937708,1.67677016,0.125,4.752730064,-2.092415625,0.032702873,2.09267117,2.19511232,0.125,4.791370415,-0.04275625,0.001033785,0.042768746,0.0021921,0.21875,4.779436599,0.048214063,0.006683699,0.048675124,0.09315256,0.171875,4.816179407,-0.01805625,0.005674831,0.018927014,0.06597368,0.03125,4.823970458,1762.5,imbalance_forward_5,imbalance_forward,imbalance
-9.3237,0.023555619,9.323729756,1.145346,0.15625,4.859086756,0.416815625,0.025534316,0.417597015,1.3357192,0.15625,4.669270043,-2.092753125,0.029038514,2.092954581,1.7502739,0.328125,4.793994206,-0.042840625,0.001133677,0.042855622,0.00263792,0.234375,4.778645354,0.047989063,0.004347813,0.048185616,0.03879752,0.15625,4.715029691,-0.017671875,0.003500333,0.018015202,0.02509856,0.484375,4.80616411,2302.5,imbalance_forward_6,imbalance_forward,imbalance
-9.31490625,0.043481066,9.315007732,3.89886712,0.15625,4.737197359,0.415092188,0.02702991,0.415971321,1.51284544,0.125,4.69344078,-2.089728125,0.035426034,2.090028383,2.57128766,0.125,4.70885758,-0.0427875,0.001102908,0.042801712,0.00257832,0.3125,4.77294389,0.049009375,0.006726294,0.049468797,0.09381936,0.125,4.742139177,-0.018215625,0.005437406,0.019009849,0.06095888,0.21875,4.772958182,1046.25,imbalance_forward_4,imbalance_forward,imbalance
-9.322871875,0.040228385,9.322958668,3.31547742,0.09375,4.708587335,0.408329688,0.026713057,0.409202543,1.46320904,0.0625,4.62723993,-2.095671875,0.031065875,2.09590212,1.97722342,0.046875,4.695356894,-0.04265,0.001146326,0.042665402,0.00275848,0.03125,4.749609051,0.047035938,0.005461352,0.047351935,0.061085,0.03125,4.518757273,-0.017148438,0.004160641,0.017645958,0.0354528,0.03125,4.63459052,2287.5,imbalance_forward_0,imbalance_forward,imbalance
-9.321829688,0.038458137,9.321909019,3.04076984,0.140625,4.792081593,0.413928125,0.02184695,0.41450426,1.00794342,0.140625,4.808953744,-2.09425625,0.033773968,2.094528568,2.3421425,0.203125,4.804194563,-0.042759375,0.001157681,0.042775044,0.00284,0.171875,4.780415529,0.048326563,0.007257458,0.04886847,0.10808384,0.03125,4.586488318,-0.017860938,0.004957779,0.018536252,0.0503552,0.03125,4.709937083,806.25,imbalance_forward_2,imbalance_forward,imbalance
-9.322157812,0.047923933,9.322280997,4.71232096,0.140625,4.611972788,0.411276563,0.026620115,0.412137163,1.45128736,0.140625,4.676949086,-2.096460938,0.034112954,2.096738457,2.3856458,0.140625,4.786159024,-0.042870313,0.001224704,0.042887802,0.0032542,0.1875,4.806769188,0.046992188,0.007811816,0.047637067,0.12512092,0.046875,4.587992851,-0.016932813,0.005788406,0.017894853,0.06865568,0.046875,4.589181022,1278.75,imbalance_forward_2,imbalance_forward,imbalance
-9.320182813,0.020232682,9.320204773,0.84001384,0.203125,4.795488952,0.416251562,0.017781829,0.4166312,0.64770696,0.015625,4.499998073,-2.095670313,0.029834778,2.095882671,1.8231358,0.046875,4.600352886,-0.042498438,0.001348436,0.042519824,0.00372444,0.109375,4.604207977,0.047776563,0.005524371,0.048094892,0.06250236,0.109375,4.368039521,-0.0171,0.003275572,0.017410898,0.02197408,0.015625,4.441699812,1085.625,imbalance_forward_11,imbalance_forward,imbalance
-9.318796875,0.043060034,9.31889636,3.8004536,0.140625,4.565793989,0.414575,0.022316887,0.415175233,1.03407138,0.140625,4.767121988,-2.095673438,0.031543443,2.095910815,2.04146096,0.140625,4.652573865,-0.042773438,0.0010804,0.04278708,0.00244156,0.171875,4.72901084,0.048721875,0.007066724,0.049231694,0.10279264,0.03125,4.458389269,-0.018082812,0.004930788,0.01874302,0.0499672,0.03125,4.691667954,1134.375,imbalance_forward_3,imbalance_forward,imbalance
-9.316175,0.031543343,9.316228401,2.05840994,0.125,4.717204134,0.420042188,0.035536939,0.421542778,2.62108208,0.03125,4.85166557,-2.098742188,0.029087421,2.098943746,1.73278088,0.171875,4.76725285,-0.04284375,0.001389905,0.042866289,0.0042689,0.5,4.80026069,0.046396875,0.007232867,0.046957261,0.115512,0.5,4.708257097,-0.01695,0.007726638,0.018628028,0.12603464,0.421875,4.742764082,772.5,imbalance_forward_10,imbalance_forward,imbalance
-9.318610937,0.035194829,9.3186774,2.53722024,0.25,4.709840771,0.414304687,0.021115215,0.414842412,0.94979896,0.15625,4.857402471,-2.094742187,0.031270542,2.09497558,2.00790392,0.15625,4.792466699,-0.042751563,0.00120065,0.042768419,0.00302076,0.109375,4.797333508,0.048679688,0.006839138,0.049157764,0.0962046,0.03125,4.546033326,-0.018129687,0.004603351,0.018704983,0.04347204,0.03125,4.736722248,791.25,imbalance_forward_3,imbalance_forward,imbalance
-9.31898125,0.047022521,9.319099884,4.56052504,0.15625,4.582665092,0.41441875,0.027396435,0.415323326,1.54889152,0.125,4.6978919,-2.091521875,0.036783231,2.0918453,2.77305598,0.125,4.71191175,-0.042853125,0.001075577,0.042866621,0.00239968,0.1875,4.78687606,0.048404688,0.007236354,0.048942605,0.10834296,0.125,4.766082563,-0.017682813,0.005691374,0.018576157,0.06645228,0.015625,4.765693341,971.25,imbalance_forward_4,imbalance_forward,imbalance
-9.319985938,0.025721743,9.320021431,1.3580702,0.40625,4.665941246,0.4206,0.035062235,0.422058906,2.5204976,0.09375,4.828817484,-2.096796875,0.025837454,2.096956058,1.37088966,0.15625,4.705399652,-0.04276875,0.001234007,0.042786549,0.00311882,0.28125,4.822813616,0.046639062,0.007135861,0.047181804,0.10839844,0.484375,4.6965882,-0.016815625,0.007639438,0.018469603,0.11991534,0.421875,4.768594567,1297.5,imbalance_forward_10,imbalance_forward,imbalance
-9.316964062,0.047439179,9.317084835,4.61188516,0.140625,4.774348555,0.414984375,0.024650027,0.415715835,1.2537707,0.140625,4.685188989,-2.0903625,0.030045453,2.090578415,1.85017282,0.140625,4.77309291,-0.0427625,0.001216745,0.042779807,0.00303442,0.421875,4.743503075,0.047554688,0.006638405,0.048015797,0.09025236,0.140625,4.734695371,-0.017375,0.004785035,0.018021853,0.04699016,0.359375,4.779525734,1080,imbalance_forward_8,imbalance_forward,imbalance
-9.3179375,0.036476244,9.318008895,2.73590888,0.25,4.770299126,0.412360937,0.022337508,0.412965503,1.05003444,0.15625,4.784544813,-2.09376875,0.032214316,2.094016557,2.12807488,0.15625,4.795253221,-0.04273125,0.001186891,0.04274773,0.00296954,0.109375,4.811591572,0.048992188,0.006869232,0.049471414,0.09666284,0.03125,4.572166387,-0.018195312,0.00466799,0.018784556,0.04464604,0.03125,4.750967972,787.5,imbalance_forward_3,imbalance_forward,imbalance
-9.3171875,0.017576045,9.317204078,0.63307744,0.171875,4.758114917,0.4181625,0.016504048,0.418488064,0.55840608,0.015625,4.724971356,-2.093496875,0.02865162,2.093692929,1.68124704,0.015625,4.549859545,-0.042582813,0.001335987,0.042603765,0.00367164,0.109375,4.674466574,0.047142188,0.005700954,0.047485648,0.06657192,0.09375,4.451838872,-0.016310938,0.002882442,0.01656367,0.01703088,0.015625,4.484362214,1957.5,imbalance_forward_11,imbalance_forward,imbalance
-9.322495313,0.048159635,9.322619707,4.76574736,0.140625,4.623718571,0.411201563,0.026557747,0.412058296,1.44452612,0.140625,4.693522683,-2.096048438,0.033924346,2.096322951,2.36109524,0.140625,4.791870993,-0.0428625,0.001226084,0.042880033,0.0032708,0.1875,4.806103431,0.046584375,0.008098577,0.047283094,0.13481504,0.140625,4.627365134,-0.016828125,0.005823349,0.017807223,0.06951552,0.046875,4.601073157,1278.75,imbalance_forward_2,imbalance_forward,imbalance
-9.322201562,0.047530196,9.32232273,4.62708864,0.0625,4.634634119,0.410242188,0.023390401,0.410908461,1.12048308,0.078125,4.591014561,-2.092904688,0.029817992,2.093117088,1.83658488,0.0625,4.826417741,-0.042745313,0.001479857,0.042770921,0.00449432,0.078125,4.702986475,0.046575,0.006941114,0.04708938,0.0986853,0.015625,4.497666888,-0.01664375,0.005857257,0.017644316,0.07031786,0.046875,4.708746135,2998.125,imbalance_forward_0,imbalance_forward,imbalance
-9.321973437,0.053918321,9.322129368,5.95650048,0.0625,4.585124656,0.408064063,0.024984297,0.408828196,1.2867518,0.15625,4.78974816,-2.09608125,0.028395328,2.096273575,1.65609344,0.0625,4.695953742,-0.042864062,0.001550239,0.042892087,0.00496324,0.0625,4.803863982,0.047509375,0.008108979,0.048196434,0.13476256,0.0625,4.640743205,-0.0179375,0.006127232,0.018955128,0.07696,0.046875,4.653903839,2182.5,imbalance_forward_1,imbalance_forward,imbalance
-9.316214063,0.045338321,9.316324384,4.24964048,0.15625,4.607816234,0.415167188,0.027594423,0.41608322,1.56841872,0.125,4.658871443,-2.091709375,0.037087939,2.092038151,2.8179883,0.125,4.69372324,-0.042845313,0.001080354,0.042858931,0.00242,0.1875,4.792533731,0.04834375,0.00712605,0.048866131,0.10453656,0.125,4.739141208,-0.017895313,0.005611273,0.018754429,0.06466652,0.21875,4.740733156,990,imbalance_forward_4,imbalance_forward,imbalance
-9.31775,0.042554439,9.317847173,3.71304466,0.140625,4.588555682,0.414275,0.022412294,0.41488081,1.04712642,0.140625,4.758013964,-2.097207813,0.032015989,2.097452176,2.09973804,0.140625,4.621490957,-0.04278125,0.001067982,0.042794578,0.00236042,0.171875,4.722090638,0.048526563,0.00687939,0.049011767,0.09738272,0.03125,4.494523902,-0.01805,0.004921572,0.018708938,0.04974418,0.03125,4.683619615,1115.625,imbalance_forward_3,imbalance_forward,imbalance
-9.32081875,0.018577043,9.320837263,0.72374298,0.25,4.801186273,0.415092188,0.019276056,0.415539517,0.76289608,0.03125,4.698753197,-2.096460938,0.026898708,2.096633493,1.49390108,0.078125,4.769647126,-0.042579687,0.001085728,0.042593528,0.0024164,0.109375,4.811808764,0.048154688,0.003801765,0.048304527,0.02972072,0.03125,4.589332137,-0.017592188,0.00341885,0.017921317,0.02395216,0.03125,4.547616593,883.125,imbalance_forward_12,imbalance_forward,imbalance
-9.322764063,0.022742226,9.322791801,1.0780036,0.15625,4.847959559,0.417117188,0.025640359,0.417904506,1.34698036,0.15625,4.68948947,-2.093989063,0.029380383,2.094195168,1.79837696,0.328125,4.831150681,-0.04280625,0.001171654,0.042822282,0.00281306,0.234375,4.771990186,0.047901563,0.004430487,0.048106017,0.04023676,0.15625,4.735265662,-0.01738125,0.003593,0.017748732,0.02644544,0.484375,4.804083682,2377.5,imbalance_forward_6,imbalance_forward,imbalance
-9.319428125,0.030907258,9.319479376,1.96603008,0.15625,4.841110392,0.412184375,0.028183518,0.41314679,1.65421998,0.203125,4.822686992,-2.091482813,0.030376253,2.09170339,1.91951628,0.109375,4.728823771,-0.042776563,0.001151323,0.042792054,0.00271496,0.484375,4.743428757,0.047689063,0.005623642,0.048019496,0.06522172,0.15625,4.804912802,-0.017996875,0.005011642,0.01868165,0.05149488,0.03125,4.754608279,2103.75,imbalance_forward_5,imbalance_forward,imbalance
-9.32346875,0.048737645,9.323596135,4.87724698,0.140625,4.569055866,0.410040625,0.02699318,0.410928152,1.49328672,0.140625,4.742324218,-2.095860938,0.033923543,2.096135462,2.36214644,0.140625,4.785550841,-0.042823438,0.001210468,0.042840542,0.00318704,0.1875,4.808407143,0.046376562,0.008109345,0.047080219,0.13486192,0.140625,4.615810292,-0.016890625,0.005849058,0.017874694,0.0700656,0.046875,4.593629512,1278.75,imbalance_forward_2,imbalance_forward,imbalance
-9.319173438,0.028511918,9.319217053,1.66838236,0.15625,4.744596593,0.418871875,0.024994765,0.419616951,1.2818583,0.15625,4.720845416,-2.09215625,0.023364388,2.092286708,1.12512042,0.171875,4.823415624,-0.042957813,0.001301538,0.042977525,0.00348132,0.484375,4.886446576,0.047776562,0.004409887,0.047979652,0.03984392,0.15625,4.67211387,-0.017132813,0.003745541,0.017537455,0.0287426,0.046875,4.708264628,1695,imbalance_forward_13,imbalance_forward,imbalance
-9.313784375,0.046792819,9.313901919,4.5039163,0.140625,4.821994566,0.413640625,0.024747555,0.41438027,1.26011214,0.140625,4.719232307,-2.090589063,0.030048363,2.090804996,1.85572564,0.265625,4.765990682,-0.042864062,0.001212225,0.0428812,0.00305656,0.484375,4.793981613,0.047742188,0.006539539,0.048187986,0.08771028,0.046875,4.830528797,-0.01773125,0.004568912,0.018310439,0.04283642,0.03125,4.852920822,1035,imbalance_forward_8,imbalance_forward,imbalance
-9.318423438,0.018146485,9.318441107,0.67462712,0.171875,4.683051139,0.415728125,0.017653952,0.416102795,0.6382867,0.015625,4.567391372,-2.09499375,0.027808137,2.095178299,1.58380664,0.015625,4.614373693,-0.042473438,0.001294247,0.042493152,0.00343068,0.109375,4.506271879,0.047782813,0.005678043,0.048118992,0.06608512,0.09375,4.411785903,-0.017114063,0.003252541,0.017420395,0.02168324,0.015625,4.465784423,1507.5,imbalance_forward_11,imbalance_forward,imbalance
-9.31808125,0.034147359,9.318143819,2.4112529,0.109375,4.757458956,0.415020313,0.036816501,0.41665011,2.92749644,0.140625,4.845825263,-2.091670313,0.032227345,2.091918569,2.17476604,0.078125,4.818797115,-0.042807813,0.00134156,0.042828829,0.00383908,0.484375,4.693502854,0.0462,0.007950295,0.04687907,0.14715794,0.5,4.705945846,-0.016464063,0.007349816,0.018030118,0.1202514,0.5,4.787549785,1530,imbalance_forward_9,imbalance_forward,imbalance
-9.316028125,0.047901319,9.316151274,4.70605504,0.140625,4.787699084,0.413860937,0.025038356,0.414617649,1.28977344,0.140625,4.649668254,-2.089539063,0.030260637,2.089758168,1.878671,0.140625,4.765636065,-0.04275,0.001230599,0.042767708,0.00310146,0.421875,4.706008351,0.047739063,0.006536475,0.048184475,0.08750448,0.140625,4.755653526,-0.017679688,0.004897901,0.018345593,0.04913256,0.28125,4.750631726,1091.25,imbalance_forward_8,imbalance_forward,imbalance
-9.321484375,0.019675216,9.32150514,0.81249102,0.1875,4.804251091,0.414571875,0.022803964,0.415198579,1.06500256,0.09375,4.72940942,-2.0894625,0.02172317,2.08957542,0.9715437,0.015625,4.769999502,-0.04273125,0.001108472,0.042745625,0.00251882,0.015625,4.790244504,0.047064063,0.00391872,0.047226924,0.03149496,0.046875,4.785801351,-0.0171625,0.00341163,0.017498303,0.02386162,0.03125,4.695714106,2531.25,imbalance_forward_10,imbalance_forward,imbalance
-9.320103125,0.036082016,9.320172969,2.6700135,0.21875,4.71076506,0.418951563,0.025944701,0.419754141,1.39386012,0.140625,4.729289116,-2.095671875,0.026433983,2.095838582,1.4317808,0.046875,4.755842412,-0.042975,0.001234403,0.042992725,0.00315106,0.171875,4.823334679,0.049215625,0.004980312,0.049466971,0.05097808,0.140625,4.756444422,-0.01765625,0.003985241,0.018100423,0.03253002,0.390625,4.827073421,1053.75,imbalance_forward_7,imbalance_forward,imbalance
-9.32070625,0.041760488,9.320799801,3.57876186,0.140625,4.640512432,0.415473438,0.021375089,0.416022922,0.94079008,0.140625,4.777151659,-2.098328125,0.032615029,2.098581583,2.1787731,0.140625,4.669597305,-0.042735938,0.001219037,0.04275332,0.00308668,0.171875,4.741671017,0.048890625,0.007220624,0.049420953,0.10717504,0.03125,4.447913905,-0.018254688,0.005123626,0.018960094,0.05382476,0.03125,4.669730643,1130.625,imbalance_forward_3,imbalance_forward,imbalance
-9.316626563,0.044550324,9.316733077,4.08257136,0.15625,4.704099568,0.414979688,0.027333303,0.415878889,1.55173292,0.125,4.701886164,-2.089054688,0.035531289,2.089356829,2.58865624,0.125,4.758314825,-0.0427875,0.001110673,0.042801913,0.0025869,0.3125,4.778527824,0.04896875,0.006714743,0.049426979,0.09360984,0.125,4.745164282,-0.018003125,0.005598855,0.018853639,0.0643539,0.21875,4.72566166,1027.5,imbalance_forward_4,imbalance_forward,imbalance
-9.320846875,0.025422609,9.320881545,1.33682782,0.40625,4.711995988,0.421275,0.034891255,0.42271743,2.49959648,0.09375,4.848748045,-2.094965625,0.02590011,2.095125721,1.37509056,0.15625,4.709905476,-0.042682813,0.001274333,0.042701831,0.0033432,0.40625,4.802765294,0.04695625,0.007256481,0.047513639,0.11292088,0.484375,4.686831801,-0.0171125,0.007658074,0.0187479,0.12104898,0.40625,4.775990811,1623.75,imbalance_forward_10,imbalance_forward,imbalance
-9.318648438,0.01826099,9.31866633,0.68300456,0.171875,4.658716132,0.415840625,0.017965685,0.416228532,0.66120496,0.015625,4.596985972,-2.09533125,0.027570233,2.095512626,1.55685898,0.015625,4.618485999,-0.042507813,0.001319482,0.042528287,0.00356576,0.109375,4.525628801,0.0479625,0.005647746,0.048293876,0.0653901,0.09375,4.3771133,-0.017176563,0.003207888,0.017473547,0.02108804,0.015625,4.439887194,1582.5,imbalance_forward_11,imbalance_forward,imbalance
-9.320253125,0.028561884,9.320296889,1.68728198,0.265625,4.810100938,0.41745625,0.023260931,0.418103805,1.1093632,0.125,4.819825939,-2.09335,0.027981149,2.093536999,1.61310344,0.03125,4.808612769,-0.043004688,0.001073608,0.043018087,0.00242904,0.234375,4.861004849,0.048332812,0.004569329,0.048548322,0.04362084,0.140625,4.821972114,-0.017682813,0.003187356,0.017967779,0.02118424,0.421875,4.793783301,1140,imbalance_forward_6,imbalance_forward,imbalance
-9.320328125,0.029569793,9.320375032,1.8010544,0.265625,4.797720996,0.417379688,0.023856997,0.418060952,1.16772516,0.125,4.772214264,-2.094401563,0.028134479,2.094590522,1.65088456,0.03125,4.828186309,-0.043098438,0.001071869,0.043111764,0.00247,0.203125,4.810014523,0.048371875,0.004693295,0.048599026,0.04514496,0.03125,4.808440223,-0.017476563,0.003090952,0.017747795,0.0210626,0.5,4.832805022,746.25,imbalance_forward_7,imbalance_forward,imbalance
-9.323059375,0.040457199,9.323147156,3.35606048,0.140625,4.6799136,0.412173438,0.022049973,0.412762818,0.99688752,0.140625,4.776465286,-2.096946875,0.033755259,2.097218542,2.3467139,0.03125,4.742196034,-0.042890625,0.001106616,0.042904898,0.00260598,0.46875,4.865211781,0.048623438,0.00731524,0.049170636,0.10964508,0.03125,4.555672211,-0.017609375,0.005187567,0.018357585,0.05549984,0.03125,4.739744096,945,imbalance_forward_2,imbalance_forward,imbalance
-9.318309375,0.017689622,9.318326166,0.64091182,0.171875,4.701611891,0.416514063,0.017114329,0.416865523,0.6028012,0.125,4.771136045,-2.09275,0.02843869,2.09294322,1.65688968,0.015625,4.610096533,-0.042598438,0.001328473,0.042619147,0.0036228,0.109375,4.690596918,0.046871875,0.005500922,0.047193567,0.0619843,0.09375,4.455819222,-0.01619375,0.002786904,0.01643181,0.01600448,0.015625,4.544132375,2107.5,imbalance_forward_11,imbalance_forward,imbalance
-9.320404688,0.028986087,9.32044976,1.72625984,0.265625,4.879209609,0.418275,0.024868429,0.419013621,1.26658568,0.125,4.662370182,-2.09600625,0.028232793,2.096196386,1.64381184,0.03125,4.823961927,-0.042970312,0.001120642,0.042984923,0.00258936,0.234375,4.691042201,0.048635938,0.004340628,0.048829248,0.03919548,0.203125,4.803069223,-0.017917188,0.003219547,0.01820415,0.02133364,0.484375,4.802009155,1455,imbalance_forward_6,imbalance_forward,imbalance
-9.318045313,0.039719442,9.318129967,3.25579216,0.171875,4.759976512,0.41633125,0.027994882,0.417271402,1.60528266,0.140625,4.566469674,-2.093689063,0.027458242,2.093869109,1.55155412,0.046875,4.701580678,-0.042853125,0.001246867,0.042871261,0.00318736,0.171875,4.77604809,0.048554688,0.005634601,0.048880532,0.06534144,0.171875,4.731558415,-0.017809375,0.004298572,0.018320796,0.03816496,0.390625,4.7025549,1215,imbalance_forward_7,imbalance_forward,imbalance
-9.318159375,0.017841049,9.318176455,0.65189614,0.171875,4.68751278,0.417376563,0.01687171,0.417717428,0.58573288,0.125,4.778113948,-2.093796875,0.028699254,2.093993553,1.68724992,0.015625,4.578929343,-0.042590625,0.001334602,0.04261153,0.0036584,0.109375,4.696377964,0.046951562,0.005572421,0.047281086,0.06359448,0.09375,4.449204707,-0.016148438,0.002717708,0.01637553,0.01516252,0.015625,4.57411735,2032.5,imbalance_forward_11,imbalance_forward,imbalance
-9.319465625,0.039549566,9.319549544,3.20920534,0.171875,4.743123649,0.418540625,0.025806326,0.419335452,1.36390992,0.140625,4.719412245,-2.094810938,0.027799118,2.094995383,1.59132204,0.046875,4.683108894,-0.042909375,0.001263764,0.042927981,0.00327886,0.171875,4.752728711,0.048584375,0.00565407,0.048912268,0.06581472,0.171875,4.745636584,-0.01749375,0.004170652,0.017984038,0.03570298,0.390625,4.721414738,1211.25,imbalance_forward_7,imbalance_forward,imbalance
-9.322309375,0.042821161,9.322407722,3.77503984,0.265625,4.760149052,0.4132625,0.025079084,0.41402277,1.29084904,0.140625,4.783617248,-2.09145,0.02698345,2.09162406,1.49752416,0.140625,4.789858492,-0.042889063,0.00109888,0.042903138,0.00249548,0.4375,4.817720616,0.047565625,0.006930508,0.048067875,0.0997007,0.046875,4.748610269,-0.017275,0.004564948,0.017867971,0.04269344,0.328125,4.788142596,1522.5,imbalance_forward_8,imbalance_forward,imbalance
-9.320285938,0.025772738,9.320321571,1.36037508,0.375,4.629100664,0.421425,0.034875775,0.422865641,2.49496544,0.09375,4.808618042,-2.09788125,0.024973767,2.098029892,1.28475712,0.15625,4.76766228,-0.04281875,0.001259325,0.042837265,0.00325034,0.375,4.818195334,0.046660938,0.007122074,0.047201346,0.10801404,0.484375,4.694735965,-0.016895313,0.007658215,0.018549928,0.12054088,0.421875,4.761343992,1162.5,imbalance_forward_10,imbalance_forward,imbalance
-9.318567188,0.030194609,9.318616107,1.86995132,0.390625,4.787304742,0.411473438,0.028033759,0.412427304,1.6215962,0.203125,4.79890965,-2.090846875,0.030390397,2.091067725,1.92184062,0.109375,4.731327318,-0.042817188,0.001150619,0.042832645,0.00271224,0.484375,4.742527352,0.047614063,0.005576341,0.047939488,0.06438688,0.15625,4.821795807,-0.017864063,0.004890564,0.018521402,0.04898328,0.03125,4.778174862,2171.25,imbalance_forward_5,imbalance_forward,imbalance
-9.31796875,0.039418923,9.318052129,3.1992896,0.171875,4.729266032,0.417717188,0.025432887,0.418490717,1.32475464,0.140625,4.698335253,-2.093651563,0.027333364,2.093829978,1.53379364,0.046875,4.713118086,-0.042873438,0.001224776,0.042890928,0.0030722,0.171875,4.74568273,0.048517188,0.00561929,0.048841518,0.06481472,0.171875,4.725190566,-0.017621875,0.004157879,0.018105757,0.03557136,0.390625,4.691360022,1230,imbalance_forward_7,imbalance_forward,imbalance
-9.317707813,0.035571083,9.31777571,2.62231404,0.375,4.748439723,0.417865625,0.037642775,0.419557695,3.03561648,0.140625,4.824223693,-2.094740625,0.03342203,2.095007236,2.35650224,0.140625,4.775600582,-0.042857812,0.001438402,0.042881944,0.00452292,0.359375,4.799836354,0.046698438,0.007928459,0.047366703,0.14293436,0.5,4.765892638,-0.01704375,0.007788611,0.018739047,0.1322252,0.421875,4.780675019,1312.5,imbalance_forward_9,imbalance_forward,imbalance
-9.315354688,0.044025053,9.31545872,3.97155044,0.171875,4.713038899,0.413821875,0.026593828,0.414675507,1.45006942,0.140625,4.645801529,-2.090623437,0.028094015,2.090812194,1.62641532,0.046875,4.701447628,-0.042854688,0.00131386,0.042874823,0.00353644,0.171875,4.712595607,0.048315625,0.005853157,0.048668872,0.07017792,0.046875,4.71824721,-0.017864063,0.004350947,0.018386285,0.038864,0.390625,4.691726647,1158.75,imbalance_forward_7,imbalance_forward,imbalance
-9.317820313,0.03555886,9.317888162,2.61649308,0.375,4.741751737,0.417565625,0.037594253,0.419254552,3.03568848,0.140625,4.81191016,-2.093879688,0.032598486,2.094133426,2.24080676,0.140625,4.809228891,-0.042810938,0.001369434,0.042832835,0.00399036,0.484375,4.672891468,0.046690625,0.007933389,0.047359826,0.1426432,0.5,4.767010094,-0.016948438,0.00773652,0.018630708,0.12870772,0.421875,4.779389177,1357.5,imbalance_forward_9,imbalance_forward,imbalance
-9.320107813,0.039587708,9.320191888,3.21856288,0.140625,4.828176887,0.417490625,0.019684247,0.417954413,0.79395246,0.140625,4.833326223,-2.096645312,0.031223283,2.096877788,1.99714284,0.140625,4.695519386,-0.042853125,0.001149724,0.042868545,0.0027552,0.171875,4.853461996,0.04883125,0.00655305,0.049268991,0.08823416,0.03125,4.52236132,-0.018232813,0.004631248,0.018811802,0.04403744,0.03125,4.739339945,1055.625,imbalance_forward_4,imbalance_forward,imbalance
-9.321523438,0.054190119,9.321680952,6.02017632,0.0625,4.575166962,0.40855,0.024346605,0.409274797,1.2142,0.15625,4.750589555,-2.096679688,0.027860547,2.096864784,1.59403064,0.0625,4.691268755,-0.042889063,0.001555446,0.042917259,0.00498016,0.0625,4.800672406,0.047229688,0.008214577,0.047938739,0.1381984,0.046875,4.592571248,-0.017825,0.006253924,0.018890267,0.08010386,0.046875,4.607695991,2115,imbalance_forward_1,imbalance_forward,imbalance
-9.325046875,0.034758007,9.325111653,2.48992774,0.09375,4.724026231,0.413795313,0.025462745,0.414577993,1.32846804,0.0625,4.621824818,-2.095671875,0.032414534,2.095922544,2.15790976,0.0625,4.638885517,-0.042660937,0.001238651,0.042678916,0.00314636,0.09375,4.632286975,0.048154688,0.00574437,0.0484961,0.06757972,0.015625,4.405582692,-0.017342188,0.004805882,0.017995776,0.04755028,0.015625,4.715048892,2692.5,imbalance_forward_0,imbalance_forward,imbalance
-9.32361875,0.037208286,9.323692994,2.83906496,0.21875,4.824041732,0.415128125,0.02599933,0.415941493,1.3859112,0.140625,4.684369413,-2.091748438,0.03002756,2.091963953,1.8645054,0.078125,4.790416686,-0.042771875,0.001173865,0.04278798,0.00282598,0.484375,4.739279029,0.046454688,0.005954225,0.046834718,0.07359744,0.03125,4.709380894,-0.017365625,0.004335148,0.01789856,0.03869718,0.046875,4.852914654,1747.5,imbalance_forward_9,imbalance_forward,imbalance
-9.318565625,0.029261671,9.318611568,1.78172246,0.09375,4.867170578,0.410353125,0.027504403,0.41127385,1.5833043,0.203125,4.734261585,-2.091896875,0.030922246,2.092125408,1.97794878,0.109375,4.735867339,-0.042832813,0.00114606,0.042848142,0.0026914,0.484375,4.713845938,0.047485938,0.005598406,0.047814814,0.06464776,0.15625,4.769142189,-0.017501562,0.00477446,0.018141118,0.04682792,0.03125,4.77229173,2306.25,imbalance_forward_5,imbalance_forward,imbalance
-9.32339375,0.037542733,9.323469337,2.89617258,0.21875,4.790398023,0.41389375,0.027412559,0.414800536,1.5399081,0.140625,4.661287509,-2.091896875,0.029872777,2.092110159,1.8524199,0.078125,4.789944859,-0.042746875,0.001194122,0.04276355,0.00292998,0.484375,4.763280569,0.046542188,0.006075406,0.046937041,0.07709984,0.03125,4.688029115,-0.017157813,0.004220627,0.017669302,0.03674008,0.25,4.832790397,1732.5,imbalance_forward_9,imbalance_forward,imbalance
-9.3210375,0.019878824,9.321058698,0.83194528,0.1875,4.830211714,0.415321875,0.022846454,0.415949781,1.0689856,0.09375,4.708415907,-2.089725,0.021599291,2.089836622,0.95985138,0.015625,4.768707103,-0.042735938,0.001098489,0.042750053,0.00247168,0.015625,4.769588875,0.047192187,0.003796763,0.047344672,0.0295524,0.046875,4.751029041,-0.017029688,0.003614454,0.017409036,0.02681948,0.03125,4.710822953,2463.75,imbalance_forward_10,imbalance_forward,imbalance
-9.319846875,0.039212394,9.319929366,3.17274752,0.140625,4.658910595,0.414307813,0.021528689,0.414866783,0.9689968,0.171875,4.758151431,-2.09313125,0.029965203,2.093345729,1.83893914,0.125,4.689675378,-0.042696875,0.001223081,0.042714389,0.00327584,0.171875,4.715929337,0.049578125,0.006550202,0.050008955,0.08823424,0.140625,4.673399061,-0.018446875,0.004495969,0.018986862,0.04173574,0.03125,4.747463071,928.125,imbalance_forward_3,imbalance_forward,imbalance
-9.316026563,0.031042417,9.316078281,1.9932982,0.390625,4.793113207,0.413120313,0.027797297,0.414054444,1.59452764,0.203125,4.800552902,-2.094996875,0.029476617,2.095204233,1.79597328,0.109375,4.728183767,-0.042725,0.001182688,0.042741366,0.00287112,0.46875,4.789557399,0.047965625,0.005697264,0.048302795,0.06677334,0.15625,4.810742047,-0.01818125,0.004998183,0.01885576,0.05118872,0.03125,4.808387437,2013.75,imbalance_forward_5,imbalance_forward,imbalance
-9.316926563,0.045530101,9.31703781,4.27581552,0.140625,4.803395117,0.413528125,0.024318418,0.414242557,1.2144867,0.125,4.745718096,-2.089617188,0.029639714,2.089827386,1.8094614,0.265625,4.759377494,-0.0428125,0.001197589,0.042829247,0.00293746,0.484375,4.747724647,0.047989063,0.006635231,0.048445603,0.09016588,0.046875,4.778313041,-0.017748438,0.004337266,0.018270712,0.03852756,0.03125,4.767082801,1027.5,imbalance_forward_8,imbalance_forward,imbalance
-9.324515625,0.036775388,9.324588145,2.78543936,0.21875,4.853519673,0.415090625,0.025974667,0.415902525,1.38402288,0.140625,4.69137498,-2.092270313,0.030196216,2.092488201,1.88353592,0.078125,4.79395665,-0.042734375,0.001171166,0.04275042,0.0028096,0.484375,4.758361745,0.046867188,0.006017061,0.04725186,0.07551552,0.03125,4.685573262,-0.017473438,0.004382502,0.018014642,0.0396804,0.046875,4.842927848,1762.5,imbalance_forward_9,imbalance_forward,imbalance
-9.325451563,0.041236092,9.325542733,3.4824532,0.21875,4.833356447,0.415282813,0.025231562,0.41604861,1.30445904,0.140625,4.800709176,-2.09380625,0.027210194,2.093983048,1.53381274,0.140625,4.797409587,-0.04288125,0.001093571,0.042895192,0.00247962,0.484375,4.810751538,0.047353125,0.006907219,0.047854238,0.09876742,0.03125,4.741766127,-0.017415625,0.004682988,0.018034256,0.04492142,0.046875,4.783958764,1567.5,imbalance_forward_8,imbalance_forward,imbalance
-9.319210938,0.030506199,9.319260868,1.91692292,0.15625,4.655694778,0.420704688,0.023162925,0.421341851,1.10172128,0.03125,4.777679918,-2.094960938,0.024029699,2.095098746,1.1864678,0.171875,4.755927178,-0.043134375,0.001339452,0.043155167,0.00368406,0.046875,4.699548758,0.047909375,0.004937412,0.048163121,0.04992694,0.15625,4.634947585,-0.017634375,0.004497542,0.018198875,0.04143728,0.03125,4.685202328,1890,imbalance_forward_13,imbalance_forward,imbalance
-9.320070313,0.019856608,9.320091465,0.80763492,0.0625,4.780720925,0.417259375,0.018552036,0.417671598,0.7052856,0.1875,4.539486895,-2.095671875,0.029842783,2.095884348,1.8253152,0.015625,4.580098591,-0.042528125,0.001370158,0.042550191,0.0038455,0.109375,4.658528307,0.048034375,0.005405472,0.048337566,0.05989078,0.109375,4.419001797,-0.017467188,0.003316298,0.017779215,0.022558,0.015625,4.64714688,958.125,imbalance_forward_12,imbalance_forward,imbalance
-9.3211125,0.03290714,9.321170587,2.21788242,0.21875,4.709492654,0.41738125,0.025155944,0.418138649,1.30132298,0.140625,4.771970511,-2.092867188,0.027399407,2.093046534,1.54613608,0.21875,4.790329051,-0.04296875,0.001195548,0.042985379,0.00297336,0.0625,4.840983859,0.048473438,0.004672133,0.04869808,0.04482868,0.03125,4.740793449,-0.017528125,0.003635909,0.017901257,0.02729054,0.171875,4.807611493,915,imbalance_forward_7,imbalance_forward,imbalance
-9.316590625,0.046153029,9.316704942,4.40092448,0.265625,4.818012016,0.411359375,0.025144388,0.412127135,1.2952427,0.140625,4.787528312,-2.087709375,0.0287048,2.087906703,1.68771904,0.265625,4.736194713,-0.042860938,0.001182769,0.042877254,0.00287344,0.484375,4.760355349,0.047520312,0.00657044,0.047972396,0.08865336,0.046875,4.79146086,-0.017520313,0.004450006,0.018076612,0.04058684,0.03125,4.74454244,1016.25,imbalance_forward_8,imbalance_forward,imbalance
-9.3107125,0.039106939,9.310794628,3.13235624,0.15625,4.721346872,0.410679688,0.027980714,0.411631785,1.62866596,0.125,4.730684467,-2.089685937,0.032040735,2.08993156,2.10342344,0.09375,4.832760284,-0.042748438,0.001034558,0.042760954,0.0021942,0.21875,4.766440425,0.048346875,0.006660236,0.048803474,0.0915687,0.171875,4.80008208,-0.01803125,0.005651186,0.018896081,0.065406,0.03125,4.810153686,1833.75,imbalance_forward_5,imbalance_forward,imbalance
-9.320632813,0.042816677,9.320731157,3.75457764,0.15625,4.587787815,0.416107812,0.022773856,0.416730561,1.06569504,0.125,4.814013634,-2.098365625,0.033470249,2.098632544,2.2979855,0.125,4.819612882,-0.042896875,0.001150675,0.042912305,0.00272734,0.171875,4.780181397,0.049503125,0.006254473,0.049896671,0.08064592,0.15625,4.66816409,-0.018951562,0.004726058,0.019531957,0.04605836,0.03125,4.838215081,924.375,imbalance_forward_4,imbalance_forward,imbalance
-9.321154688,0.026955629,9.321193664,1.48827132,0.078125,4.853474379,0.414164063,0.027492808,0.415075566,1.55192384,0.125,4.782460355,-2.092529688,0.028990218,2.092730495,1.72731132,0.109375,4.760612969,-0.042801563,0.001233199,0.042819324,0.00314268,0.484375,4.771369101,0.04784375,0.004665662,0.048070706,0.04483256,0.15625,4.814187039,-0.017371875,0.004337643,0.017905228,0.03881664,0.484375,4.832856399,2610,imbalance_forward_6,imbalance_forward,imbalance
-9.3161375,0.047853205,9.3162604,4.69204642,0.140625,4.729232163,0.413709375,0.026721554,0.414571452,1.46445646,0.140625,4.593370961,-2.089798438,0.030192003,2.090016523,1.890609,0.046875,4.787076801,-0.042820313,0.001282354,0.04283951,0.00337392,0.390625,4.779483274,0.0483,0.006486187,0.048733568,0.08625586,0.140625,4.813214953,-0.01805,0.004747335,0.01866386,0.04634434,0.046875,4.76025982,1125,imbalance_forward_8,imbalance_forward,imbalance
-9.322046875,0.032275082,9.322102747,2.13337312,0.21875,4.707357707,0.417642188,0.025282571,0.418406746,1.3128226,0.140625,4.750628148,-2.092604687,0.027465094,2.092784917,1.55320408,0.21875,4.786332692,-0.043023438,0.001141373,0.043038575,0.00272312,0.171875,4.852880056,0.048428125,0.004798518,0.048665276,0.0471619,0.03125,4.686308184,-0.017603125,0.003437021,0.017935527,0.02507526,0.171875,4.795939326,881.25,imbalance_forward_7,imbalance_forward,imbalance
-9.319695313,0.041993353,9.31978992,3.64688,0.171875,4.584831912,0.414460938,0.022263168,0.415058451,1.0339258,0.171875,4.773159301,-2.0956,0.031461837,2.095836159,2.02793666,0.140625,4.754015461,-0.042775,0.001155016,0.042790591,0.00284466,0.171875,4.730859661,0.049192188,0.006895635,0.049673143,0.0977656,0.140625,4.65181245,-0.01845,0.004726918,0.019045899,0.04581,0.03125,4.735548451,984.375,imbalance_forward_3,imbalance_forward,imbalance
-9.3186125,0.041301057,9.318704025,3.50243682,0.140625,4.667092172,0.4147625,0.022427442,0.415368417,1.04543634,0.140625,4.734837963,-2.0948875,0.03210338,2.095133472,2.11199424,0.140625,4.696859615,-0.0427875,0.001107714,0.042801836,0.00257128,0.171875,4.737979858,0.048428125,0.00685783,0.048911278,0.0966551,0.03125,4.47741317,-0.017739063,0.004917145,0.018407951,0.04963424,0.03125,4.684585647,1078.125,imbalance_forward_3,imbalance_forward,imbalance
-9.321339063,0.028913841,9.321383906,1.73188972,0.140625,4.819663027,0.417642188,0.022890888,0.41826904,1.07315016,0.125,4.765570916,-2.094098437,0.027007808,2.094272592,1.50869932,0.03125,4.841119435,-0.042942187,0.001060337,0.042955277,0.00245924,0.5,4.812756836,0.048204687,0.004611617,0.048424776,0.04493296,0.03125,4.772625856,-0.017596875,0.003119694,0.017871276,0.02044414,0.421875,4.786119101,1061.25,imbalance_forward_7,imbalance_forward,imbalance
-9.320621875,0.019550987,9.32064238,0.80299006,0.1875,4.855369464,0.41255,0.019987074,0.41303388,0.81818562,0.09375,4.831550266,-2.087440625,0.022682225,2.087563854,1.05562128,0.046875,4.708691795,-0.042542187,0.001045646,0.042555036,0.00224404,0.015625,4.792860588,0.0466,0.004227773,0.046791389,0.03675058,0.046875,4.74394618,-0.016457813,0.003644122,0.01685643,0.0272118,0.046875,4.680338244,2936.25,imbalance_forward_11,imbalance_forward,imbalance
-9.32298125,0.035621135,9.3230493,2.61932186,0.21875,4.875676208,0.414379688,0.026645914,0.415235512,1.45456096,0.140625,4.675191942,-2.0913,0.029922013,2.091514049,1.84652562,0.078125,4.718568285,-0.0428375,0.001140244,0.042852673,0.00266344,0.484375,4.696950628,0.047082813,0.00606031,0.04747124,0.07681376,0.03125,4.644465947,-0.0174625,0.004213019,0.017963531,0.03662482,0.046875,4.765091623,1792.5,imbalance_forward_9,imbalance_forward,imbalance
-9.318760937,0.040044813,9.318846978,3.28971144,0.140625,4.723502206,0.415509375,0.021767728,0.416079169,0.9778784,0.140625,4.726350681,-2.095259375,0.032580601,2.095512669,2.17396878,0.140625,4.733954975,-0.04285,0.001136469,0.042865068,0.0026912,0.171875,4.852991917,0.048639063,0.007174033,0.049165284,0.10550052,0.03125,4.592927224,-0.017976563,0.004937191,0.018642228,0.04994036,0.03125,4.692103435,1093.125,imbalance_forward_3,imbalance_forward,imbalance
-9.320253125,0.02005547,9.320274703,0.8333831,0.1875,4.875719369,0.4161375,0.018270857,0.416538405,0.69471298,0.125,4.909209089,-2.087101563,0.02628599,2.087267085,1.41750136,0.046875,4.622969532,-0.042540625,0.00135862,0.042562315,0.00379088,0.109375,4.721745778,0.046704688,0.005586967,0.047037666,0.06397768,0.09375,4.532955554,-0.016215625,0.002728909,0.016443644,0.01559456,0.015625,4.67001344,2741.25,imbalance_forward_11,imbalance_forward,imbalance
-9.319807813,0.039774412,9.319892685,3.24188452,0.125,4.730625036,0.412695313,0.021136272,0.413236207,0.95625576,0.125,4.760580858,-2.088676563,0.0323576,2.088927188,2.14530228,0.125,4.709324064,-0.042615625,0.001142943,0.042630949,0.00280334,0.171875,4.64622917,0.048101563,0.007021029,0.048611266,0.10107596,0.046875,4.61611477,-0.017842188,0.004626615,0.018432287,0.04385484,0.046875,4.576422671,828.75,imbalance_forward_3,imbalance_forward,imbalance
-9.317296875,0.031248555,9.317349276,2.0084743,0.125,4.659845025,0.419929688,0.035783388,0.421451531,2.64028056,0.03125,4.806626291,-2.098479688,0.027582349,2.09866095,1.55822584,0.171875,4.721184728,-0.0428125,0.001355371,0.042833949,0.00396626,0.5,4.848268586,0.046692188,0.007273632,0.047255329,0.11523056,0.5,4.699136051,-0.016964062,0.007640034,0.018605094,0.1218472,0.421875,4.752475396,712.5,imbalance_forward_10,imbalance_forward,imbalance
-9.3189125,0.040104268,9.318998795,3.2980461,0.15625,4.722391364,0.417379688,0.021140839,0.41791475,0.91555412,0.125,4.775724052,-2.097657813,0.033459532,2.09792465,2.29811264,0.125,4.817322577,-0.042871875,0.001152507,0.042887363,0.00272998,0.171875,4.807205107,0.049578125,0.005857886,0.049922994,0.07117566,0.03125,4.66472663,-0.01895625,0.004319862,0.019442238,0.03827018,0.03125,4.817690545,980.625,imbalance_forward_4,imbalance_forward,imbalance
-9.320107813,0.018649592,9.320126471,0.72260544,0.25,4.80289912,0.414904688,0.019080114,0.415343172,0.74622036,0.03125,4.658061252,-2.096948438,0.026354281,2.09711404,1.425005,0.078125,4.768315887,-0.042621875,0.001111512,0.042636366,0.0025336,0.109375,4.795702231,0.048126563,0.003840949,0.048279591,0.03028004,0.03125,4.599384515,-0.017659375,0.003381,0.017980119,0.0234144,0.03125,4.561930282,871.875,imbalance_forward_12,imbalance_forward,imbalance
-9.3193125,0.054661042,9.319472802,6.11921938,0.140625,4.562379335,0.406378125,0.025291812,0.407164409,1.31185598,0.15625,4.78109361,-2.0907375,0.027865152,2.090923184,1.59024802,0.03125,4.789193183,-0.042859375,0.001488468,0.042885214,0.0046047,0.1875,4.807993202,0.045667188,0.008031385,0.04636804,0.13234224,0.0625,4.64771755,-0.01680625,0.005502865,0.017684218,0.06225418,0.0625,4.80963763,1710,imbalance_forward_1,imbalance_forward,imbalance
-9.322089063,0.020215697,9.322110982,0.84905532,0.15625,4.834108698,0.416846875,0.023135747,0.417488419,1.096356,0.03125,4.64960539,-2.092871875,0.025078947,2.09302213,1.31728222,0.078125,4.775229982,-0.042840625,0.001184235,0.04285699,0.00289806,0.15625,4.830941605,0.04790625,0.003656068,0.048045558,0.0273921,0.03125,4.677952641,-0.01723125,0.003256286,0.01753623,0.02172458,0.03125,4.617904657,1126.875,imbalance_forward_12,imbalance_forward,imbalance
-9.324029688,0.049627745,9.32416176,5.05474772,0.140625,4.577345824,0.408057813,0.026541588,0.408920083,1.44282504,0.140625,4.728506247,-2.096310938,0.033729277,2.096582269,2.3301672,0.140625,4.779116396,-0.042760938,0.001222397,0.042778406,0.00335548,0.5,4.769787488,0.046542188,0.007981048,0.047221524,0.13062284,0.140625,4.650289768,-0.01729375,0.005847753,0.018255684,0.07035136,0.328125,4.765013083,1278.75,imbalance_forward_2,imbalance_forward,imbalance
-9.32205,0.042913219,9.322148773,3.80486816,0.265625,4.79901697,0.414239063,0.023099727,0.414882632,1.09362756,0.140625,4.753732537,-2.090215625,0.02684038,2.090387946,1.47566998,0.140625,4.801844053,-0.04289375,0.001176445,0.04290988,0.0028384,0.4375,4.78265639,0.04646875,0.006510061,0.046922549,0.0878633,0.125,4.831504638,-0.016764063,0.004571596,0.017376227,0.04280328,0.28125,4.814506591,1398.75,imbalance_forward_8,imbalance_forward,imbalance
-9.3214875,0.040125812,9.321573864,3.31189544,0.140625,4.732663316,0.410939063,0.02173354,0.411513377,0.96840128,0.140625,4.76507699,-2.096459375,0.03357418,2.096728198,2.32461422,0.03125,4.718873883,-0.042892188,0.001126292,0.042906972,0.0026358,0.46875,4.865189925,0.047895313,0.007757243,0.048519437,0.12334608,0.03125,4.659326888,-0.01736875,0.005151452,0.018116593,0.0545777,0.03125,4.722371741,967.5,imbalance_forward_2,imbalance_forward,imbalance
-9.320851563,0.039262375,9.320934255,3.16735788,0.171875,4.699573073,0.418315625,0.026862603,0.419177244,1.47802384,0.140625,4.69045338,-2.09615625,0.026996857,2.096330092,1.51328952,0.046875,4.708738301,-0.042926563,0.001235066,0.042944326,0.0031244,0.171875,4.802016037,0.048903125,0.005545098,0.049216499,0.06361296,0.171875,4.781136202,-0.017753125,0.004155943,0.018233083,0.03546526,0.390625,4.788915679,1158.75,imbalance_forward_7,imbalance_forward,imbalance
-9.31778125,0.028792902,9.317825736,1.7135913,0.15625,4.88587524,0.411064063,0.027204161,0.411963263,1.54094592,0.21875,4.689359828,-2.092571875,0.030745266,2.092797726,1.97919264,0.109375,4.760369111,-0.042820313,0.001150704,0.042835771,0.0027136,0.484375,4.713438727,0.047357813,0.005508936,0.047677152,0.06239768,0.15625,4.811266285,-0.017464063,0.004746754,0.018097656,0.04643528,0.03125,4.782458303,2373.75,imbalance_forward_5,imbalance_forward,imbalance
-9.315840625,0.042608067,9.315938063,3.7213168,0.15625,4.664433838,0.4120625,0.028177055,0.413024758,1.63958176,0.125,4.723620163,-2.088715625,0.032037742,2.088961316,2.10228622,0.125,4.759646364,-0.042754688,0.000985985,0.042766055,0.00200024,0.21875,4.844310655,0.04836875,0.006270787,0.048773546,0.08147482,0.03125,4.74849249,-0.017954688,0.005416524,0.01875392,0.06011536,0.03125,4.82564563,1477.5,imbalance_forward_4,imbalance_forward,imbalance
-9.323625,0.036893212,9.323697992,2.80683784,0.09375,4.684795452,0.412785938,0.025731613,0.413587169,1.3567468,0.078125,4.557721955,-2.095446875,0.032252345,2.095695068,2.13936256,0.0625,4.639866448,-0.042735938,0.001254911,0.042754358,0.00322784,0.09375,4.534987573,0.048245313,0.005913093,0.048606325,0.07174708,0.015625,4.533304201,-0.017767188,0.005430932,0.018578697,0.06040592,0.015625,4.527533373,2737.5,imbalance_forward_0,imbalance_forward,imbalance
-9.320998437,0.053862749,9.321154063,5.9445904,0.0625,4.622554904,0.4095625,0.02467399,0.410305066,1.25189442,0.15625,4.786515906,-2.094585938,0.028922385,2.09478561,1.71666372,0.0625,4.629599639,-0.042751563,0.001629416,0.042782603,0.00547188,0.078125,4.809623217,0.048257813,0.007723782,0.048872009,0.122197,0.015625,4.560369238,-0.017784375,0.006252405,0.018851434,0.0800655,0.046875,4.648684816,2317.5,imbalance_forward_1,imbalance_forward,imbalance
-9.320289062,0.051003548,9.320428615,5.33000432,0.0625,4.624151828,0.411285938,0.024122253,0.411992725,1.19225768,0.078125,4.651201127,-2.089914063,0.027079812,2.090089497,1.50296924,0.0625,4.653648763,-0.04270625,0.001565435,0.042734932,0.0050233,0.078125,4.762873015,0.04661875,0.007481495,0.047215258,0.11470424,0.015625,4.612754284,-0.0166125,0.006017851,0.01766889,0.07418914,0.046875,4.689078557,2767.5,imbalance_forward_0,imbalance_forward,imbalance
-9.313367188,0.03733818,9.313442033,2.88503936,0.25,4.763554836,0.411990625,0.029353528,0.413034992,1.79152942,0.15625,4.852816874,-2.091595313,0.031799973,2.091837037,2.10264208,0.09375,4.802700634,-0.04279375,0.001129418,0.042808651,0.00262922,0.484375,4.824593844,0.048365625,0.006791291,0.048840099,0.09748352,0.140625,4.859480751,-0.018251563,0.005708655,0.019123501,0.06674656,0.03125,4.774884054,2081.25,imbalance_forward_5,imbalance_forward,imbalance
-9.317075,0.048074743,9.317199028,4.73908744,0.15625,4.632765629,0.414307813,0.027422951,0.41521438,1.55148856,0.125,4.696239937,-2.091671875,0.036718654,2.091994142,2.772636,0.125,4.763746355,-0.042920313,0.001157473,0.042935917,0.00276624,0.1875,4.802039947,0.048148438,0.006969061,0.048650178,0.099677,0.15625,4.717776978,-0.017825,0.005585388,0.018679593,0.06420808,0.015625,4.784352014,952.5,imbalance_forward_4,imbalance_forward,imbalance
-9.3200625,0.020077417,9.320084126,0.84429472,0.40625,4.842246359,0.414496875,0.022844494,0.415125921,1.06879168,0.09375,4.713943259,-2.089685937,0.021028157,2.089791736,0.90675804,0.015625,4.75232558,-0.042645313,0.001097288,0.042659427,0.00247428,0.09375,4.800408633,0.046998438,0.003996072,0.047168016,0.03270428,0.0625,4.724123559,-0.017117188,0.003402414,0.017452064,0.02371116,0.03125,4.664726995,2666.25,imbalance_forward_10,imbalance_forward,imbalance
-9.32391875,0.037658037,9.323994798,2.91833706,0.109375,4.799865134,0.412809375,0.029274459,0.413846075,1.75637366,0.140625,4.709017279,-2.092345313,0.030300954,2.092564707,1.91079712,0.078125,4.77292479,-0.042764063,0.00119352,0.042780714,0.0029552,0.484375,4.760773227,0.046432813,0.005948977,0.046812353,0.07395364,0.03125,4.703485751,-0.017029687,0.004380449,0.017584044,0.04014232,0.34375,4.898144555,1717.5,imbalance_forward_9,imbalance_forward,imbalance
-9.320814063,0.029122639,9.320859559,1.74131876,0.265625,4.866463988,0.420446875,0.02413982,0.421139295,1.19378672,0.125,4.738167143,-2.095145312,0.027800882,2.095329752,1.59252336,0.03125,4.876938474,-0.042982812,0.001133103,0.042997745,0.00266392,0.234375,4.834094732,0.048470312,0.004453499,0.048674478,0.04188436,0.203125,4.824614649,-0.0177875,0.003245309,0.018081128,0.02174258,0.484375,4.799291063,1297.5,imbalance_forward_6,imbalance_forward,imbalance
-9.319996875,0.037604143,9.320072737,2.89994352,0.109375,4.706560496,0.41378125,0.021388387,0.414333665,0.97755392,0.15625,4.854653017,-2.095303125,0.031276494,2.095536543,2.00430854,0.046875,4.776703981,-0.042670313,0.001256319,0.042688803,0.00331056,0.109375,4.813648063,0.048770313,0.006689023,0.049226887,0.09194372,0.03125,4.565287176,-0.018071875,0.004834979,0.018707477,0.04810086,0.03125,4.765658664,795,imbalance_forward_2,imbalance_forward,imbalance
-9.318192188,0.049655731,9.318324492,5.04976464,0.140625,4.533012136,0.408842188,0.026797323,0.409719454,1.47149804,0.140625,4.790635887,-2.093467188,0.030874297,2.093694841,1.97286452,0.03125,4.80800378,-0.04271875,0.001398087,0.042741622,0.0042321,0.5,4.818499392,0.047065625,0.007660557,0.047684979,0.12041838,0.03125,4.67880289,-0.017389063,0.005599306,0.018268326,0.0642666,0.0625,4.706536076,1215,imbalance_forward_1,imbalance_forward,imbalance
-9.31823125,0.038769144,9.318311901,3.08080256,0.171875,4.724140004,0.418278125,0.027310606,0.419168772,1.53106814,0.140625,4.713437551,-2.096495313,0.027433536,2.096674795,1.54684552,0.046875,4.731227036,-0.042954688,0.001239068,0.042972555,0.0031654,0.171875,4.766671578,0.049282813,0.005253497,0.04956203,0.05669436,0.140625,4.756110966,-0.017798438,0.00401024,0.018244627,0.03294284,0.171875,4.782706329,1106.25,imbalance_forward_7,imbalance_forward,imbalance
-9.317670312,0.028424569,9.317713669,1.65472084,0.375,4.71144179,0.417910938,0.037407486,0.419581782,2.88027444,0.03125,4.812086437,-2.100348438,0.024986071,2.100497051,1.29641568,0.15625,4.779403184,-0.042742188,0.001371564,0.042764188,0.00401288,0.375,4.851883151,0.046990625,0.007263752,0.047548722,0.11363246,0.484375,4.669298188,-0.017275,0.007715447,0.018919666,0.12392338,0.421875,4.725874317,742.5,imbalance_forward_10,imbalance_forward,imbalance
-9.320140625,0.036211168,9.32021097,2.69830134,0.34375,4.587515487,0.731057813,0.041034668,0.732208556,3.45266212,0.34375,4.122119141,-2.070604688,0.037901498,2.070951543,2.94528888,0.34375,4.62625854,-0.0438125,0.003212695,0.043930133,0.02114336,0.34375,4.750987547,0.049210937,0.010742499,0.050369809,0.23656444,0.34375,4.524780399,-0.017714063,0.006343793,0.018815731,0.08259024,0.34375,4.508131646,5216.25,forward_normal_10,forward_normal,normal
-9.31875625,0.029534471,9.318803053,1.78643962,0.328125,4.645866262,0.742426563,0.044145623,0.743737882,3.99417296,0.328125,4.259288388,-2.06836875,0.047672538,2.068918064,4.6544425,0.328125,4.394528949,-0.042485938,0.00126205,0.042504678,0.00331712,0.1875,4.843156634,0.049671875,0.008396325,0.050376517,0.14502846,0.328125,4.353193794,-0.017873438,0.00857094,0.019822229,0.15047936,0.328125,4.428562806,4693.125,forward_normal_6,forward_normal,normal
-9.277676563,0.048940617,9.277805645,4.90647444,0.328125,4.612349763,0.74198125,0.037974185,0.742952363,2.9533068,0.328125,4.535336592,-2.087095313,0.034337149,2.087377753,2.41570868,0.328125,4.682759862,-0.042878125,0.004430381,0.043106402,0.04074982,0.171875,4.776527316,0.04884375,0.011841306,0.050258616,0.28741432,0.328125,4.531883772,-0.018367188,0.013487611,0.022787479,0.37329668,0.328125,4.529961564,5370,forward_normal_0,forward_normal,normal
-9.318870313,0.040918722,9.318960148,3.45830976,0.34375,4.683673397,0.7352125,0.042623825,0.736447018,3.7536061,0.34375,4.351074003,-2.074945312,0.031392629,2.075182774,2.04256424,0.34375,4.767531492,-0.043332813,0.002042138,0.043380906,0.00855188,0.34375,4.574350695,0.049214063,0.009954849,0.050210785,0.2041998,0.34375,4.43744314,-0.01763125,0.007086229,0.01900199,0.10300888,0.34375,4.506607155,5300.625,forward_normal_9,forward_normal,normal
-9.319392188,0.041615559,9.319485104,3.558224,0.34375,4.662169361,0.7349875,0.042611682,0.736221693,3.72613362,0.34375,4.355907581,-2.075170313,0.031652156,2.07541169,2.09446836,0.34375,4.749832955,-0.043370312,0.00208901,0.043420594,0.0089374,0.34375,4.553891471,0.048876563,0.009716718,0.049833051,0.19356716,0.34375,4.424679706,-0.01758125,0.007072501,0.018950478,0.1026108,0.34375,4.487584281,5236.875,forward_normal_9,forward_normal,normal
-9.290321875,0.061697053,9.290526738,7.80981094,0.328125,4.489734468,0.746839063,0.058020292,0.749089407,6.91755676,0.3125,4.530179207,-2.073523437,0.04819842,2.074083541,4.76428468,0.3125,4.632277115,-0.0424625,0.00469546,0.042721321,0.04526848,0.3125,4.536827298,0.047210937,0.022294871,0.052210477,1.01798372,0.3125,4.284015236,-0.016751562,0.015511498,0.022830274,0.49278336,0.3125,4.442399215,4625.625,forward_normal_1,forward_normal,normal
-9.283548437,0.041582899,9.283641566,3.5715562,0.328125,4.513452768,0.742120313,0.041772648,0.743295037,3.58024408,0.34375,4.392474587,-2.081985938,0.040126374,2.082372582,3.33220128,0.34375,4.76700589,-0.042665625,0.001345504,0.042686836,0.00370798,0.328125,4.786950832,0.047832813,0.009445999,0.048756588,0.18277808,0.34375,4.370443238,-0.017045313,0.007837967,0.018761034,0.12623388,0.34375,4.339883026,5701.875,forward_normal_6,forward_normal,normal
-9.311160938,0.040633221,9.311249597,3.38200532,0.34375,4.376899637,0.739209375,0.050366317,0.740923252,5.19644846,0.328125,4.204736998,-2.063346875,0.043487768,2.063805105,3.87872446,0.328125,4.515169187,-0.043003125,0.001289012,0.04302244,0.00349534,0.25,4.804541346,0.049960938,0.0110127,0.051160286,0.24842956,0.328125,4.133413379,-0.01768125,0.009110894,0.019890576,0.17002858,0.328125,4.341425994,4766.25,forward_normal_5,forward_normal,normal
-9.310609375,0.041572695,9.310702187,3.54248494,0.34375,4.479775772,0.736632813,0.049300083,0.738280704,4.9780008,0.328125,4.388309284,-2.074871875,0.044594918,2.075351056,4.08129536,0.3125,4.605683738,-0.0432875,0.001813879,0.043325487,0.00678824,0.328125,4.759895223,0.0494125,0.011994732,0.050847505,0.29465474,0.328125,4.085425425,-0.016907813,0.009467581,0.01937806,0.18438472,0.34375,4.317428956,4980,forward_normal_3,forward_normal,normal
-9.265564063,0.034215249,9.265627236,2.4026094,0.328125,4.579873456,0.740584375,0.03756284,0.741536367,2.90942102,0.328125,4.515715411,-2.101020313,0.021440734,2.10112971,0.94150116,0.328125,4.814432937,-0.0425375,0.002447926,0.042607878,0.01233504,0.328125,4.714778125,0.0481,0.010354468,0.04920188,0.21961682,0.328125,4.29298663,-0.017223438,0.0074562,0.018768104,0.1139848,0.328125,4.612021201,8780.625,forward_normal_7,forward_normal,normal
-9.289946875,0.061731234,9.290151973,7.8109959,0.3125,4.527689689,0.747514063,0.057510501,0.749723103,6.77441464,0.3125,4.528288605,-2.072585938,0.04902681,2.073165719,4.93874044,0.3125,4.693828459,-0.042498438,0.004675317,0.042754833,0.04484704,0.21875,4.52399981,0.047698437,0.022192359,0.052608381,1.00864844,0.3125,4.261561396,-0.017125,0.01531028,0.022971076,0.4800628,0.3125,4.473939649,4565.625,forward_normal_2,forward_normal,normal
-9.316926562,0.040013475,9.317012485,3.27914428,0.328125,4.47718871,0.726121875,0.042649386,0.727373321,3.72688678,0.328125,4.314616815,-2.077384375,0.036105727,2.077698117,2.68053742,0.328125,4.651342072,-0.043535937,0.003785349,0.043700191,0.02958532,0.328125,4.692809439,0.049796875,0.010991502,0.050995508,0.24915398,0.328125,4.466036559,-0.017896875,0.007484609,0.019398905,0.11506048,0.328125,4.671269332,5235,forward_normal_11,forward_normal,normal
-9.3178625,0.039583529,9.317946578,3.21116514,0.328125,4.397001084,0.726570313,0.043443518,0.727867954,3.86531984,0.328125,4.332148556,-2.080078125,0.034138736,2.080358253,2.39124752,0.328125,4.56333522,-0.043695313,0.003836479,0.043863412,0.03058468,0.328125,4.645314783,0.049442188,0.01070893,0.050588646,0.23592968,0.328125,4.44126819,-0.017628125,0.007456488,0.019140272,0.11391326,0.328125,4.617942503,5280,forward_normal_11,forward_normal,normal
-9.306115625,0.058601555,9.306300133,7.03570096,0.328125,4.319889447,0.743435937,0.046441271,0.744885082,4.41711248,0.328125,4.32071009,-2.076375,0.036775629,2.076700649,2.78909768,0.328125,4.578549438,-0.042276563,0.003613678,0.042430725,0.026782,0.328125,4.601314241,0.049585937,0.01080947,0.050750466,0.23939724,0.328125,4.228116716,-0.017042188,0.009300383,0.01941477,0.17743652,0.328125,4.456018365,6063.75,forward_normal_13,forward_normal,normal
-9.2931625,0.042523253,9.293259788,3.74576424,0.328125,4.588813705,0.739953125,0.042903445,0.74119588,3.78713758,0.328125,4.342521853,-2.076935938,0.042098153,2.077362545,3.64093244,0.34375,4.60440551,-0.042821875,0.001378118,0.042844045,0.0038899,0.1875,4.827049809,0.048278125,0.008541891,0.049027964,0.14953088,0.328125,4.155833252,-0.01725625,0.007914245,0.018984558,0.12909312,0.328125,4.53366989,5341.875,forward_normal_6,forward_normal,normal
-9.264926563,0.032253223,9.264982703,2.13198076,0.328125,4.678750757,0.740996875,0.039801115,0.742065022,3.27069968,0.328125,4.644556771,-2.097132813,0.023829053,2.097268189,1.1668192,0.171875,4.757305537,-0.042485938,0.002458459,0.042557008,0.01241428,0.328125,4.696684804,0.047998438,0.010285176,0.049088032,0.21669248,0.328125,4.464044027,-0.017182813,0.007658585,0.018812309,0.12080404,0.328125,4.607871322,8690.625,forward_normal_7,forward_normal,normal
-9.3202875,0.059139326,9.320475124,7.17888994,0.34375,4.380467205,0.730604688,0.041010465,0.731754787,3.46762276,0.34375,4.434470827,-2.069004687,0.043859108,2.069469502,3.94392904,0.34375,4.638190581,-0.043282813,0.003896054,0.043457808,0.03145428,0.34375,4.627026639,0.049248438,0.010481606,0.050351491,0.225337,0.34375,4.533635851,-0.01703125,0.008382494,0.018982352,0.14399768,0.34375,4.58658657,5366.25,forward_normal_12,forward_normal,normal
-9.283925,0.052651359,9.284074298,5.69104072,0.328125,4.628181962,0.740479688,0.042438773,0.741694827,3.69754064,0.328125,4.369049503,-2.083659375,0.037888148,2.084003815,2.94473014,0.328125,4.688285964,-0.042467188,0.003437252,0.042606064,0.02443196,0.40625,4.876593885,0.0483125,0.014075494,0.050321141,0.4062933,0.328125,4.331881141,-0.017392188,0.011905321,0.021076642,0.29031628,0.328125,4.436008026,4923.75,forward_normal_1,forward_normal,normal
-9.271015625,0.035924409,9.271085227,2.69911894,0.34375,4.465371194,0.740360938,0.040491417,0.741467378,3.41315304,0.34375,4.513026329,-2.090139063,0.032827845,2.090396845,2.24690944,0.34375,4.853924697,-0.042648438,0.001963494,0.042693612,0.00792848,0.34375,4.675816331,0.04738125,0.009722925,0.048368565,0.19366656,0.34375,4.335222077,-0.017117188,0.007502136,0.018689038,0.11558064,0.34375,4.487173956,7351.875,forward_normal_7,forward_normal,normal
-9.314492188,0.043567334,9.314594077,3.887625,0.34375,4.286288412,0.7371125,0.04818976,0.738686057,4.7562669,0.328125,4.318433722,-2.063159375,0.040855063,2.063563845,3.44316624,0.34375,4.625380399,-0.043123438,0.001512732,0.043149962,0.00493076,0.328125,4.731333944,0.050020313,0.011062284,0.051228955,0.25070284,0.34375,4.146842262,-0.0176875,0.009087603,0.019885477,0.1691389,0.34375,4.32147979,4848.75,forward_normal_4,forward_normal,normal
-9.3223125,0.036340295,9.322383331,2.7133093,0.34375,4.542104952,0.733114063,0.042493661,0.734344565,3.70341136,0.34375,4.325502279,-2.075245313,0.037588724,2.075585705,2.91015156,0.34375,4.637904385,-0.043957813,0.00317627,0.044072417,0.02069128,0.34375,4.792389651,0.049070313,0.010530027,0.050187419,0.22709136,0.34375,4.328323225,-0.017621875,0.006321725,0.018721503,0.08188902,0.34375,4.521568551,5478.75,forward_normal_9,forward_normal,normal
-9.326279688,0.038523735,9.326359251,3.05637536,0.34375,4.518391335,0.733603125,0.043003252,0.734862453,3.79445296,0.34375,4.322527551,-2.071801563,0.037847253,2.072147227,2.94257636,0.34375,4.651920422,-0.043903125,0.003145233,0.044015644,0.0202704,0.34375,4.76582798,0.049485938,0.010855627,0.050662636,0.24183568,0.34375,4.514221214,-0.017945312,0.006835019,0.019202909,0.0956778,0.34375,4.475813308,5756.25,forward_normal_9,forward_normal,normal
-9.315128125,0.04362882,9.315230296,3.89831696,0.34375,4.214014857,0.736814062,0.048053404,0.738379369,4.72911052,0.328125,4.28800908,-2.06480625,0.042286644,2.065239214,3.69742392,0.34375,4.588582194,-0.043185938,0.001488799,0.043211592,0.00478808,0.328125,4.72998374,0.050110937,0.011006037,0.05130535,0.2480812,0.34375,4.060914292,-0.01785,0.008924107,0.019956507,0.16311666,0.34375,4.30776413,4822.5,forward_normal_4,forward_normal,normal
-9.3165125,0.039627037,9.316596775,3.21892768,0.328125,4.523714766,0.726871875,0.040984866,0.728026429,3.44151974,0.328125,4.536239272,-2.075998438,0.038506884,2.076355531,3.04135136,0.34375,4.670552596,-0.043457813,0.003687132,0.043613947,0.02806504,0.328125,4.779124386,0.049764063,0.010628417,0.050886395,0.23283384,0.328125,4.47328976,-0.017935938,0.007010402,0.0192573,0.10097052,0.34375,4.702754309,5201.25,forward_normal_10,forward_normal,normal
-9.314940625,0.041076909,9.315031195,3.4557224,0.34375,4.516023838,0.729565625,0.039542182,0.730636425,3.22061392,0.34375,4.418412715,-2.07700625,0.037188128,2.077339144,2.83978648,0.34375,4.643706881,-0.0432125,0.002641939,0.043293187,0.01429714,0.34375,4.703012985,0.049428125,0.010611719,0.050554408,0.2334952,0.34375,4.483874362,-0.017915625,0.006773852,0.019153451,0.0941456,0.34375,4.666819525,5156.25,forward_normal_10,forward_normal,normal
-9.269346875,0.036786763,9.269419872,2.7716264,0.328125,4.528208754,0.739923438,0.03882161,0.740941166,3.13723392,0.328125,4.309704969,-2.096754688,0.028182846,2.096944084,1.71651628,0.328125,4.766343828,-0.042498438,0.002269877,0.042559012,0.010601,0.328125,4.765214397,0.047523438,0.009443611,0.048452646,0.18266812,0.328125,4.162929442,-0.016745312,0.008728562,0.018883678,0.15610104,0.328125,4.46532523,6035.625,forward_normal_8,forward_normal,normal
-9.319471875,0.038963787,9.319553327,3.1098739,0.328125,4.428269424,0.728365625,0.044685579,0.729735078,4.09405646,0.328125,4.347650999,-2.0777625,0.03641332,2.078081552,2.7186565,0.328125,4.673025999,-0.043878125,0.003913218,0.044052277,0.0315656,0.328125,4.742103012,0.049584375,0.011388251,0.050875362,0.26706774,0.328125,4.447712829,-0.017596875,0.007796373,0.019246647,0.12450246,0.328125,4.593791689,5160,forward_normal_11,forward_normal,normal
-9.296759375,0.046054752,9.296873448,4.3851323,0.328125,4.597569967,0.743923438,0.040915487,0.745047755,3.43225104,0.328125,4.496413568,-2.081834375,0.038853484,2.082196907,3.10905664,0.34375,4.633057182,-0.042982812,0.002679235,0.043066234,0.01528256,0.34375,4.724866759,0.048751563,0.01013518,0.049793943,0.2108274,0.328125,4.316915807,-0.017464063,0.009671985,0.019963486,0.19340292,0.34375,4.597341193,4168.125,forward_normal_3,forward_normal,normal
-9.320367188,0.038001937,9.32044466,2.95809708,0.328125,4.4761761,0.727465625,0.044196985,0.728806977,4.00951376,0.328125,4.370344726,-2.0781375,0.037192411,2.07847029,2.83418818,0.328125,4.640650183,-0.04386875,0.003985163,0.04404939,0.03277624,0.328125,4.730639537,0.0493,0.011377486,0.050595822,0.26724642,0.328125,4.461537544,-0.0173375,0.008264561,0.019206558,0.13997426,0.328125,4.603999934,5137.5,forward_normal_11,forward_normal,normal
-9.269609375,0.036153521,9.269679878,2.67981238,0.328125,4.550629142,0.740710938,0.039953673,0.741787698,3.2824498,0.328125,4.306115357,-2.09608125,0.027380461,2.096260074,1.60425912,0.328125,4.80826361,-0.042415625,0.002308694,0.04247841,0.01091696,0.328125,4.790402427,0.04786875,0.009581784,0.048818314,0.18804376,0.328125,4.191089033,-0.016784375,0.008741089,0.018924108,0.15654576,0.328125,4.465860155,5836.875,forward_normal_8,forward_normal,normal
-9.313489063,0.04255788,9.313586296,3.71678576,0.34375,4.406644214,0.736932813,0.048632223,0.738535756,4.84385356,0.328125,4.416768781,-2.07569375,0.045169289,2.076185158,4.17958538,0.3125,4.611051475,-0.043220313,0.001847818,0.043259795,0.007009,0.328125,4.639815485,0.049532813,0.012047018,0.050976761,0.29725568,0.328125,4.089437738,-0.017040625,0.009455847,0.019488354,0.18371648,0.34375,4.296823579,4950,forward_normal_4,forward_normal,normal
-9.321376563,0.03636254,9.321447487,2.73436284,0.34375,4.441589149,0.734235938,0.041656975,0.735416695,3.55397488,0.34375,4.158496663,-2.075282813,0.037750131,2.075626128,2.91857632,0.34375,4.641979727,-0.043953125,0.003164252,0.044066877,0.020508,0.34375,4.762508729,0.049378125,0.01053658,0.050489789,0.22738366,0.34375,4.296932114,-0.017782813,0.006342159,0.018879921,0.08267192,0.34375,4.507331423,5426.25,forward_normal_9,forward_normal,normal
-9.303829688,0.044953739,9.303938289,4.1753168,0.328125,4.58997625,0.739210938,0.044919783,0.740574505,4.13242772,0.328125,4.406271672,-2.078425,0.041136271,2.078832046,3.49146626,0.34375,4.651040235,-0.043278125,0.002146033,0.0433313,0.01027248,0.5,4.639560851,0.049160938,0.011733574,0.05054181,0.28196212,0.328125,4.224092405,-0.017278125,0.009405442,0.019672212,0.18252286,0.34375,4.48633908,4561.875,forward_normal_3,forward_normal,normal
-9.303873438,0.041179061,9.303964567,3.50041348,0.328125,4.514270069,0.737792188,0.048998847,0.739417473,4.91732156,0.328125,4.345130309,-2.076104688,0.043119914,2.076552431,3.82768232,0.328125,4.627669392,-0.04346875,0.001808994,0.043506375,0.00694842,0.328125,4.760789603,0.049367188,0.012953005,0.051038216,0.34361724,0.328125,4.06775433,-0.017525,0.009488875,0.019928983,0.18585736,0.328125,4.43495543,5049.375,forward_normal_3,forward_normal,normal
-9.309226563,0.041724147,9.309320066,3.57607416,0.328125,4.562959907,0.73738125,0.049081548,0.739012927,4.9351193,0.328125,4.405231094,-2.07558125,0.044394875,2.07605598,4.03918104,0.328125,4.633017102,-0.043371875,0.001769399,0.043407952,0.00661182,0.328125,4.702297635,0.04946875,0.012688687,0.051070148,0.32984618,0.328125,4.180374566,-0.016975,0.009367397,0.019388108,0.18091848,0.328125,4.388362557,5040,forward_normal_3,forward_normal,normal
-9.312845312,0.063265613,9.313060203,8.20819384,0.328125,4.552244731,0.739282812,0.044399083,0.74061485,4.0381074,0.328125,4.450136738,-2.074729688,0.040909854,2.075132982,3.441594,0.34375,4.617604717,-0.042471875,0.003602797,0.04262441,0.02661534,0.34375,4.703752362,0.049253125,0.010716794,0.050405555,0.23521414,0.328125,4.439201174,-0.016971875,0.009153218,0.019282789,0.1716448,0.328125,4.677025691,5610,forward_normal_13,forward_normal,normal
-9.319473438,0.036103399,9.319543369,2.67072164,0.34375,4.461659867,0.736332812,0.04820589,0.737909086,4.76067644,0.328125,4.405432853,-2.072364063,0.04153379,2.072780226,3.5720302,0.3125,4.557607669,-0.043223438,0.001904579,0.043265378,0.0074452,0.328125,4.664971378,0.049809375,0.011738461,0.051173873,0.28225744,0.34375,4.137181444,-0.01734375,0.009043452,0.0195599,0.1684705,0.34375,4.298453579,4826.25,forward_normal_4,forward_normal,normal
-9.285129688,0.039817092,9.28521506,3.25554704,0.328125,4.611108575,0.73723125,0.040913323,0.738365638,3.4312361,0.328125,4.358415021,-2.08736875,0.028852994,2.087568153,1.73030784,0.328125,4.827086486,-0.042692188,0.002352081,0.042756931,0.01137152,0.328125,4.686779666,0.04795625,0.00925979,0.048842048,0.1757097,0.328125,4.299403565,-0.01715,0.008166356,0.018995049,0.13670152,0.328125,4.460322859,4710,forward_normal_8,forward_normal,normal
-9.266453125,0.033588209,9.266513999,2.36979334,0.34375,4.575263259,0.739498438,0.040515473,0.740607482,3.3904316,0.34375,4.59851774,-2.093579688,0.026686134,2.09374976,1.45903712,0.359375,4.812609121,-0.042742188,0.002334109,0.042805872,0.01132144,0.3125,4.744208277,0.047876563,0.010121755,0.048934805,0.20989808,0.34375,4.454702161,-0.01745,0.007378071,0.018945671,0.11180232,0.34375,4.526932752,8141.25,forward_normal_7,forward_normal,normal
-9.32108125,0.037400208,9.321156283,2.8676569,0.34375,4.496523026,0.73801875,0.047935725,0.73957387,4.71496826,0.328125,4.422346797,-2.072625,0.042402756,2.073058703,3.73833672,0.34375,4.454155095,-0.043267188,0.001942216,0.043310758,0.00773848,0.328125,4.622950382,0.05024375,0.011640365,0.051574533,0.2775089,0.34375,4.104805565,-0.017689062,0.008784096,0.01975002,0.15861264,0.34375,4.411256517,4781.25,forward_normal_4,forward_normal,normal
-9.286654688,0.052614144,9.286803731,5.68508976,0.0625,4.661885761,0.737342187,0.040803216,0.738470313,3.40991032,0.203125,4.632105169,-2.080507813,0.036606703,2.080829837,2.74506828,0.296875,4.797849561,-0.042517188,0.010514002,0.043797893,0.22649972,0.203125,4.540575142,0.048946875,0.014249671,0.050978914,0.41585856,0.203125,4.475909425,-0.018295313,0.019388273,0.026657524,0.76989332,0.203125,4.253093302,7500,forward_normal_0,forward_normal,normal
-9.293575,0.045397143,9.293685877,4.23596706,0.3125,4.56484118,0.74699375,0.041627409,0.748152728,3.55298112,0.3125,4.478413757,-2.074498438,0.043291192,2.074950094,3.84279204,0.328125,4.657437681,-0.042209375,0.004609458,0.042460316,0.04357678,0.21875,4.705529327,0.048420313,0.013251004,0.050200755,0.36053532,0.3125,4.421157768,-0.017392188,0.011944092,0.021098567,0.29329856,0.328125,4.691511523,3708.75,forward_normal_2,forward_normal,normal
-9.305815625,0.053610704,9.305970049,5.89790742,0.328125,4.369559304,0.742876563,0.048861113,0.744481696,4.89837692,0.328125,4.319154218,-2.076221875,0.035708348,2.076528921,2.61156448,0.328125,4.490254038,-0.042142188,0.003356095,0.042275612,0.02312464,0.328125,4.666567627,0.049526563,0.010912969,0.050714626,0.24422736,0.328125,4.21816547,-0.017529688,0.008745993,0.019590364,0.15667048,0.328125,4.414850901,6581.25,forward_normal_13,forward_normal,normal
-9.324407813,0.037270994,9.324482301,2.85778008,0.34375,4.588646069,0.733414063,0.042211731,0.734627809,3.65308684,0.34375,4.340417482,-2.072926563,0.038489391,2.073283861,3.04800332,0.34375,4.696595026,-0.043967188,0.003152184,0.044080039,0.02035212,0.34375,4.801316385,0.049340625,0.010841193,0.050517608,0.24106358,0.34375,4.519156384,-0.01785,0.006580891,0.019024474,0.08869504,0.34375,4.534494588,5643.75,forward_normal_9,forward_normal,normal
-9.27476875,0.037735941,9.274845517,2.9288681,0.328125,4.605971383,0.738092187,0.040175305,0.739184776,3.32876188,0.328125,4.26768823,-2.092715625,0.030448118,2.092937117,1.94207056,0.328125,4.776456271,-0.042548437,0.00233927,0.042612694,0.01121248,0.328125,4.785591661,0.047617188,0.009192704,0.048496416,0.173278,0.328125,4.365518399,-0.017240625,0.008397316,0.019176915,0.14488272,0.328125,4.369116623,5130,forward_normal_8,forward_normal,normal
-9.316542188,0.045451997,9.316653059,4.24787684,0.34375,4.42801729,0.730304688,0.040896028,0.731448851,3.46248676,0.328125,4.485780171,-2.071098438,0.038911147,2.07146393,3.10663004,0.328125,4.651229232,-0.0435875,0.003508405,0.04372847,0.02520866,0.34375,4.649275588,0.049690625,0.011428223,0.050987866,0.26747808,0.34375,4.315773763,-0.017198438,0.008518133,0.019192312,0.14901184,0.328125,4.691121788,5265,forward_normal_12,forward_normal,normal
-9.2890125,0.057445622,9.289190127,6.79116704,0.3125,4.67539448,0.748973438,0.055101623,0.750997602,6.22124312,0.3125,4.602557912,-2.076254687,0.048840963,2.076829065,4.88814068,0.3125,4.629297618,-0.042285938,0.004870859,0.042565547,0.0487756,0.21875,4.597000565,0.047707813,0.021334994,0.05226105,0.93304908,0.3125,4.419713006,-0.01711875,0.015305298,0.022963095,0.47981568,0.3125,4.471955368,4426.875,forward_normal_2,forward_normal,normal
-9.289685938,0.05409379,9.28984343,5.99322064,0.078125,4.590913306,0.74175,0.038009949,0.742723245,2.96778528,0.1875,4.690602581,-2.081565625,0.03135201,2.08180172,2.01458006,0.21875,4.786966583,-0.04236875,0.010413571,0.043629731,0.22248216,0.203125,4.480451283,0.048770313,0.014006312,0.0507417,0.40186116,0.21875,4.430509952,-0.017484375,0.018062627,0.025138852,0.6681832,0.203125,4.32839552,13500,forward_normal_0,forward_normal,normal
-9.280445313,0.049048423,9.280574925,4.93533072,0.0625,4.679279473,0.739328125,0.035212566,0.740166198,2.54469118,0.328125,4.604044229,-2.083990625,0.034362406,2.084273902,2.41841134,0.328125,4.778689069,-0.043235938,0.009009446,0.044164651,0.1680304,0.203125,4.738778592,0.04875625,0.012743109,0.050394035,0.33372986,0.328125,4.575264506,-0.017839063,0.016611937,0.024375984,0.56658992,0.203125,4.386470418,5737.5,forward_normal_0,forward_normal,normal
-9.303496875,0.057747819,9.303676097,6.83475232,0.328125,4.30517726,0.742501563,0.045819682,0.743913983,4.31368796,0.328125,4.365039422,-2.075028125,0.037626476,2.075369237,2.90722208,0.328125,4.509339589,-0.04230625,0.003597042,0.042458892,0.02649898,0.328125,4.634073211,0.049623438,0.010873114,0.050800691,0.24245424,0.328125,4.292355587,-0.0174875,0.009137979,0.019731075,0.17102802,0.328125,4.424285833,6146.25,forward_normal_13,forward_normal,normal
-9.298179688,0.047447524,9.298300746,4.6465884,0.328125,4.576344745,0.741528125,0.043183788,0.742784491,3.82013312,0.328125,4.464745431,-2.079773438,0.040629262,2.080170255,3.40877008,0.34375,4.655263947,-0.043104688,0.002180699,0.043159814,0.01066796,0.5,4.646146141,0.048921875,0.010919771,0.050125754,0.2443016,0.328125,4.261802801,-0.017298438,0.009416317,0.019695252,0.18334832,0.34375,4.551050852,4393.125,forward_normal_3,forward_normal,normal
-9.272228125,0.036713836,9.27230081,2.76124064,0.328125,4.470099576,0.73955,0.040399489,0.740652632,3.35867138,0.328125,4.352384502,-2.092865625,0.029230769,2.093069746,1.81184078,0.328125,4.727862567,-0.042576563,0.002288268,0.042638009,0.01073472,0.328125,4.814120188,0.047925,0.009432954,0.048844511,0.18224114,0.328125,4.212400453,-0.0173,0.008440213,0.019249083,0.14589576,0.328125,4.326923774,5310,forward_normal_8,forward_normal,normal
-9.315126563,0.033262104,9.315185948,2.26584344,0.328125,4.554338522,0.742276563,0.043190952,0.74353208,3.82139616,0.328125,4.253041885,-2.067434375,0.047299793,2.067975378,4.58432406,0.328125,4.541251863,-0.042553125,0.001305753,0.042573154,0.0035459,0.1875,4.856770857,0.049484375,0.008497044,0.050208596,0.14824598,0.328125,4.1835771,-0.01793125,0.008598235,0.01988616,0.15145792,0.328125,4.45792972,4822.5,forward_normal_6,forward_normal,normal
-9.268,0.036757788,9.268072892,2.76760498,0.328125,4.47951287,0.74111875,0.039447065,0.74216782,3.21718968,0.328125,4.424136312,-2.098029687,0.025155993,2.098180496,1.3339736,0.328125,4.674251013,-0.042723438,0.002528262,0.04279818,0.01321428,0.328125,4.750703716,0.048210937,0.009779045,0.049192725,0.19613052,0.328125,4.244707761,-0.017251562,0.008363705,0.019172062,0.1436014,0.328125,4.495191908,6631.875,forward_normal_8,forward_normal,normal
-9.297285938,0.04364492,9.29738838,3.90258088,0.328125,4.500760214,0.734503125,0.041585785,0.735679426,3.54186592,0.328125,4.270125541,-2.0837,0.027575635,2.08388246,1.5584832,0.328125,4.800620924,-0.043007813,0.002286599,0.043068555,0.01071068,0.328125,4.598568219,0.048329688,0.009121895,0.049183002,0.17056508,0.328125,4.374279163,-0.017457813,0.008112178,0.019250524,0.13504044,0.328125,4.471082244,4618.125,forward_normal_8,forward_normal,normal
-9.320665625,0.035970792,9.320735035,2.66690454,0.34375,4.425478064,0.732815625,0.042025573,0.734019679,3.61755328,0.34375,4.162158226,-2.0731875,0.037248781,2.073522096,2.8489597,0.34375,4.684653856,-0.043875,0.003195847,0.043991238,0.02091744,0.34375,4.766144302,0.049203125,0.010706598,0.050354531,0.23508736,0.34375,4.441309631,-0.01783125,0.006351326,0.018928624,0.08262074,0.34375,4.571651474,5373.75,forward_normal_10,forward_normal,normal
-9.313003125,0.042012569,9.313097888,3.63609376,0.34375,4.443809112,0.73745625,0.048980187,0.739081037,4.91807424,0.328125,4.385767792,-2.075282813,0.044898645,2.075768446,4.13003528,0.3125,4.625110583,-0.043223438,0.00183633,0.043262428,0.0069072,0.328125,4.590808874,0.049420313,0.012047318,0.050867526,0.2973752,0.328125,4.13388996,-0.0168125,0.009487253,0.019304614,0.1850357,0.34375,4.33123904,4950,forward_normal_4,forward_normal,normal
-9.28665625,0.051406012,9.286798527,5.41425784,0.0625,4.659477227,0.739773438,0.040614861,0.740887512,3.37853996,0.203125,4.665441104,-2.080246875,0.034824861,2.080538351,2.48380094,0.203125,4.780422297,-0.042342188,0.010551893,0.043637178,0.22812044,0.203125,4.516297644,0.04873125,0.014179627,0.050752306,0.41182072,0.203125,4.520945724,-0.018042188,0.019479274,0.026551133,0.7773506,0.203125,4.390084954,8625,forward_normal_0,forward_normal,normal
-9.320292188,0.043567011,9.320394012,3.89420364,0.34375,4.373514062,0.738275,0.04873283,0.739881656,4.86655474,0.34375,4.357185168,-2.07094375,0.039728846,2.071324793,3.32835914,0.34375,4.494752841,-0.04309375,0.001692343,0.043126967,0.00602394,0.328125,4.67512882,0.050140625,0.010864315,0.051304148,0.24173238,0.34375,4.19874968,-0.0172375,0.008669297,0.019294769,0.15443296,0.34375,4.432349992,4668.75,forward_normal_4,forward_normal,normal
-9.288035938,0.042761641,9.288134373,3.80666276,0.328125,4.526152285,0.741335937,0.04249264,0.742552757,3.7259324,0.328125,4.418761007,-2.080376563,0.040858038,2.080777744,3.45418704,0.34375,4.699367303,-0.0426625,0.001377101,0.04268472,0.00389266,0.25,4.787557515,0.04780625,0.008995257,0.048645166,0.1657452,0.328125,4.412662116,-0.016895313,0.007966167,0.01867917,0.13086036,0.34375,4.408249262,5364.375,forward_normal_6,forward_normal,normal
-9.30600625,0.04172904,9.306099808,3.58600906,0.328125,4.591672398,0.738054688,0.049210946,0.739693476,4.95989516,0.328125,4.39114866,-2.07591875,0.044410461,2.076393736,4.0429804,0.328125,4.587225168,-0.043439063,0.001815611,0.043476989,0.00704152,0.328125,4.766009256,0.049335937,0.012891996,0.050992532,0.34045568,0.328125,4.149194775,-0.017259375,0.009501196,0.019701745,0.18608886,0.328125,4.390980572,5068.125,forward_normal_3,forward_normal,normal
-9.320514063,0.025415705,9.320548715,1.332211,0.328125,4.736146628,0.743401563,0.044709827,0.744744823,4.09416852,0.328125,4.277996057,-2.063390625,0.044807535,2.063877076,4.12245878,0.328125,4.266664449,-0.04263125,0.001340811,0.04265233,0.00372416,0.171875,4.753992123,0.050239063,0.008403378,0.050937021,0.14515124,0.328125,4.207950261,-0.018296875,0.008715951,0.020266806,0.15574048,0.328125,4.30380641,4550.625,forward_normal_5,forward_normal,normal
-9.323434375,0.040169878,9.32352091,3.32845398,0.34375,4.64242009,0.734426562,0.044046819,0.735746218,3.973656,0.34375,4.263990164,-2.077190625,0.033854651,2.077466493,2.39874574,0.34375,4.772400984,-0.043509375,0.002126596,0.043561315,0.0092624,0.34375,4.70037835,0.049398438,0.010030524,0.050406518,0.20618828,0.34375,4.323553767,-0.0176375,0.006983161,0.018969606,0.09997058,0.34375,4.417843365,5555.625,forward_normal_9,forward_normal,normal
-9.320776563,0.036597326,9.320848411,2.74301808,0.328125,4.454463757,0.727839063,0.043311267,0.729126578,3.84684344,0.328125,4.390764504,-2.07491875,0.036179413,2.075234148,2.6807569,0.328125,4.596869325,-0.043773438,0.004269669,0.043981177,0.03779424,0.328125,4.740206544,0.049995313,0.011101906,0.051213119,0.2542388,0.328125,4.424293378,-0.01735625,0.008516507,0.01933314,0.1488032,0.328125,4.546805749,5092.5,forward_normal_11,forward_normal,normal
-9.286804688,0.05998664,9.286998423,7.38195172,0.3125,4.557960564,0.748525,0.056811104,0.750677812,6.61056402,0.3125,4.535261496,-2.073970312,0.049826413,2.074568757,5.08616428,0.3125,4.548183106,-0.04229375,0.004646063,0.042548175,0.04425994,0.21875,4.558953416,0.047573437,0.02185816,0.052354666,0.97876312,0.3125,4.345208255,-0.017114063,0.015115057,0.022833223,0.46789988,0.3125,4.503437944,4520.625,forward_normal_2,forward_normal,normal
-9.311346875,0.03758265,9.311422721,2.92486558,0.328125,4.350373228,0.740815625,0.050284718,0.742520264,5.18240128,0.328125,4.220602259,-2.063423438,0.044253615,2.06389793,4.0116874,0.328125,4.453484012,-0.042810938,0.00122003,0.042828318,0.0031342,0.25,4.764541146,0.04989375,0.010552219,0.050997408,0.22831256,0.328125,4.090602789,-0.017484375,0.009173437,0.019744754,0.17240816,0.328125,4.267554244,4710,forward_normal_5,forward_normal,normal
-9.278426563,0.055112156,9.278590239,6.22657536,0.328125,4.64289467,0.74418125,0.049321692,0.745813892,4.990064,0.328125,4.597060421,-2.0785,0.038374833,2.078854222,3.01627976,0.328125,4.665495026,-0.042373438,0.003513156,0.042518825,0.0256496,0.328125,4.872121826,0.04679375,0.017973652,0.050126911,0.66344698,0.328125,4.549929546,-0.016782813,0.012033048,0.020650836,0.2966814,0.328125,4.475113994,4713.75,forward_normal_1,forward_normal,normal
-9.270679688,0.035489731,9.270747618,2.59386412,0.34375,4.534687417,0.741259375,0.0404614,0.74236284,3.3735176,0.34375,4.42788549,-2.090551563,0.033447762,2.090819119,2.31285856,0.34375,4.829129333,-0.042653125,0.001964447,0.042698339,0.00793862,0.34375,4.677236725,0.047657813,0.009794447,0.048653862,0.19648332,0.34375,4.259585372,-0.017275,0.007451741,0.018813667,0.11373376,0.34375,4.439056608,7201.875,forward_normal_7,forward_normal,normal
-9.319804688,0.026807575,9.319843242,1.5089698,0.328125,4.697709986,0.74415,0.044936003,0.745505511,4.13559298,0.328125,4.291076765,-2.06208125,0.044667088,2.062564964,4.10527256,0.328125,4.329031719,-0.0425875,0.001331411,0.042608307,0.00368872,0.171875,4.6997818,0.050384375,0.008707687,0.051131292,0.15563566,0.328125,4.287320797,-0.018392188,0.009155314,0.020544886,0.17191604,0.328125,4.329277072,4535.625,forward_normal_5,forward_normal,normal
-9.294621875,0.04223538,9.294717835,3.68241536,0.328125,4.576868122,0.73920625,0.042898477,0.740449971,3.7690688,0.328125,4.287228036,-2.074915625,0.04256313,2.075352132,3.71598678,0.34375,4.562294499,-0.04289375,0.001227787,0.042911318,0.0030988,0.1875,4.793488849,0.048303125,0.008459295,0.049038266,0.14738654,0.328125,4.288113773,-0.017334375,0.007906054,0.019052198,0.12829014,0.328125,4.431771733,5317.5,forward_normal_6,forward_normal,normal
-9.320776562,0.02580721,9.32081229,1.36399284,0.34375,4.601157885,0.744073438,0.044187725,0.745384354,4.00541084,0.328125,4.242015674,-2.067657813,0.045928779,2.068167856,4.32016288,0.328125,4.267393888,-0.04253125,0.001288152,0.042550753,0.0034353,0.1875,4.814988153,0.04985625,0.008522633,0.050579452,0.14875712,0.328125,4.170785378,-0.017732813,0.008789803,0.019791748,0.1582472,0.328125,4.458368765,4588.125,forward_normal_6,forward_normal,normal
-9.31173125,0.048408961,9.311857081,4.80048186,0.34375,4.473838648,0.744221875,0.050000355,0.745899614,5.12008414,0.34375,4.313638448,-2.077714063,0.038612008,2.078072812,3.08932932,0.328125,4.589421475,-0.0428875,0.002620204,0.042967466,0.01411456,0.328125,4.708688576,0.049464063,0.010582937,0.050583515,0.22974024,0.328125,4.236012353,-0.0175125,0.006672062,0.018740439,0.09124648,0.34375,4.576717147,6952.5,forward_normal_14,forward_normal,normal
-9.28153125,0.056157571,9.281701138,6.45907032,0.328125,4.543827667,0.742009375,0.047090364,0.743502128,4.54536992,0.328125,4.469807575,-2.08104375,0.038955475,2.081408326,3.11142744,0.328125,4.732342335,-0.042426563,0.003449649,0.042566575,0.02468136,0.328125,4.881250805,0.047526563,0.016378532,0.050269578,0.55164016,0.328125,4.491450815,-0.017121875,0.011989142,0.020902108,0.29466654,0.328125,4.509190234,4792.5,forward_normal_1,forward_normal,normal
-9.278726563,0.054660941,9.278887565,6.13393044,0.328125,4.652453352,0.7468,0.049601307,0.748445409,5.06135778,0.328125,4.586852086,-2.079473438,0.038484397,2.079829519,3.0334278,0.328125,4.658240471,-0.042346875,0.003507491,0.042491885,0.02569478,0.328125,4.874230725,0.046939063,0.018573937,0.05048036,0.70667468,0.328125,4.46634853,-0.016657813,0.01214399,0.020614539,0.30204488,0.328125,4.476711188,4687.5,forward_normal_1,forward_normal,normal
-9.303159375,0.042709578,9.303257412,3.74791008,0.328125,4.552105192,0.735584375,0.045919281,0.73701625,4.326488,0.328125,4.299543528,-2.072925,0.042134639,2.073353174,3.64991624,0.328125,4.653258101,-0.043420313,0.002027636,0.04346763,0.00873496,0.328125,4.701186604,0.048907813,0.012379334,0.050450194,0.31410484,0.328125,4.161588149,-0.017623438,0.009381527,0.019964934,0.18080516,0.328125,4.30147601,4843.125,forward_normal_3,forward_normal,normal
-9.265826563,0.035022503,9.26589275,2.51203016,0.328125,4.438952655,0.741075,0.037234875,0.742009833,2.84106818,0.328125,4.364438155,-2.0992625,0.023908259,2.09939864,1.2105781,0.328125,4.819243037,-0.0424125,0.002565364,0.042490014,0.01365858,0.328125,4.761993846,0.048009375,0.009858843,0.049011191,0.19907152,0.328125,4.206847633,-0.016971875,0.007641999,0.018613025,0.11971902,0.328125,4.426440522,8131.875,forward_normal_7,forward_normal,normal
-9.266198438,0.033058984,9.26625741,2.24138024,0.328125,4.608134237,0.741409375,0.038708985,0.742419185,3.1584968,0.328125,4.638216136,-2.098590625,0.022411721,2.098710294,1.03899062,0.171875,4.776683061,-0.042546875,0.002490354,0.042619695,0.01270942,0.328125,4.697716037,0.047910938,0.010293522,0.04900423,0.21750792,0.328125,4.510796059,-0.017015625,0.007679034,0.01866813,0.1211355,0.328125,4.521514688,8713.125,forward_normal_7,forward_normal,normal
-9.31924375,0.037438157,9.31931895,2.87857322,0.34375,4.578888565,0.7295625,0.040222516,0.73067044,3.3170564,0.34375,4.272214196,-2.070792188,0.035727031,2.071100361,2.62213608,0.34375,4.703898165,-0.04355,0.003244804,0.043670714,0.0216724,0.34375,4.754694664,0.04915625,0.010494372,0.050263991,0.22593088,0.34375,4.524867901,-0.017423438,0.006236128,0.018505823,0.07977812,0.34375,4.483797235,5055,forward_normal_10,forward_normal,normal
-9.317335938,0.042336957,9.317432124,3.67226056,0.34375,4.656598721,0.734090625,0.043654516,0.735387491,3.93450896,0.34375,4.333282832,-2.076779688,0.030862731,2.077008998,2.01607788,0.34375,4.772973861,-0.0432,0.002088361,0.043250448,0.00893186,0.34375,4.597171631,0.048814063,0.009727681,0.049773893,0.19529372,0.34375,4.397867989,-0.0175375,0.007010606,0.018886834,0.10170514,0.34375,4.561313996,5173.125,forward_normal_9,forward_normal,normal
-9.32205,0.039694305,9.322134511,3.24526152,0.34375,4.612403681,0.734465625,0.043433373,0.735748743,3.86697696,0.34375,4.290571482,-2.076292188,0.032060228,2.076539695,2.12527424,0.34375,4.722829251,-0.043360938,0.002032288,0.043408537,0.00846408,0.34375,4.547824551,0.049114063,0.009951223,0.050112054,0.20317416,0.34375,4.311640219,-0.01750625,0.007066954,0.018878841,0.10255,0.34375,4.451235493,5428.125,forward_normal_9,forward_normal,normal
-9.295632813,0.047067116,9.295751971,4.60136656,0.3125,4.634973146,0.74669375,0.044728116,0.748032192,4.1013964,0.3125,4.538585067,-2.075620313,0.045502559,2.076119015,4.24091676,0.328125,4.681001709,-0.042484375,0.004733267,0.042747233,0.04589024,0.21875,4.639226328,0.048092188,0.015390077,0.050494683,0.48514408,0.3125,4.310833867,-0.0172,0.0139952,0.022174436,0.40182472,0.21875,4.52162938,3744.375,forward_normal_2,forward_normal,normal
-9.285648438,0.050812757,9.285787465,5.30391556,0.0625,4.563993085,0.740860937,0.035639758,0.741717683,2.6030302,0.328125,4.638307124,-2.083242188,0.03462138,2.083529854,2.4551002,0.328125,4.767225736,-0.042690625,0.01052976,0.04397005,0.22716896,0.203125,4.597970343,0.048767188,0.01295684,0.050459075,0.34569648,0.203125,4.542087762,-0.017426563,0.018860841,0.025679104,0.72872016,0.203125,4.481772434,5842.5,forward_normal_0,forward_normal,normal
-9.26529375,0.034664927,9.265358597,2.51010362,0.3125,4.673493566,0.740734375,0.039875256,0.741806882,3.27611472,0.34375,4.562669018,-2.094926563,0.026866285,2.095098828,1.48280092,0.375,4.840705346,-0.042579688,0.002427523,0.042648829,0.012168,0.328125,4.656541317,0.047670313,0.010242843,0.048758328,0.21495084,0.34375,4.439102568,-0.01701875,0.007735064,0.018694092,0.12305274,0.34375,4.63162747,8555.625,forward_normal_7,forward_normal,normal
-9.31879375,0.037724759,9.318870109,2.9267633,0.34375,4.583013156,0.728964063,0.03984601,0.730052265,3.2538566,0.34375,4.236398499,-2.071801563,0.03563803,2.072108053,2.6022394,0.34375,4.66437249,-0.04356875,0.003228626,0.043688214,0.02153658,0.34375,4.744364332,0.0492375,0.010414346,0.050326832,0.22270802,0.34375,4.540191428,-0.017590625,0.006290412,0.018681525,0.08118928,0.34375,4.534358531,5017.5,forward_normal_10,forward_normal,normal
-9.320182813,0.036772347,9.320255354,2.77890796,0.34375,4.376165739,0.73723125,0.048148601,0.73880187,4.74993994,0.328125,4.387031024,-2.07315,0.043258233,2.073601263,3.84194784,0.34375,4.615224499,-0.043251563,0.001908778,0.043293661,0.00747376,0.328125,4.644926777,0.049979687,0.011687175,0.051327957,0.27974008,0.34375,4.054939182,-0.017260938,0.00912941,0.019526548,0.170993,0.34375,4.258734064,4848.75,forward_normal_4,forward_normal,normal
-9.310123438,0.0410065,9.310213744,3.45669192,0.34375,4.499799877,0.736332812,0.049159362,0.737971987,4.95167192,0.328125,4.377260138,-2.074832813,0.043680917,2.075292563,3.90810136,0.328125,4.579993792,-0.0433125,0.001782686,0.043349171,0.0066093,0.328125,4.740144902,0.049429688,0.012075099,0.05088322,0.29865808,0.328125,4.102681317,-0.016770313,0.009443296,0.019246278,0.18361336,0.34375,4.285413379,4995,forward_normal_3,forward_normal,normal
-9.285984375,0.05136131,9.286126415,5.40866352,0.0625,4.56083375,0.73786875,0.038854343,0.738891029,3.09553338,0.328125,4.632959579,-2.080360938,0.035694312,2.080667132,2.62144516,0.296875,4.731987633,-0.04281875,0.010544813,0.044098055,0.22772442,0.203125,4.529658903,0.048770313,0.014227281,0.050803139,0.4147912,0.203125,4.518246749,-0.018517188,0.019543226,0.026922554,0.7822554,0.203125,4.222586555,6270,forward_normal_0,forward_normal,normal
-9.311721875,0.043034693,9.311821318,3.79342942,0.328125,4.550087498,0.733379688,0.042475052,0.734608669,3.7283212,0.328125,4.328993232,-2.076851563,0.031625672,2.077092342,2.07317268,0.3125,4.802332999,-0.042909375,0.002055155,0.042958563,0.00865456,0.328125,4.656265356,0.04840625,0.009447121,0.0493195,0.18403008,0.328125,4.321773693,-0.01713125,0.007326384,0.018632113,0.11082712,0.34375,4.528511603,4981.875,forward_normal_9,forward_normal,normal
-9.32040625,0.03901973,9.320487927,3.11931256,0.328125,4.459898933,0.727542187,0.044301488,0.728889742,4.02359908,0.328125,4.350352095,-2.077575,0.036194173,2.077890252,2.6851885,0.328125,4.671526102,-0.043915625,0.003902051,0.044088639,0.03147568,0.328125,4.766933027,0.049514063,0.011346405,0.050797473,0.26505,0.328125,4.460537397,-0.017692187,0.008095008,0.019456173,0.13451372,0.328125,4.634796605,5152.5,forward_normal_11,forward_normal,normal
-9.288826563,0.062430309,9.289036358,7.98589296,0.328125,4.455817421,0.745940625,0.058970233,0.748267936,7.13223536,0.328125,4.504551277,-2.075207813,0.04844236,2.07577314,4.84519236,0.3125,4.647574783,-0.042517188,0.004252189,0.042729291,0.03704116,0.3125,4.543183012,0.047526562,0.022404152,0.052542556,1.02816028,0.3125,4.263774273,-0.017154688,0.015418495,0.023065413,0.48699112,0.3125,4.442837894,4670.625,forward_normal_1,forward_normal,normal
-9.320670313,0.036531043,9.320741901,2.7333308,0.34375,4.40863293,0.73764375,0.047758687,0.739188199,4.6796393,0.328125,4.411107013,-2.072176563,0.042648299,2.072615397,3.80390516,0.34375,4.51321989,-0.043245313,0.001914495,0.04328767,0.00752764,0.328125,4.64661966,0.050253125,0.011486078,0.051549069,0.27019504,0.34375,4.090511654,-0.01756875,0.008889388,0.019689647,0.16230976,0.34375,4.417291441,4803.75,forward_normal_4,forward_normal,normal
-9.319279688,0.036746416,9.319352134,2.7786808,0.34375,4.543475022,0.730534375,0.04013723,0.73163616,3.29961038,0.34375,4.192972258,-2.06966875,0.036931486,2.069998229,2.79458816,0.34375,4.727748629,-0.043654688,0.003249323,0.043775448,0.02164412,0.34375,4.735290756,0.049173438,0.010618972,0.050306953,0.23117756,0.34375,4.529104903,-0.017607813,0.006292588,0.018698442,0.081288,0.34375,4.520297005,5111.25,forward_normal_10,forward_normal,normal
-9.316428125,0.048835788,9.31655612,4.90000976,0.34375,4.452762874,0.730715625,0.039927995,0.731805691,3.29778126,0.34375,4.471674277,-2.067395312,0.0422116,2.067826201,3.68134756,0.34375,4.62714781,-0.043567188,0.00359379,0.043715159,0.0264996,0.34375,4.694689251,0.049595313,0.011521575,0.050916026,0.27205928,0.34375,4.410496506,-0.017309375,0.008394115,0.01923735,0.14480374,0.34375,4.652369847,5400,forward_normal_12,forward_normal,normal
-9.321075,0.024777504,9.321107932,1.26144008,0.328125,4.695562678,0.743553125,0.045103513,0.744919846,4.1688647,0.328125,4.283632743,-2.064589062,0.045073333,2.065081016,4.1642306,0.328125,4.311270943,-0.042598438,0.001351098,0.042619859,0.00375968,0.171875,4.690871726,0.05015625,0.008458388,0.050864465,0.14679658,0.328125,4.10691778,-0.018167187,0.008807296,0.020189481,0.15887424,0.328125,4.381623201,4554.375,forward_normal_5,forward_normal,normal
-9.297542188,0.043721172,9.297644985,3.92348184,0.328125,4.634797825,0.746617188,0.038757002,0.747622451,3.1027844,0.328125,4.565051759,-2.079175,0.04058118,2.079570992,3.3744884,0.34375,4.692291281,-0.04265625,0.002785166,0.04274708,0.01639864,0.34375,4.667978787,0.048995313,0.010986148,0.050211912,0.24799632,0.34375,4.464348158,-0.017796875,0.009662524,0.020250756,0.19256222,0.34375,4.556978457,3901.875,forward_normal_3,forward_normal,normal
-9.320851563,0.037152351,9.320925606,2.82713904,0.328125,4.481733272,0.727726563,0.043401261,0.729019629,3.86357624,0.328125,4.405333572,-2.075367188,0.037565372,2.075707137,2.891076,0.328125,4.613370939,-0.04370625,0.004271046,0.043914441,0.0377856,0.328125,4.72249388,0.049865625,0.011147298,0.051096407,0.2562891,0.328125,4.384123378,-0.017103125,0.008567835,0.019129158,0.1505555,0.328125,4.556272271,5100,forward_normal_11,forward_normal,normal
-9.290845313,0.06265206,9.291056555,8.0573108,0.3125,4.520019228,0.747364063,0.057871623,0.749601339,6.86678264,0.3125,4.564835972,-2.0721,0.04862366,2.07267042,4.8523156,0.3125,4.680076571,-0.042471875,0.004683264,0.042729301,0.04501392,0.21875,4.539646314,0.04754375,0.022168734,0.052458183,1.00649816,0.3125,4.271035533,-0.016846875,0.015475,0.022875594,0.49044608,0.3125,4.443320378,4580.625,forward_normal_2,forward_normal,normal
-9.31351875,0.038627892,9.313598854,3.05777152,0.34375,4.522852171,0.72821875,0.039888273,0.729310374,3.26111224,0.34375,4.418092443,-2.07651875,0.035668718,2.076825071,2.6092641,0.34375,4.642015391,-0.043073438,0.002111445,0.043125158,0.00926984,0.34375,4.695046091,0.049120313,0.010660502,0.050263818,0.23387576,0.34375,4.494584537,-0.017295313,0.006478316,0.018468795,0.08597408,0.34375,4.542247565,5111.25,forward_normal_10,forward_normal,normal
-9.309148438,0.049019046,9.309277496,4.92210648,0.34375,4.485141722,0.744782813,0.049745501,0.746442263,5.06952924,0.328125,4.287560834,-2.075659375,0.03918339,2.076029186,3.14873408,0.328125,4.593362625,-0.042529687,0.002858304,0.042625629,0.01677156,0.328125,4.522781826,0.049554688,0.010860161,0.050730761,0.2417786,0.328125,4.128732807,-0.017453125,0.007487718,0.018991511,0.11482374,0.328125,4.604164695,7050,forward_normal_14,forward_normal,normal
-9.3178875,0.049239604,9.3180176,4.97073896,0.34375,4.442725008,0.730901562,0.039979133,0.731994143,3.27531028,0.34375,4.414314557,-2.066945313,0.042209063,2.067376243,3.66799384,0.34375,4.63145916,-0.043759375,0.003817506,0.043925576,0.02984784,0.34375,4.693338934,0.0495875,0.011536674,0.050911836,0.27293202,0.34375,4.424404962,-0.01718125,0.008372441,0.019112643,0.14373322,0.34375,4.660874931,5422.5,forward_normal_12,forward_normal,normal
-9.308178125,0.040751735,9.308267331,3.4050643,0.328125,4.461737011,0.73734375,0.049034892,0.738972412,4.92537674,0.328125,4.405698715,-2.075020313,0.043671952,2.075479833,3.90676748,0.328125,4.608297957,-0.043379688,0.00173837,0.043414505,0.00629696,0.328125,4.728324467,0.049534375,0.012252809,0.051027303,0.30757846,0.328125,4.183215389,-0.017070312,0.009473873,0.019523059,0.18461276,0.34375,4.368374965,5025,forward_normal_3,forward_normal,normal
-9.31150625,0.048692822,9.311633564,4.85836698,0.34375,4.489645377,0.744782813,0.049107581,0.746400022,4.96924484,0.328125,4.217928473,-2.076967187,0.038200528,2.077318459,3.00266776,0.328125,4.579077282,-0.042767188,0.002869073,0.042863317,0.01686048,0.328125,4.589239551,0.049295313,0.010815172,0.05046777,0.23986036,0.328125,4.174362061,-0.016990625,0.007182133,0.018446256,0.10580406,0.34375,4.57952694,6990,forward_normal_14,forward_normal,normal
-9.265714062,0.033377331,9.265774179,2.28212776,0.328125,4.514781666,0.740323438,0.03870731,0.74133464,3.07617812,0.328125,4.459555955,-2.100496875,0.021985755,2.100611934,0.99387376,0.328125,4.818596238,-0.042496875,0.002468044,0.042568482,0.01257008,0.328125,4.721715467,0.048057813,0.010303804,0.049149992,0.21746096,0.328125,4.295089523,-0.016903125,0.007197568,0.018371734,0.10625504,0.328125,4.556161769,8803.125,forward_normal_7,forward_normal,normal
-9.32085,0.059607327,9.321040594,7.2958597,0.34375,4.287250853,0.732660937,0.042028843,0.733865432,3.6224278,0.34375,4.112167481,-2.069939063,0.043934951,2.070405275,3.99177184,0.34375,4.587839292,-0.043023438,0.003943378,0.043203778,0.031913,0.34375,4.647214785,0.05000625,0.010315248,0.051059077,0.2180572,0.34375,4.477991738,-0.0171625,0.008419258,0.019116362,0.14525216,0.34375,4.662529984,5291.25,forward_normal_12,forward_normal,normal
-9.317076562,0.039085294,9.317158544,3.1314084,0.328125,4.433767608,0.726720312,0.043439391,0.72801744,3.86680108,0.328125,4.392105566,-2.080901563,0.036433139,2.08122048,2.73924872,0.328125,4.65523123,-0.043790625,0.00386736,0.043961066,0.03106304,0.328125,4.685907494,0.049704688,0.010890139,0.050883702,0.24390888,0.328125,4.451758834,-0.017910937,0.007688163,0.019491268,0.12115512,0.328125,4.636871322,5257.5,forward_normal_11,forward_normal,normal
-9.276189063,0.037461005,9.276264704,2.89238796,0.328125,4.548013145,0.738503125,0.040324899,0.739603247,3.34810816,0.328125,4.337144104,-2.092004688,0.030849501,2.092232134,2.01361284,0.328125,4.833683484,-0.042632813,0.002350403,0.042697554,0.0113194,0.328125,4.758865729,0.0477375,0.009197681,0.048615494,0.17351528,0.328125,4.375286808,-0.017385937,0.008347883,0.019286212,0.14314852,0.328125,4.317342839,5070,forward_normal_8,forward_normal,normal
-9.317970313,0.037756256,9.318046806,2.92697412,0.34375,4.568329574,0.728104688,0.039782748,0.729190718,3.24480488,0.34375,4.224291599,-2.071501563,0.034576616,2.071790111,2.44865696,0.34375,4.677192459,-0.043460938,0.003167048,0.043576178,0.02070928,0.34375,4.735490909,0.049142188,0.010431395,0.050237124,0.22327448,0.34375,4.537357138,-0.017359375,0.006297885,0.01846649,0.08147696,0.34375,4.492156656,4998.75,forward_normal_10,forward_normal,normal
-9.314751563,0.034978382,9.314817237,2.55043216,0.34375,4.587640542,0.743023438,0.048773865,0.744622534,4.87567316,0.328125,4.342945659,-2.063875,0.04440303,2.064352597,4.0511157,0.328125,4.464650952,-0.042710938,0.00131946,0.042731314,0.00372572,0.25,4.741347825,0.049998437,0.010068057,0.051002054,0.20772672,0.328125,4.135212488,-0.017646875,0.009157544,0.019881469,0.17190496,0.328125,4.362022614,4620,forward_normal_5,forward_normal,normal
-9.272339062,0.036201941,9.272409734,2.68890032,0.328125,4.521935679,0.738428125,0.04039015,0.73953192,3.36075488,0.328125,4.282889006,-2.092229687,0.029619734,2.092439341,1.84522292,0.328125,4.685707965,-0.04258125,0.00230664,0.04264368,0.01092544,0.328125,4.823095744,0.0477,0.009296975,0.048597569,0.1773701,0.328125,4.399333933,-0.017321875,0.008376725,0.019241021,0.14420646,0.328125,4.348543334,5250,forward_normal_8,forward_normal,normal
-9.320773438,0.058292311,9.320955716,6.98433576,0.34375,4.40942244,0.731239063,0.041216318,0.732399721,3.50949256,0.34375,4.448578744,-2.068814063,0.045437099,2.069312967,4.23228876,0.34375,4.598232134,-0.0433875,0.003965417,0.043568334,0.03286632,0.34375,4.585398365,0.049446875,0.010984577,0.050652289,0.24785856,0.34375,4.505835873,-0.01695625,0.008336607,0.018894799,0.14296058,0.34375,4.567069713,5426.25,forward_normal_12,forward_normal,normal
-9.29750625,0.04698531,9.29762497,4.55717002,0.328125,4.532982333,0.741192188,0.042805404,0.74242721,3.75533084,0.328125,4.475673688,-2.080485937,0.040671085,2.080883436,3.41746528,0.34375,4.688601052,-0.04296875,0.002251449,0.043027695,0.01118938,0.34375,4.642284709,0.048742188,0.010756129,0.049914879,0.237247,0.328125,4.320192805,-0.017085938,0.009576075,0.019586487,0.19069968,0.34375,4.539228923,4336.875,forward_normal_3,forward_normal,normal
-9.292790625,0.054604094,9.292951049,6.11238134,0.3125,4.49161626,0.749201563,0.051627532,0.750978284,5.4622462,0.3125,4.48508229,-2.079473438,0.047819966,2.080023203,4.72528324,0.3125,4.642120583,-0.042329688,0.004898459,0.042612174,0.04917436,0.21875,4.558535697,0.0481875,0.019865937,0.052121882,0.80944512,0.3125,4.315237896,-0.0171125,0.015133763,0.02284444,0.47012226,0.3125,4.423847042,4231.875,forward_normal_2,forward_normal,normal
-9.316925,0.061886822,9.317130537,7.8490804,0.34375,4.45989141,0.737410938,0.043733576,0.738706651,3.91723976,0.34375,4.534786305,-2.07394375,0.039516207,2.07432018,3.22069914,0.34375,4.623250266,-0.042707813,0.003874327,0.042883186,0.03074676,0.34375,4.709958052,0.049453125,0.010583522,0.050572942,0.22939846,0.34375,4.396558228,-0.016709375,0.008501171,0.018747617,0.1481183,0.34375,4.541068252,5430,forward_normal_13,forward_normal,normal
-9.318635937,0.054472239,9.318795145,6.1026636,0.34375,4.397971307,0.73366875,0.038681411,0.734687747,3.0906812,0.34375,4.469632244,-2.066498438,0.043919328,2.066965094,3.95453364,0.34375,4.704267926,-0.043364063,0.004021558,0.043550142,0.0332028,0.34375,4.641406944,0.049975,0.010916501,0.051153403,0.24411848,0.34375,4.367183593,-0.017240625,0.007963368,0.018990902,0.12987536,0.34375,4.568831287,5520,forward_normal_12,forward_normal,normal
-9.306301563,0.057240025,9.306477593,6.71190312,0.328125,4.371085874,0.744707813,0.047286607,0.746207578,4.579611,0.328125,4.367008387,-2.074728125,0.035748809,2.075036089,2.6186915,0.328125,4.467816024,-0.042314063,0.003525482,0.042460675,0.02551624,0.328125,4.657220828,0.049559375,0.010985711,0.050762363,0.2473528,0.328125,4.248704025,-0.017429688,0.009111251,0.019667458,0.17006964,0.328125,4.373468982,6311.25,forward_normal_13,forward_normal,normal
-9.311459375,0.042404712,9.311555931,3.68573558,0.34375,4.411575562,0.736664063,0.048863913,0.738282888,4.89192584,0.328125,4.316980579,-2.061925,0.039351251,2.06230047,3.18623176,0.328125,4.57435751,-0.043189063,0.001409579,0.043212059,0.004155,0.25,4.767465756,0.050189063,0.010956064,0.051370978,0.24618884,0.34375,4.197238836,-0.01771875,0.00903384,0.0198888,0.16717312,0.328125,4.348869453,4897.5,forward_normal_5,forward_normal,normal
-9.305745313,0.04785814,9.305868376,4.69084748,0.34375,4.437212446,0.7475875,0.050948597,0.74932158,5.31668,0.328125,4.371969144,-2.073825,0.039775401,2.074206406,3.24728098,0.328125,4.539536474,-0.042284375,0.002959688,0.04238783,0.01794646,0.328125,4.399058698,0.049020312,0.01132703,0.050311953,0.26287876,0.328125,4.147312442,-0.01701875,0.008040326,0.018822452,0.13246872,0.328125,4.433721307,7106.25,forward_normal_14,forward_normal,normal
-9.29619375,0.04769315,9.296316092,4.68764088,0.3125,4.63368225,0.7492375,0.042292203,0.750430185,3.66567848,0.3125,4.436822137,-2.07633125,0.044073546,2.076798964,3.98563584,0.328125,4.703696041,-0.042276563,0.004696433,0.042536622,0.04518368,0.21875,4.650141234,0.048745313,0.014373869,0.050820405,0.4238516,0.3125,4.475694603,-0.016548438,0.013076553,0.021091397,0.35021232,0.328125,4.652351763,3716.25,forward_normal_2,forward_normal,normal
-9.318417188,0.039819654,9.318502266,3.2566076,0.328125,4.516075738,0.728132813,0.043646897,0.729439815,3.91326544,0.328125,4.389745925,-2.072934375,0.038675999,2.073295144,3.06439886,0.328125,4.699142244,-0.043926563,0.004256621,0.044132321,0.03726048,0.328125,4.793012341,0.050346875,0.011582354,0.051661966,0.27511102,0.328125,4.338158846,-0.017375,0.008546765,0.019363311,0.14960114,0.328125,4.493544429,5145,forward_normal_11,forward_normal,normal
-9.265448438,0.032525706,9.265505527,2.18356976,0.3125,4.547335033,0.740360938,0.039480045,0.741412835,3.20914748,0.3125,4.689705594,-2.096160938,0.024831329,2.09630801,1.28648296,0.28125,4.851281925,-0.04255,0.002426803,0.042619149,0.01214336,0.328125,4.642645482,0.047823438,0.010341115,0.048928722,0.2190836,0.328125,4.431068701,-0.017095313,0.007625234,0.018718812,0.11962052,0.328125,4.620550065,8623.125,forward_normal_7,forward_normal,normal
-9.31393125,0.063082988,9.314144877,8.18270904,0.328125,4.537423757,0.739020313,0.043991253,0.740328476,3.98918444,0.328125,4.56237951,-2.075029688,0.039976937,2.075414744,3.31292564,0.34375,4.591652235,-0.042570313,0.003620932,0.042724029,0.02694276,0.34375,4.767195018,0.049415625,0.010365134,0.050490989,0.22032662,0.34375,4.426174675,-0.017228125,0.008920771,0.019400733,0.16304976,0.34375,4.576831418,5490,forward_normal_13,forward_normal,normal
-9.286467188,0.05380192,9.286623039,5.9283094,0.0625,4.632187611,0.738614063,0.041366826,0.739771551,3.50825636,0.203125,4.620197713,-2.08114375,0.036257219,2.081459559,2.6939193,0.203125,4.792661923,-0.042414063,0.010534213,0.043702658,0.22732096,0.203125,4.528184749,0.04933125,0.014220824,0.051340082,0.41419392,0.203125,4.455004422,-0.018425,0.019280787,0.026668884,0.76134344,0.203125,4.229707098,7875,forward_normal_0,forward_normal,normal
-9.306567188,0.048685528,9.306694531,4.854437,0.34375,4.544799857,0.747251563,0.050087551,0.748928341,5.13797288,0.34375,4.189593786,-2.073565625,0.039493481,2.073941691,3.1943403,0.328125,4.533740495,-0.042467188,0.002981194,0.042571699,0.01822684,0.328125,4.518948029,0.04949375,0.010947415,0.050690011,0.24582528,0.328125,4.255461205,-0.01750625,0.007738113,0.019140198,0.12267146,0.328125,4.499789582,7140,forward_normal_14,forward_normal,normal
-9.314229688,0.039989997,9.314315534,3.278274,0.34375,4.553397949,0.728742188,0.03996688,0.729837329,3.27552548,0.34375,4.447982862,-2.07670625,0.035725376,2.077013517,2.61400192,0.34375,4.669638972,-0.043042188,0.002358681,0.043106766,0.0115202,0.34375,4.782584382,0.04918125,0.010570417,0.050304364,0.22950042,0.34375,4.489185626,-0.017695313,0.006591055,0.018882958,0.08897936,0.34375,4.626534615,5145,forward_normal_10,forward_normal,normal
-9.278846875,0.037595724,9.278923039,2.92395552,0.328125,4.517561302,0.73726875,0.041029326,0.738409517,3.46083402,0.328125,4.352076974,-2.090884375,0.030362926,2.091104822,1.93217056,0.328125,4.7653523,-0.042646875,0.002395893,0.042714122,0.01182342,0.328125,4.725025715,0.047646875,0.00927409,0.048541049,0.17622528,0.328125,4.358660568,-0.01730625,0.008088956,0.019103337,0.13422362,0.328125,4.40684022,4950,forward_normal_8,forward_normal,normal
-9.329382813,0.039378189,9.329465917,3.21427292,0.34375,4.550281291,0.732779688,0.043198738,0.734051906,3.82596768,0.34375,4.245249342,-2.074046875,0.035490919,2.074350512,2.59537158,0.34375,4.610835832,-0.043784375,0.003082826,0.043892771,0.01946432,0.34375,4.776147005,0.049429688,0.010635196,0.050560868,0.23220508,0.34375,4.52716943,-0.017782813,0.006915078,0.019080008,0.097947,0.34375,4.461946742,5859.375,forward_normal_9,forward_normal,normal
-9.321714063,0.039755463,9.321798837,3.27220892,0.34375,4.606919028,0.734651563,0.044055303,0.735971323,3.99609852,0.34375,4.321067681,-2.07573125,0.032476005,2.075985287,2.18478234,0.34375,4.715453762,-0.04335625,0.002036685,0.043404061,0.00854528,0.34375,4.646124325,0.049535938,0.01012661,0.050560433,0.21128384,0.34375,4.261145894,-0.017659375,0.007062748,0.019019357,0.10244718,0.34375,4.440786078,5491.875,forward_normal_9,forward_normal,normal
-9.2891625,0.05259442,9.289311391,5.67091112,0.3125,4.536411678,0.745384375,0.050175325,0.747071235,5.17293424,0.3125,4.579763994,-2.079998437,0.04811991,2.08055498,4.7775482,0.3125,4.655799663,-0.042275,0.004869612,0.042554539,0.048576,0.21875,4.587964922,0.0479125,0.017882704,0.051140969,0.65559464,0.3125,4.303353015,-0.017292188,0.01511134,0.022964589,0.46766976,0.21875,4.470283719,4036.875,forward_normal_2,forward_normal,normal
-9.311607813,0.041366598,9.311699697,3.5045304,0.34375,4.369540267,0.7371125,0.05019922,0.738819869,5.17339522,0.328125,4.342124175,-2.0623,0.040994874,2.062707413,3.45286818,0.328125,4.530646944,-0.043103125,0.001233259,0.043120764,0.00318686,0.25,4.758269603,0.05001875,0.011086519,0.051232668,0.25179114,0.328125,4.156698856,-0.017657813,0.008769992,0.019715757,0.15753136,0.328125,4.39685635,4822.5,forward_normal_5,forward_normal,normal
-9.297804688,0.047123738,9.297924105,4.59054564,0.328125,4.543960637,0.742689063,0.041127588,0.743826944,3.46729216,0.328125,4.426726616,-2.080484375,0.040864617,2.080885665,3.45986478,0.34375,4.705960026,-0.042973438,0.002302664,0.043035086,0.01191244,0.34375,4.637677086,0.0488875,0.010611499,0.050025909,0.23085042,0.328125,4.315698135,-0.017501562,0.009671034,0.019995839,0.19375832,0.34375,4.540133372,4280.625,forward_normal_3,forward_normal,normal
-9.267775,0.036661275,9.267847512,2.7526384,0.328125,4.455454732,0.74078125,0.039357841,0.741826058,3.20458968,0.328125,4.403379439,-2.096645312,0.026651706,2.096814698,1.50468148,0.328125,4.740003096,-0.04269375,0.00254355,0.042769451,0.01337784,0.328125,4.746528936,0.048089063,0.00956514,0.049031111,0.18749556,0.328125,4.160764947,-0.017207813,0.008356833,0.019129701,0.1434316,0.328125,4.499008897,6433.125,forward_normal_8,forward_normal,normal
-9.316742188,0.038765262,9.316822835,3.07875104,0.34375,4.434028394,0.736334375,0.047483106,0.73786378,4.61753966,0.328125,4.387248648,-2.074457813,0.044117732,2.074926888,3.99142772,0.3125,4.602998741,-0.043254688,0.001915392,0.043297075,0.00751468,0.328125,4.612179091,0.049485937,0.011983959,0.050916336,0.29418792,0.34375,4.101405627,-0.017160938,0.009565198,0.019646648,0.18871412,0.34375,4.16845894,4893.75,forward_normal_4,forward_normal,normal
-9.314828125,0.03980529,9.314913175,3.24625648,0.34375,4.597891427,0.729826563,0.039866901,0.73091462,3.26310648,0.34375,4.351402597,-2.077978125,0.035926972,2.078288679,2.64351782,0.34375,4.607560162,-0.04303125,0.00222878,0.043088931,0.01021568,0.34375,4.689210912,0.049228125,0.01036363,0.050307188,0.22342622,0.34375,4.504727616,-0.017145313,0.006385504,0.018295803,0.08370452,0.34375,4.590356013,5122.5,forward_normal_10,forward_normal,normal
-9.316025,0.041763516,9.316118612,3.58276168,0.328125,4.666137589,0.735026563,0.042480787,0.736253126,3.76206776,0.34375,4.403499098,-2.0782,0.031643384,2.078440893,2.0659476,0.3125,4.826984685,-0.043064063,0.002060443,0.043113326,0.00871204,0.328125,4.743167857,0.048871875,0.00971155,0.049827446,0.19462432,0.34375,4.398329487,-0.017357813,0.007396617,0.018868057,0.11226856,0.34375,4.429820562,5109.375,forward_normal_9,forward_normal,normal
-9.2890875,0.053912819,9.289243951,5.98797216,0.3125,4.504705537,0.747667188,0.050738435,0.749386824,5.27239524,0.3125,4.543353183,-2.079698438,0.048202365,2.080256969,4.7637772,0.3125,4.642457703,-0.042217188,0.00487101,0.042497266,0.04872848,0.21875,4.569094239,0.047390625,0.0188286,0.050993995,0.72620398,0.3125,4.235742585,-0.016714063,0.015193655,0.022587763,0.47279008,0.3125,4.514322476,4134.375,forward_normal_2,forward_normal,normal
-9.317264062,0.038962724,9.317345529,3.11199768,0.328125,4.439964598,0.72724375,0.042870313,0.728506236,3.76727416,0.328125,4.36565389,-2.080529688,0.036408887,2.080848238,2.73867076,0.328125,4.633160219,-0.043790625,0.003880912,0.04396226,0.03141038,0.328125,4.691681631,0.0496875,0.010883021,0.050865389,0.24359602,0.328125,4.455090388,-0.017853125,0.007668889,0.019430541,0.12054192,0.328125,4.648784309,5235,forward_normal_11,forward_normal,normal
-9.27973125,0.040130786,9.279818024,3.31790458,0.328125,4.505365618,0.742157813,0.041898284,0.743339549,3.61303636,0.34375,4.444925387,-2.085726562,0.038451952,2.086080978,3.0512958,0.34375,4.793934711,-0.042689062,0.00148809,0.042714991,0.00456476,0.3125,4.77096859,0.047875,0.009645238,0.048836935,0.19057474,0.34375,4.286238072,-0.017214063,0.007527032,0.018787766,0.11632232,0.34375,4.451717193,6208.125,forward_normal_6,forward_normal,normal
-9.266901563,0.034625169,9.26696625,2.4899628,0.3125,4.652023178,0.73935,0.039797448,0.740420326,3.30813842,0.34375,4.588682462,-2.093129688,0.027020945,2.093304092,1.50244936,0.375,4.876914435,-0.042729688,0.002332694,0.042793313,0.01129376,0.3125,4.7429995,0.047642188,0.010252954,0.048732957,0.21554516,0.34375,4.520172571,-0.016970313,0.007681363,0.018627798,0.12093268,0.34375,4.656340216,8302.5,forward_normal_7,forward_normal,normal
-9.300942188,0.04117229,9.301033315,3.48649164,0.328125,4.581219133,0.740329688,0.041024111,0.741465457,3.4533164,0.328125,4.191238392,-2.074165625,0.044273684,2.074638089,4.06208462,0.34375,4.61726029,-0.042859375,0.001187792,0.042875831,0.00289184,0.34375,4.796633961,0.048528125,0.008435203,0.049255777,0.1457235,0.328125,4.223477276,-0.01723125,0.008153544,0.019062955,0.1363136,0.328125,4.482176311,5235,forward_normal_6,forward_normal,normal
-9.282839062,0.050421894,9.282976001,5.20695464,0.328125,4.5097195,0.74003125,0.040712981,0.741150321,3.394702,0.328125,4.405312956,-2.085454688,0.037063783,2.08578402,2.81420696,0.328125,4.743041383,-0.042467188,0.003438752,0.042606185,0.02448908,0.40625,4.876169518,0.048121875,0.013146916,0.049885431,0.35419136,0.328125,4.306363052,-0.017254687,0.012020216,0.021028786,0.29592392,0.328125,4.459016037,5002.5,forward_normal_1,forward_normal,normal
-9.29803125,0.04583758,9.298144235,4.35447576,0.328125,4.590800258,0.745157813,0.039841666,0.746222168,3.25444636,0.328125,4.49647676,-2.0810875,0.038295804,2.081439826,3.01251048,0.34375,4.617871428,-0.042867188,0.002724258,0.042953665,0.01589504,0.34375,4.671069239,0.048901563,0.010030648,0.049919703,0.2062674,0.328125,4.384565507,-0.017542188,0.009647406,0.02002001,0.19228856,0.34375,4.601436417,4115.625,forward_normal_3,forward_normal,normal
-9.316139063,0.062143842,9.316346327,7.91072492,0.34375,4.439245686,0.735092188,0.043047529,0.736351556,3.80759408,0.34375,4.485154097,-2.072148438,0.040591255,2.07254597,3.3922288,0.34375,4.661166414,-0.042779688,0.003788848,0.042947142,0.02944684,0.34375,4.705551571,0.049560938,0.01076166,0.050715874,0.23890852,0.34375,4.560392429,-0.017214063,0.00858008,0.019233869,0.15082432,0.34375,4.665274339,5370,forward_normal_13,forward_normal,normal
-9.290957813,0.062284245,9.291166579,7.95553456,0.328125,4.497137366,0.746728125,0.058033513,0.748979827,6.90137854,0.3125,4.569364412,-2.071989063,0.048677764,2.072560783,4.86889676,0.3125,4.703877901,-0.042534375,0.004676812,0.042790719,0.04492624,0.21875,4.534446317,0.047410938,0.022398599,0.05243562,1.02782704,0.3125,4.309275184,-0.016789063,0.015562346,0.02289234,0.4960326,0.3125,4.447932334,4595.625,forward_normal_2,forward_normal,normal
-9.319509375,0.039612678,9.319593562,3.21625488,0.34375,4.41638253,0.738540625,0.047366944,0.740058026,4.60002926,0.328125,4.410418329,-2.071951563,0.041933318,2.072375854,3.65411964,0.34375,4.464700859,-0.04321875,0.001921334,0.043261436,0.00756416,0.328125,4.618847014,0.050415625,0.011454874,0.051700574,0.26875542,0.34375,4.159684667,-0.017575,0.008618131,0.01957429,0.15256546,0.34375,4.443827971,4758.75,forward_normal_4,forward_normal,normal
-9.326542188,0.038357137,9.326621063,3.02884304,0.34375,4.500937541,0.733453125,0.043291375,0.73472963,3.84719632,0.34375,4.315562524,-2.072809375,0.037801367,2.073154034,2.93281536,0.34375,4.668186218,-0.0438875,0.003154585,0.044000728,0.02038498,0.34375,4.763579932,0.04950625,0.010702013,0.050649796,0.23482826,0.34375,4.520499696,-0.017890625,0.006872652,0.019165276,0.09676278,0.34375,4.482454967,5793.75,forward_normal_9,forward_normal,normal
-9.29765,0.042578974,9.297747496,3.72693856,0.328125,4.555524024,0.741001563,0.042195884,0.742202,3.64940576,0.328125,4.335999675,-2.075251563,0.042689303,2.07569059,3.74625532,0.34375,4.552492315,-0.04284375,0.001197638,0.042860486,0.00294264,0.34375,4.818450264,0.0487875,0.008524129,0.049526568,0.14936706,0.328125,4.341262694,-0.017496875,0.008025311,0.019249578,0.13191952,0.328125,4.449871641,5276.25,forward_normal_6,forward_normal,normal
-9.304690625,0.045206487,9.304800441,4.2140511,0.328125,4.56010143,0.738201563,0.045442809,0.739598943,4.230073,0.328125,4.372415921,-2.075992188,0.040635373,2.076389847,3.41638972,0.34375,4.655856019,-0.043260938,0.002132972,0.043313488,0.01005096,0.5,4.648267007,0.049110938,0.011861217,0.050522991,0.28880344,0.328125,4.254238627,-0.0173125,0.009227972,0.019618311,0.17693312,0.328125,4.523705613,4618.125,forward_normal_3,forward_normal,normal
-9.312057813,0.038508562,9.312137435,3.04502472,0.328125,4.422240172,0.74010625,0.050425173,0.741822054,5.2078604,0.328125,4.224707717,-2.063646875,0.044361593,2.064123634,4.03173638,0.328125,4.459353482,-0.042865625,0.001295692,0.042885203,0.0034944,0.25,4.838902978,0.049789063,0.011023471,0.050994781,0.24886884,0.328125,4.0503064,-0.017423438,0.009175898,0.01969196,0.17248668,0.328125,4.263182685,4728.75,forward_normal_5,forward_normal,normal
-9.3158,0.037045078,9.315873656,2.82194834,0.34375,4.504299384,0.72844375,0.03924083,0.729499924,3.16018752,0.34375,4.278386604,-2.073632813,0.033917137,2.073910175,2.35679868,0.34375,4.658683191,-0.043189063,0.002385707,0.043254904,0.01166744,0.34375,4.65858383,0.049290625,0.010499549,0.05039649,0.2261535,0.34375,4.530924134,-0.01730625,0.006145091,0.01836487,0.07734656,0.34375,4.497943504,4942.5,forward_normal_10,forward_normal,normal
-9.323321875,0.037042651,9.323395462,2.8191575,0.34375,4.57279532,0.732740625,0.04269893,0.733983666,3.73664886,0.34375,4.338102709,-2.0733,0.038761873,2.073662309,3.0927493,0.34375,4.69328443,-0.0439875,0.003154585,0.044100471,0.02038696,0.34375,4.803407632,0.04925625,0.010855699,0.050438322,0.24184832,0.34375,4.530814205,-0.0179875,0.006439757,0.019105513,0.08493952,0.34375,4.592668126,5606.25,forward_normal_9,forward_normal,normal
-9.26695,0.036028149,9.267020035,2.65919264,0.328125,4.462152466,0.740104688,0.039460033,0.741155883,3.21872132,0.328125,4.44149174,-2.099560937,0.024393945,2.099702644,1.26572468,0.328125,4.71077698,-0.0424625,0.002337233,0.042526775,0.01121794,0.328125,4.777664124,0.048159375,0.009850947,0.049156552,0.19880302,0.328125,4.237006834,-0.017146875,0.00800326,0.018922672,0.13175008,0.328125,4.485825437,7426.875,forward_normal_7,forward_normal,normal
-9.267096875,0.033880032,9.267158807,2.35356304,0.328125,4.533379728,0.739726563,0.039389621,0.740774547,3.18652316,0.328125,4.380517806,-2.100198438,0.023088691,2.100325347,1.11656116,0.328125,4.827315677,-0.042470312,0.002532827,0.042545771,0.01332076,0.328125,4.734784629,0.04815625,0.009830801,0.049149456,0.19796024,0.328125,4.238249954,-0.01690625,0.007100195,0.018336686,0.10331264,0.328125,4.453749439,8548.125,forward_normal_7,forward_normal,normal
-9.27689375,0.056312471,9.277064662,6.49523352,0.328125,4.539053942,0.7468375,0.051006214,0.748577241,5.32907074,0.328125,4.51145754,-2.080296875,0.038528313,2.080653628,3.04537792,0.328125,4.712788566,-0.042304688,0.003516809,0.042450613,0.0259178,0.328125,4.856457096,0.047273438,0.019218832,0.051030789,0.75695892,0.328125,4.406695996,-0.017015625,0.011996096,0.020819169,0.29483264,0.328125,4.564574444,4661.25,forward_normal_1,forward_normal,normal
-9.307167188,0.041512822,9.307259767,3.54264868,0.328125,4.592954974,0.737604688,0.048632796,0.739206212,4.84395776,0.328125,4.393731617,-2.074795313,0.044507483,2.075272634,4.05918076,0.328125,4.617067481,-0.0433875,0.001709029,0.043421146,0.00631458,0.328125,4.736673621,0.049285938,0.012813553,0.050924363,0.33626008,0.328125,4.111262329,-0.017321875,0.009442928,0.019728564,0.18455232,0.328125,4.376776123,5055,forward_normal_3,forward_normal,normal
-9.315201563,0.033034795,9.315260138,2.2528192,0.34375,4.596803093,0.742239062,0.048087299,0.743795143,4.73625488,0.328125,4.367214247,-2.062415625,0.044867901,2.062903618,4.1357192,0.328125,4.456561062,-0.042703125,0.001313151,0.04272331,0.0036935,0.25,4.738066133,0.04983125,0.010113865,0.050847259,0.2098496,0.328125,4.17157019,-0.017625,0.009082796,0.019827703,0.16898624,0.328125,4.345497767,4590,forward_normal_5,forward_normal,normal
-9.314678125,0.033308485,9.314737679,2.27230526,0.328125,4.575619183,0.743475,0.043135524,0.744725284,3.8143572,0.328125,4.294404474,-2.069304688,0.048049949,2.06986248,4.7445636,0.328125,4.56585546,-0.042590625,0.001348925,0.042611981,0.00376352,0.1875,4.870600947,0.049439063,0.008403749,0.050148219,0.14464792,0.328125,4.157395681,-0.017448438,0.008435324,0.019380471,0.1457644,0.328125,4.527429662,4863.75,forward_normal_6,forward_normal,normal
-9.312846875,0.047797954,9.312969535,4.68154366,0.34375,4.43619229,0.739771875,0.048426457,0.741355211,4.81027568,0.34375,4.407692033,-2.075504688,0.040677295,2.075903261,3.40012308,0.34375,4.66970485,-0.043151563,0.002242975,0.043209817,0.01030516,0.34375,4.597249298,0.04913125,0.010727518,0.05028876,0.2367689,0.34375,4.079686134,-0.017126563,0.006053363,0.018164866,0.0750664,0.34375,4.366217785,6575.625,forward_normal_14,forward_normal,normal
-9.305479688,0.056017464,9.305648294,6.43651736,0.328125,4.36186726,0.743735938,0.047753466,0.745267427,4.67953484,0.328125,4.40254812,-2.07401875,0.035999075,2.074331147,2.65559512,0.328125,4.505424469,-0.042260938,0.003534324,0.042408469,0.02561212,0.328125,4.663445716,0.049759375,0.010960935,0.050952306,0.24623152,0.328125,4.241850162,-0.017642188,0.008908805,0.019763947,0.16261404,0.328125,4.364563022,6393.75,forward_normal_13,forward_normal,normal
-9.287403125,0.059089376,9.287591096,7.23344646,0.3125,4.690517251,0.7483375,0.055342001,0.75038107,6.28024802,0.3125,4.596430589,-2.07531875,0.049095799,2.075899398,4.93690872,0.3125,4.582255981,-0.042210938,0.004667444,0.042468203,0.04463688,0.21875,4.545380055,0.047259375,0.021562002,0.051945822,0.9521791,0.3125,4.33512895,-0.016940625,0.015215994,0.022770842,0.47452,0.3125,4.469944005,4475.625,forward_normal_2,forward_normal,normal
-9.31856875,0.058753481,9.318753968,7.06977546,0.34375,4.370306154,0.73023125,0.042064292,0.731441784,3.6333457,0.34375,4.413094691,-2.068628125,0.04391625,2.069094236,3.95981734,0.34375,4.632653182,-0.042959375,0.003891084,0.043135234,0.0312863,0.34375,4.660247537,0.0497125,0.010603559,0.050830779,0.23145856,0.34375,4.494559311,-0.017203125,0.008474465,0.019177176,0.14758592,0.34375,4.592978007,5321.25,forward_normal_12,forward_normal,normal
-9.266270313,0.033554036,9.266331063,2.30968704,0.3125,4.604481266,0.74208125,0.039583645,0.743136223,3.22335546,0.3125,4.685397609,-2.0957125,0.025007096,2.095861693,1.30653664,0.28125,4.852208511,-0.0425625,0.002418774,0.042631173,0.01204226,0.328125,4.628976275,0.048123438,0.010369889,0.049228039,0.22023112,0.328125,4.406523302,-0.016929688,0.007650279,0.018577973,0.11988948,0.328125,4.606207509,8600.625,forward_normal_7,forward_normal,normal
-9.277190625,0.048920726,9.277319609,4.90445494,0.328125,4.623306,0.74104375,0.038569255,0.742046782,3.0469276,0.328125,4.427974179,-2.086835938,0.03459016,2.087122591,2.45153656,0.328125,4.703529297,-0.042609375,0.004112394,0.042807366,0.03512206,0.40625,4.799776514,0.0484625,0.012300438,0.049999147,0.309936,0.328125,4.434624289,-0.017748438,0.012286756,0.021586371,0.30972284,0.328125,4.352461404,5212.5,forward_normal_1,forward_normal,normal
-9.27588125,0.048411801,9.276007582,4.80031162,0.328125,4.636486407,0.74164375,0.038188966,0.742626319,2.98682328,0.328125,4.536573792,-2.087321875,0.034463135,2.087606361,2.43277374,0.328125,4.691473525,-0.0426625,0.004364326,0.042885152,0.03948946,0.40625,4.727332517,0.04834375,0.012039114,0.049820261,0.29683768,0.328125,4.416430196,-0.017696875,0.012777262,0.021827455,0.33443014,0.328125,4.414871527,5317.5,forward_normal_0,forward_normal,normal
-9.306410938,0.043620881,9.306513167,3.92912868,0.328125,4.529280236,0.738090625,0.045741146,0.739506608,4.28520672,0.328125,4.346115812,-2.074945312,0.041782839,2.075365957,3.58257392,0.328125,4.691942175,-0.043315625,0.002122735,0.043367607,0.00972758,0.328125,4.650997798,0.04908125,0.011626168,0.050439438,0.2770236,0.328125,4.138131224,-0.0171625,0.009114917,0.019432785,0.17235584,0.328125,4.536427359,4674.375,forward_normal_3,forward_normal,normal
-9.309179687,0.062028641,9.309386339,7.88695104,0.328125,4.477733527,0.739246875,0.044301922,0.740573158,4.03924928,0.328125,4.503989366,-2.073345313,0.040789072,2.073746497,3.41216856,0.328125,4.668140625,-0.042376563,0.00364219,0.042532794,0.02716824,0.328125,4.704057398,0.049279688,0.010886003,0.050467739,0.2437244,0.328125,4.5162274,-0.0173375,0.009245007,0.019648386,0.17510786,0.328125,4.532407989,5730,forward_normal_13,forward_normal,normal
-9.275582813,0.05833224,9.27576623,6.980378,0.328125,4.583303342,0.746648438,0.052646278,0.748502184,5.68914756,0.328125,4.513591695,-2.080895313,0.040475913,2.081288928,3.3570434,0.328125,4.678247344,-0.042109375,0.003500836,0.042254648,0.0258527,0.171875,4.843253811,0.046370313,0.019634549,0.050355947,0.7899828,0.328125,4.423358678,-0.016507813,0.011937065,0.020371583,0.29258336,0.328125,4.442584699,4635,forward_normal_1,forward_normal,normal
-9.307834375,0.061069444,9.308034714,7.6894251,0.328125,4.527374983,0.742314063,0.046010009,0.743738589,4.35611944,0.328125,4.447318247,-2.074428125,0.040728117,2.074827903,3.44863678,0.328125,4.67806994,-0.042490625,0.003672351,0.042649025,0.02762934,0.328125,4.718206176,0.049551563,0.010904443,0.050737207,0.24380212,0.328125,4.403452053,-0.017425,0.009310545,0.019756439,0.17763144,0.328125,4.478558146,5850,forward_normal_13,forward_normal,normal
-9.301996875,0.045060865,9.302106017,4.20994672,0.328125,4.541349024,0.739396875,0.045352115,0.740786442,4.21257632,0.328125,4.418552476,-2.077714063,0.042298847,2.078144585,3.6752626,0.34375,4.667909448,-0.043135938,0.002192414,0.043191617,0.01057752,0.34375,4.733380278,0.048803125,0.011351321,0.050105863,0.2642279,0.328125,4.302361091,-0.017132813,0.009612964,0.019645415,0.19280704,0.34375,4.529042918,4505.625,forward_normal_3,forward_normal,normal
-9.288975,0.054420903,9.289134415,6.07257992,0.3125,4.49028963,0.746582813,0.05125773,0.748340331,5.40557588,0.3125,4.580649622,-2.079623438,0.047864414,2.080174186,4.73539636,0.3125,4.637886254,-0.042321875,0.004898452,0.042604412,0.04918944,0.21875,4.557724309,0.048065625,0.019113838,0.051726619,0.74856768,0.3125,4.238111205,-0.017525,0.01505492,0.023103598,0.4643968,0.3125,4.430796561,4183.125,forward_normal_2,forward_normal,normal
-9.301953125,0.041007019,9.302043513,3.46549886,0.328125,4.578034566,0.739095313,0.041364861,0.740251939,3.50446072,0.328125,4.168180474,-2.07266875,0.045410168,2.073166137,4.23180608,0.34375,4.653340578,-0.04288125,0.001195679,0.042897917,0.0029344,0.34375,4.826513582,0.048689063,0.008663233,0.049453781,0.15461732,0.328125,4.337869908,-0.017671875,0.008116254,0.019446561,0.1352471,0.328125,4.418560843,5193.75,forward_normal_6,forward_normal,normal
-9.307015625,0.050820795,9.307154377,5.29911126,0.328125,4.492510207,0.749234375,0.049309898,0.750855255,4.98519696,0.328125,4.337950025,-2.075396875,0.036901482,2.075724911,2.78908448,0.328125,4.558697777,-0.042257812,0.003148055,0.04237491,0.02033944,0.328125,4.600010219,0.049232813,0.010997841,0.050446232,0.24778396,0.328125,4.094860018,-0.016984375,0.008371459,0.018935425,0.14365776,0.328125,4.505866328,6843.75,forward_normal_13,forward_normal,normal
-9.294510938,0.048216235,9.294636,4.7637718,0.3125,4.597703924,0.746170313,0.046937544,0.747645149,4.52601108,0.3125,4.487472972,-2.079735937,0.047131148,2.080269914,4.5695354,0.328125,4.689140715,-0.042434375,0.004856639,0.042711393,0.04830944,0.21875,4.548211365,0.048832813,0.016423631,0.051520668,0.5525044,0.3125,4.2397738,-0.017245313,0.014993477,0.022851809,0.46044636,0.21875,4.530154674,3939.375,forward_normal_2,forward_normal,normal
-9.329159375,0.039767727,9.329244134,3.28878286,0.34375,4.57701283,0.733565625,0.043850952,0.734875113,3.94741398,0.34375,4.329352784,-2.074195312,0.035537851,2.074499731,2.60392728,0.34375,4.614536494,-0.043842188,0.002978611,0.043943254,0.01817376,0.34375,4.769769709,0.04941875,0.010478592,0.05051746,0.22522072,0.34375,4.523523938,-0.017823437,0.006932887,0.019124326,0.09845808,0.34375,4.464120544,5848.125,forward_normal_9,forward_normal,normal
-9.314079688,0.03647363,9.314151102,2.7272376,0.34375,4.466628194,0.72829375,0.039729534,0.729376598,3.2327433,0.34375,4.143812077,-2.072475,0.034081052,2.072755206,2.3817076,0.34375,4.623982667,-0.04325625,0.002233822,0.043313891,0.01039616,0.34375,4.637591131,0.049135938,0.00994933,0.050133118,0.20341804,0.34375,4.32638587,-0.017371875,0.006268285,0.018468174,0.0804856,0.34375,4.493434839,4965,forward_normal_10,forward_normal,normal
-9.30559375,0.051455022,9.305736008,5.44552298,0.328125,4.525765266,0.747028125,0.048079616,0.748573757,4.7352888,0.328125,4.361238123,-2.074085938,0.03717948,2.074419145,2.83161572,0.328125,4.52088264,-0.042075,0.0033486,0.042208041,0.02298248,0.328125,4.679460628,0.049376563,0.011033284,0.050594251,0.24970472,0.328125,4.139793766,-0.01734375,0.008694518,0.019401039,0.15481816,0.328125,4.413390977,6738.75,forward_normal_13,forward_normal,normal
-9.322385938,0.036293895,9.322456587,2.70122436,0.34375,4.599265424,0.733115625,0.042851751,0.734366933,3.7645935,0.34375,4.341608815,-2.073898438,0.038903657,2.074263297,3.12179192,0.34375,4.695010807,-0.043942188,0.003164491,0.044055985,0.02051288,0.34375,4.798425382,0.049128125,0.010787775,0.050298596,0.238896,0.34375,4.534875687,-0.017667188,0.006403882,0.018791999,0.08398848,0.34375,4.571429023,5568.75,forward_normal_9,forward_normal,normal
-9.266310938,0.03367958,9.266372144,2.3236364,0.328125,4.569939802,0.741670312,0.038715076,0.742680086,3.09287944,0.328125,4.493239766,-2.099301563,0.022647237,2.099423718,1.0543476,0.375,4.622295521,-0.042503125,0.002459927,0.042574251,0.01246256,0.328125,4.696256444,0.047903125,0.010341723,0.049006741,0.21909446,0.328125,4.286292712,-0.0168125,0.007735783,0.018506823,0.12265512,0.328125,4.512698112,8758.125,forward_normal_7,forward_normal,normal
-9.320178125,0.036759036,9.320250614,2.7769728,0.34375,4.565283928,0.730084375,0.039956329,0.73117693,3.26982928,0.34375,4.184937343,-2.070604688,0.036253627,2.07092204,2.69629864,0.34375,4.725076169,-0.043576563,0.003191774,0.043693297,0.02092544,0.34375,4.732608579,0.04910625,0.010647533,0.050247326,0.23253546,0.34375,4.52558688,-0.017471875,0.006144166,0.018520723,0.07740606,0.34375,4.476586994,5092.5,forward_normal_10,forward_normal,normal
-9.320171875,0.055897365,9.320339495,6.43748304,0.34375,4.44001963,0.731685938,0.039694505,0.732761875,3.27458664,0.34375,4.493244122,-2.066871875,0.044584276,2.06735268,4.07097374,0.34375,4.667174447,-0.043365625,0.004109449,0.043559901,0.03497774,0.34375,4.560345739,0.049707813,0.011239277,0.050962613,0.25915912,0.34375,4.473741396,-0.017314062,0.008026633,0.019084119,0.13271056,0.34375,4.674895646,5501.25,forward_normal_12,forward_normal,normal
-9.286954688,0.052608771,9.287103695,5.67081356,0.0625,4.649959341,0.741340625,0.038197189,0.742324018,2.98832566,0.203125,4.726784065,-2.078978125,0.030873823,2.079207358,1.95254816,0.203125,4.742452961,-0.042526563,0.010669674,0.043844617,0.23363816,0.203125,4.529212485,0.048923438,0.014042655,0.050898909,0.40386788,0.203125,4.455380345,-0.01758125,0.018664588,0.025641123,0.71353216,0.203125,4.265978396,12000,forward_normal_0,forward_normal,normal
-9.284785938,0.061712493,9.284991025,7.8005886,0.328125,4.570563396,0.747771875,0.055251265,0.749810296,6.2546872,0.328125,4.510689621,-2.082764063,0.04165576,2.083180583,3.56433772,0.3125,4.56963178,-0.042109375,0.00347683,0.042252666,0.02496912,0.3125,4.766145934,0.047295313,0.020598243,0.051586182,0.86901188,0.3125,4.414511901,-0.016645313,0.01287523,0.021043716,0.33950696,0.3125,4.555795974,4740,forward_normal_1,forward_normal,normal
-9.277648438,0.036485823,9.27772018,2.74903476,0.328125,4.555564084,0.737754688,0.040965523,0.738891164,3.45052944,0.328125,4.348688968,-2.09193125,0.030349073,2.092151386,1.93188522,0.328125,4.803438374,-0.042579688,0.002322861,0.042643,0.0110702,0.328125,4.745317034,0.047692188,0.009238106,0.048578672,0.17517084,0.328125,4.376470633,-0.017214063,0.008190369,0.019063213,0.13779036,0.328125,4.390380525,5010,forward_normal_8,forward_normal,normal
-9.31195625,0.041158614,9.31204721,3.48427194,0.34375,4.46537388,0.736445313,0.048716864,0.738054897,4.86282336,0.328125,4.377027448,-2.074646875,0.043786592,2.075108894,3.92675206,0.3125,4.598829156,-0.043264063,0.001782937,0.043300785,0.00654152,0.328125,4.750981398,0.049392188,0.011977966,0.050823812,0.2938336,0.328125,4.088879096,-0.016873438,0.009565142,0.019396001,0.18883892,0.34375,4.301527392,4965,forward_normal_4,forward_normal,normal
-9.320814063,0.060974848,9.321013503,7.62427964,0.34375,4.384122316,0.733820313,0.042160153,0.735030428,3.64069356,0.34375,4.444192523,-2.072409375,0.040415721,2.072803427,3.38514062,0.34375,4.623209784,-0.042867188,0.003889933,0.043043319,0.0309956,0.34375,4.645163936,0.049445313,0.010632408,0.050575558,0.23153992,0.34375,4.534450281,-0.016828125,0.008428031,0.018820667,0.14559776,0.34375,4.680035284,5250,forward_normal_13,forward_normal,normal
-9.316317188,0.047139801,9.316436448,4.56093992,0.34375,4.471576805,0.731725,0.040804446,0.732861841,3.44336274,0.34375,4.50409048,-2.0702375,0.042124542,2.070666024,3.64017896,0.34375,4.618228819,-0.043675,0.003612219,0.043824123,0.02673138,0.34375,4.759496767,0.049765625,0.011371239,0.051048237,0.26482646,0.34375,4.214088119,-0.017492188,0.008495813,0.01944622,0.14821148,0.34375,4.719293985,5332.5,forward_normal_12,forward_normal,normal
-9.298029688,0.043056869,9.29812938,3.82770068,0.328125,4.631960528,0.74560625,0.038318684,0.74659025,3.01065048,0.328125,4.534314302,-2.080110938,0.040001891,2.080495533,3.27729608,0.34375,4.664663677,-0.042598438,0.002771591,0.042688507,0.01626028,0.34375,4.674051082,0.048521875,0.01074249,0.049696815,0.23639142,0.34375,4.442203754,-0.017504688,0.009694625,0.020009994,0.19451168,0.34375,4.534967557,3928.125,forward_normal_3,forward_normal,normal
-9.269221875,0.035460914,9.269289705,2.60864528,0.34375,4.619019951,0.740623438,0.040764586,0.741744449,3.42160316,0.34375,4.485947455,-2.09294375,0.030358071,2.09316391,1.88748682,0.4375,4.741607369,-0.042626563,0.001989601,0.04267297,0.00812108,0.34375,4.700412093,0.047792188,0.010096276,0.048846985,0.20885628,0.34375,4.375899992,-0.017239063,0.007440716,0.018776302,0.1133908,0.34375,4.426559927,7657.5,forward_normal_7,forward_normal,normal
-9.317814063,0.047213947,9.31793368,4.5879764,0.34375,4.395205939,0.732398438,0.040536004,0.733519351,3.380051,0.34375,4.459468908,-2.0706875,0.041539385,2.071104112,3.53414914,0.34375,4.629275918,-0.043742187,0.003554698,0.043886386,0.0258784,0.34375,4.750269836,0.049940625,0.011361403,0.051216672,0.26489024,0.34375,4.288571001,-0.017342188,0.008467047,0.019298765,0.14682376,0.34375,4.682018683,5310,forward_normal_12,forward_normal,normal
-9.28355,0.049175502,9.283680242,4.95336736,0.328125,4.720045793,0.740784375,0.035185882,0.741619536,2.53624848,0.328125,4.585618474,-2.084626563,0.034021979,2.08490417,2.38122252,0.328125,4.801880059,-0.042814063,0.005119078,0.043119009,0.05442436,0.40625,4.813192999,0.048220313,0.011853588,0.049655877,0.2877956,0.328125,4.704857809,-0.017353125,0.014373391,0.022532761,0.42316144,0.21875,4.503719453,5580,forward_normal_0,forward_normal,normal
-9.28665625,0.063133118,9.286870845,8.1636364,0.328125,4.451419548,0.74481875,0.058006397,0.747074101,6.91123264,0.3125,4.509714758,-2.078760938,0.045958706,2.079268919,4.33608724,0.3125,4.595140944,-0.042571875,0.004038389,0.042762988,0.0334088,0.3125,4.597973923,0.047467188,0.021781594,0.052226159,0.97212608,0.3125,4.292674957,-0.017373437,0.01498099,0.022940497,0.4596458,0.3125,4.5250071,4700.625,forward_normal_1,forward_normal,normal
-9.313820312,0.048006677,9.313944033,4.72450316,0.34375,4.43562789,0.740670312,0.049445436,0.742318909,5.00809028,0.34375,4.371361364,-2.07494375,0.040539961,2.075339744,3.37914874,0.34375,4.666972442,-0.043128125,0.002352888,0.043192259,0.01133822,0.34375,4.629863558,0.049171875,0.010760888,0.050335574,0.23788128,0.34375,4.179649012,-0.017228125,0.006475639,0.01840495,0.08593264,0.34375,4.459072775,6637.5,forward_normal_14,forward_normal,normal
-9.288976563,0.061839333,9.289182401,7.84140964,0.328125,4.442857265,0.746689063,0.058174272,0.748951802,6.9419916,0.328125,4.514132075,-2.074085938,0.048229866,2.07464662,4.78269228,0.3125,4.626167332,-0.042426563,0.004666176,0.04268239,0.04459164,0.3125,4.531182868,0.04728125,0.022489087,0.052357193,1.036112,0.3125,4.255661316,-0.017171875,0.015676948,0.023251667,0.50364272,0.3125,4.418692309,4640.625,forward_normal_1,forward_normal,normal
-9.281342188,0.050388379,9.281478966,5.21469248,0.0625,4.811516492,0.7398125,0.035174069,0.740648196,2.53986664,0.328125,4.606620291,-2.083690625,0.0345941,2.083977776,2.45319216,0.328125,4.827532876,-0.043354688,0.004784445,0.043617884,0.04701672,0.1875,4.636886728,0.049176562,0.0123634,0.050706883,0.31376252,0.328125,4.627505643,-0.018651562,0.015115276,0.024007339,0.468339,0.21875,4.377287336,5632.5,forward_normal_0,forward_normal,normal
-9.298214063,0.049003915,9.298343193,4.94841496,0.3125,4.578744995,0.747517188,0.046168102,0.748941546,4.36557976,0.3125,4.461439504,-2.078576563,0.045813551,2.079081386,4.31294228,0.328125,4.669049414,-0.042385938,0.004830983,0.042660357,0.04779728,0.21875,4.54487092,0.048509375,0.015542509,0.050938483,0.49500366,0.3125,4.330008924,-0.016621875,0.014160911,0.021836166,0.41068992,0.1875,4.551240767,3841.875,forward_normal_2,forward_normal,normal
-9.284820312,0.051802305,9.28496482,5.50867684,0.0625,4.651378546,0.742428125,0.038961834,0.74344976,3.10895654,0.203125,4.69618662,-2.08121875,0.032414618,2.081471161,2.1578769,0.203125,4.750558089,-0.04234375,0.010600971,0.043650587,0.23050392,0.203125,4.481881781,0.0487875,0.014085792,0.05078021,0.407208,0.203125,4.499620514,-0.017748438,0.019172531,0.02612648,0.7530386,0.203125,4.360120184,10125,forward_normal_0,forward_normal,normal
-9.31715,0.040134769,9.317236442,3.30241224,0.328125,4.519657129,0.7253,0.042007098,0.726515441,3.61505474,0.328125,4.414226289,-2.075475,0.037611945,2.075815776,2.89859336,0.328125,4.691447284,-0.043475,0.00369717,0.043631923,0.02834272,0.328125,4.794992557,0.049196875,0.010817318,0.050372084,0.24070342,0.328125,4.572037933,-0.0178375,0.007127445,0.019208771,0.10406114,0.328125,4.769993555,5212.5,forward_normal_10,forward_normal,normal
-9.32205,0.036670113,9.322122124,2.76425032,0.34375,4.534049024,0.732479687,0.042028094,0.733684437,3.62413068,0.34375,4.161375886,-2.073710938,0.037688265,2.074053388,2.92593656,0.34375,4.67775006,-0.0438875,0.003210359,0.044004762,0.021128,0.34375,4.737723895,0.049010938,0.010610875,0.050146412,0.23060428,0.34375,4.414523291,-0.01753125,0.006258441,0.018614855,0.08022074,0.34375,4.579633984,5321.25,forward_normal_10,forward_normal,normal
-9.321223437,0.058359968,9.321406131,6.99264536,0.34375,4.392402485,0.730829688,0.040836632,0.731969714,3.43848436,0.34375,4.435011876,-2.06803125,0.044324816,2.06850621,4.03172288,0.34375,4.643011928,-0.043240625,0.003901711,0.043416299,0.03168304,0.34375,4.605717112,0.049428125,0.010584016,0.0505486,0.2299128,0.34375,4.542550581,-0.017059375,0.008459494,0.019041673,0.14688878,0.34375,4.530977968,5381.25,forward_normal_12,forward_normal,normal
-9.311879688,0.047902323,9.312002897,4.70776672,0.34375,4.507994743,0.743435937,0.049471691,0.745080158,5.0451676,0.328125,4.278336192,-2.075770313,0.038629513,2.076129724,3.05725324,0.328125,4.564257441,-0.042542187,0.002851579,0.04263765,0.01665332,0.328125,4.462629175,0.049295313,0.01093997,0.050494661,0.24517452,0.328125,4.120139476,-0.0169875,0.007049945,0.018392305,0.1018685,0.328125,4.501434995,7020,forward_normal_14,forward_normal,normal
-9.320364063,0.059428948,9.320553527,7.23947664,0.34375,4.384989843,0.731615625,0.042590625,0.732854272,3.71548576,0.34375,4.260720587,-2.069414063,0.044009036,2.069881967,3.97554812,0.34375,4.64896827,-0.04308125,0.003978845,0.043264597,0.03244544,0.34375,4.632304786,0.049546875,0.010416903,0.050630077,0.2222403,0.34375,4.427397063,-0.017265625,0.008282157,0.019149306,0.14050256,0.34375,4.572417848,5306.25,forward_normal_12,forward_normal,normal
-9.303010938,0.041154261,9.303101965,3.47934448,0.328125,4.508870423,0.735584375,0.047389174,0.737109291,4.60802774,0.328125,4.219736873,-2.073934375,0.043570594,2.074392005,3.91604822,0.328125,4.600465147,-0.043401563,0.001954601,0.043445553,0.00820244,0.328125,4.802461547,0.0491375,0.012763222,0.050768039,0.33386976,0.328125,4.149919156,-0.017303125,0.009456677,0.019718694,0.18427344,0.328125,4.398988427,5011.875,forward_normal_3,forward_normal,normal
-9.328223438,0.038995896,9.328304947,3.15493648,0.34375,4.563979927,0.732854687,0.043455246,0.734141915,3.87028416,0.34375,4.24824845,-2.073073437,0.036041639,2.073386717,2.68357164,0.34375,4.616705731,-0.043871875,0.003138693,0.043984006,0.02017664,0.34375,4.768129973,0.049475,0.010609297,0.050599731,0.23108834,0.34375,4.53256976,-0.0178,0.006917031,0.019096736,0.09801608,0.34375,4.46832944,5870.625,forward_normal_9,forward_normal,normal
-9.316510937,0.036950571,9.316584213,2.80285,0.34375,4.55144627,0.728254688,0.039889668,0.729346334,3.26186072,0.34375,4.225836815,-2.072848438,0.034556869,2.07313647,2.44596528,0.34375,4.653058094,-0.043421875,0.003173152,0.043537663,0.02073968,0.34375,4.727950622,0.049146875,0.010495311,0.050255018,0.2262099,0.34375,4.533862544,-0.017346875,0.006098513,0.018387657,0.07621126,0.34375,4.497145424,4980,forward_normal_10,forward_normal,normal
-9.280332813,0.050852664,9.280472138,5.29646572,0.328125,4.561557691,0.74186875,0.037734723,0.742827807,2.9165148,0.328125,4.543557068,-2.085785938,0.033431338,2.086053842,2.29612012,0.328125,4.694413282,-0.0427625,0.004486629,0.042997224,0.0416581,0.171875,4.742751156,0.048378125,0.011616764,0.049753313,0.2763784,0.328125,4.669096642,-0.017689062,0.013783914,0.022425415,0.38915564,0.328125,4.484522046,5422.5,forward_normal_0,forward_normal,normal
-9.285421875,0.061585757,9.285626107,7.77040358,0.328125,4.582984096,0.745415625,0.057313669,0.747615751,6.73244656,0.328125,4.554278028,-2.079882813,0.0440264,2.08034873,3.97132904,0.3125,4.621625007,-0.0422375,0.00358288,0.04238919,0.02638002,0.3125,4.811290996,0.047109375,0.021286122,0.051695185,0.93171382,0.3125,4.484820665,-0.017542188,0.013657127,0.022231632,0.38350508,0.3125,4.581675237,4745.625,forward_normal_1,forward_normal,normal
-9.306301563,0.052679733,9.306450662,5.68374696,0.328125,4.361436768,0.743773438,0.049610641,0.745426148,5.04086016,0.328125,4.364357692,-2.075321875,0.035668129,2.075628363,2.61794768,0.328125,4.59911939,-0.042017188,0.003344144,0.042150057,0.02307824,0.328125,4.678864675,0.049096875,0.010955335,0.050304299,0.24585798,0.328125,4.112151832,-0.01709375,0.008617241,0.019142965,0.1520825,0.328125,4.365163531,6633.75,forward_normal_13,forward_normal,normal
-9.328148438,0.038631047,9.328228429,3.09164704,0.34375,4.563948616,0.732967188,0.043550384,0.734259854,3.89008856,0.34375,4.278853229,-2.0719125,0.036821888,2.072239672,2.78964776,0.34375,4.63311735,-0.043859375,0.003140945,0.043971699,0.0202048,0.34375,4.756588418,0.049492188,0.010584767,0.050611401,0.23015548,0.34375,4.538718308,-0.0178125,0.006955764,0.019122443,0.0991012,0.34375,4.460388965,5881.875,forward_normal_9,forward_normal,normal
-9.31849375,0.043604106,9.318595768,3.89703576,0.34375,4.361683038,0.737075,0.047138098,0.738580771,4.55337986,0.34375,4.266008832,-2.068135938,0.041540396,2.068553084,3.55619312,0.34375,4.643869399,-0.043145313,0.00170669,0.043179055,0.00608244,0.328125,4.717366786,0.050295312,0.010723127,0.051425713,0.23549332,0.34375,4.028283371,-0.017395313,0.00854573,0.019381084,0.14960404,0.34375,4.367746473,4691.25,forward_normal_4,forward_normal,normal
-9.267739062,0.036440549,9.267810704,2.71961224,0.328125,4.448055801,0.741045313,0.039669758,0.742106357,3.26622268,0.328125,4.376526657,-2.095745313,0.026637051,2.095914585,1.51095652,0.328125,4.733077766,-0.04253125,0.002248602,0.04259065,0.01042712,0.328125,4.751126268,0.047976563,0.009625061,0.048932528,0.18975284,0.328125,4.080794182,-0.017053125,0.008395869,0.019007885,0.14502,0.328125,4.525338779,6234.375,forward_normal_8,forward_normal,normal
-9.3161,0.031951413,9.316154792,2.09390898,0.328125,4.655701967,0.744296875,0.043512354,0.745567678,3.88310526,0.328125,4.312738639,-2.069079688,0.047785635,2.069631421,4.67701768,0.328125,4.453684379,-0.042517188,0.001282643,0.04253653,0.00340544,0.1875,4.852589983,0.049817188,0.008504568,0.050537905,0.14825348,0.328125,4.236225219,-0.017715625,0.008561163,0.019675794,0.1502176,0.328125,4.422766345,4781.25,forward_normal_6,forward_normal,normal
-9.316839063,0.047871533,9.316962048,4.6941882,0.34375,4.38933262,0.732398438,0.040128292,0.733496933,3.30115796,0.34375,4.409549218,-2.070051562,0.042106075,2.070479749,3.65259616,0.34375,4.617457274,-0.0436625,0.003683727,0.043817619,0.02781842,0.34375,4.703276248,0.049590625,0.011463961,0.050898453,0.26965238,0.34375,4.405323805,-0.017242188,0.008433394,0.019194144,0.14570136,0.34375,4.65608469,5355,forward_normal_12,forward_normal,normal
-9.292939063,0.050880094,9.293078349,5.31585764,0.3125,4.625800458,0.747517188,0.049155117,0.749131611,4.94871064,0.3125,4.602486598,-2.080671875,0.048744338,2.081242769,4.87089104,0.328125,4.666330974,-0.042271875,0.004865872,0.042551006,0.0484944,0.21875,4.571833066,0.048132813,0.017156113,0.051098922,0.60301076,0.3125,4.246394762,-0.016904688,0.015175015,0.022716724,0.47166868,0.21875,4.504570975,3988.125,forward_normal_2,forward_normal,normal
-9.320620313,0.043299835,9.320720889,3.86292244,0.328125,4.523903088,0.730040625,0.042390254,0.731270297,3.70383856,0.328125,4.444123703,-2.07349375,0.03867064,2.073854322,3.0629601,0.328125,4.700170313,-0.04373125,0.004109778,0.04392394,0.0346921,0.328125,4.811517614,0.049803125,0.011546157,0.051124016,0.27388352,0.328125,4.276069311,-0.016926563,0.008694435,0.019028971,0.15502912,0.328125,4.537417693,5190,forward_normal_11,forward_normal,normal
-9.322196875,0.060472346,9.322393013,7.50954128,0.34375,4.405367384,0.733484375,0.041033455,0.73463125,3.4485376,0.34375,4.33824549,-2.070464063,0.041844916,2.070886871,3.65579296,0.34375,4.630824349,-0.042946875,0.003876128,0.043121438,0.0308979,0.34375,4.694091433,0.049920313,0.010125296,0.050936816,0.21005272,0.34375,4.507939578,-0.0171125,0.008180952,0.018967489,0.1370853,0.34375,4.483854342,5223.75,forward_normal_13,forward_normal,normal
-9.2840375,0.056061349,9.284206761,6.4498596,0.328125,4.604585064,0.74376875,0.047954255,0.745313064,4.74060298,0.328125,4.647622377,-2.079659375,0.037954091,2.08000568,2.95184112,0.328125,4.670605717,-0.042434375,0.003452002,0.042574552,0.02476912,0.328125,4.886854495,0.047320313,0.017217507,0.050355283,0.6071212,0.328125,4.502151664,-0.016554687,0.011855457,0.020361963,0.28798632,0.328125,4.436999886,4766.25,forward_normal_1,forward_normal,normal
-9.304992187,0.044602975,9.305099088,4.07659444,0.328125,4.386080505,0.734017188,0.040940367,0.735158041,3.4775308,0.328125,4.402956336,-2.078348438,0.028787514,2.078547798,1.7065366,0.34375,4.812805392,-0.043025,0.002233971,0.043082958,0.0102213,0.328125,4.604375844,0.048545313,0.009507299,0.049467526,0.18626332,0.328125,4.386286197,-0.017320313,0.007802667,0.018996706,0.12506368,0.328125,4.52641809,4726.875,forward_normal_8,forward_normal,normal
-9.315764063,0.043730297,9.315866702,3.91703784,0.34375,4.248256219,0.736814062,0.048304195,0.738395733,4.77868532,0.328125,4.305993946,-2.064282813,0.042759588,2.064725626,3.7692802,0.34375,4.619377191,-0.04305625,0.001586651,0.043085475,0.00527744,0.328125,4.74841037,0.049910938,0.011001933,0.05110914,0.24796356,0.34375,4.141103758,-0.017521875,0.008943599,0.019672419,0.16401534,0.34375,4.41618147,4796.25,forward_normal_4,forward_normal,normal
-9.307790625,0.03963495,9.307875012,3.22720368,0.328125,4.523620792,0.741228125,0.041612545,0.74239527,3.5587752,0.328125,4.401363819,-2.071473438,0.04560451,2.07197538,4.26935452,0.34375,4.603851882,-0.042809375,0.001275456,0.042828371,0.00336208,0.1875,4.828107116,0.04889375,0.008546123,0.049635018,0.14960128,0.328125,4.302988582,-0.01738125,0.008294292,0.019258845,0.14096714,0.328125,4.51786537,5111.25,forward_normal_6,forward_normal,normal
-9.291814063,0.04208442,9.291909366,3.65690436,0.328125,4.523788488,0.741825,0.04378303,0.743115929,3.94241056,0.328125,4.470081356,-2.078207813,0.041763315,2.078627404,3.58650232,0.34375,4.624460377,-0.042753125,0.001363356,0.042774858,0.00382238,0.328125,4.856663388,0.048164063,0.008781468,0.048958054,0.15809364,0.328125,4.345252474,-0.016960938,0.008024564,0.018763449,0.13188828,0.34375,4.435366996,5349.375,forward_normal_6,forward_normal,normal
-9.313254687,0.043172901,9.313354754,3.81829192,0.34375,4.405802032,0.736926563,0.048820405,0.738541935,4.88279768,0.328125,4.343663689,-2.062821875,0.040820007,2.063225717,3.44473424,0.328125,4.524256064,-0.043135938,0.001486645,0.043161548,0.00470116,0.25,4.739384285,0.050079688,0.011094934,0.051293983,0.2521044,0.34375,4.218890489,-0.017623438,0.008861147,0.019725756,0.16091684,0.328125,4.463273288,4901.25,forward_normal_5,forward_normal,normal
-9.311721875,0.035998218,9.311791458,2.65532864,0.328125,4.516348014,0.741828125,0.043008962,0.743073844,3.78837856,0.328125,4.23025019,-2.069117188,0.047002542,2.069650979,4.53008644,0.328125,4.547807025,-0.042651563,0.00131909,0.042671955,0.00359016,0.1875,4.853825348,0.049267188,0.008342719,0.049968557,0.14337916,0.328125,4.387550172,-0.01778125,0.008262337,0.019607118,0.1399712,0.328125,4.467115068,4946.25,forward_normal_6,forward_normal,normal
-9.326728125,0.039869547,9.326813341,3.2724631,0.34375,4.531217289,0.733415625,0.043870328,0.734726537,3.94161838,0.34375,4.226897364,-2.073860938,0.034306389,2.074144671,2.45955304,0.34375,4.624362589,-0.043867188,0.002962582,0.043967113,0.0181112,0.34375,4.848786526,0.049484375,0.010171686,0.050518972,0.21215254,0.34375,4.331415178,-0.017848438,0.00711005,0.019212484,0.1035376,0.34375,4.39966135,5746.875,forward_normal_9,forward_normal,normal
-9.318685938,0.039197652,9.318768377,3.15038552,0.328125,4.413667571,0.727504688,0.044084874,0.728839177,3.98151412,0.328125,4.32553796,-2.078435938,0.036116973,2.078749716,2.6808552,0.328125,4.638793931,-0.043826563,0.003929386,0.04400236,0.03186992,0.328125,4.73350231,0.049398438,0.011383959,0.050693196,0.266382,0.328125,4.44906778,-0.017473438,0.007805191,0.019137451,0.12490568,0.328125,4.648259026,5167.5,forward_normal_11,forward_normal,normal
-9.316923438,0.04309939,9.317023124,3.8129764,0.34375,4.26268922,0.737114063,0.048216384,0.738689353,4.77161304,0.328125,4.300946373,-2.067501563,0.042189878,2.067931986,3.70399552,0.34375,4.606881491,-0.04315625,0.001642014,0.043187476,0.00574234,0.328125,4.741102409,0.049971875,0.010866843,0.051139775,0.242128,0.34375,4.151258679,-0.017126562,0.009095487,0.019391932,0.16943512,0.34375,4.36830642,4743.75,forward_normal_4,forward_normal,normal
-9.319465625,0.039706455,9.319550211,3.23416598,0.328125,4.509889506,0.728545312,0.043649534,0.729851734,3.90216004,0.328125,4.386832419,-2.074954688,0.038058442,2.075303689,2.96642732,0.328125,4.736749142,-0.04411875,0.004344388,0.044332131,0.03905098,0.328125,4.779095943,0.050121875,0.011380527,0.051397653,0.26729758,0.328125,4.434716127,-0.017276563,0.008454358,0.019234235,0.14645884,0.328125,4.523174169,5130,forward_normal_11,forward_normal,normal
-9.284073438,0.053787215,9.284229244,5.9250668,0.328125,4.545663847,0.740815625,0.042571734,0.742037831,3.71193134,0.328125,4.444544329,-2.0828,0.038282258,2.083151788,3.00280192,0.328125,4.696924896,-0.042425,0.003432929,0.042563666,0.02451656,0.328125,4.868661234,0.047759375,0.014485054,0.049907662,0.4306207,0.328125,4.368133735,-0.016660938,0.011562637,0.020280074,0.27393932,0.328125,4.416601956,4897.5,forward_normal_1,forward_normal,normal
-9.3207375,0.059483683,9.320927306,7.26523522,0.34375,4.39448582,0.730642188,0.041998894,0.731848286,3.6231252,0.34375,4.398400769,-2.069526563,0.044229678,2.069999144,4.0291354,0.34375,4.668578796,-0.043271875,0.00376611,0.043435455,0.02966048,0.34375,4.606774748,0.049471875,0.01042742,0.050558852,0.22295038,0.34375,4.508313311,-0.01726875,0.008386557,0.019197501,0.1443424,0.34375,4.556614362,5336.25,forward_normal_12,forward_normal,normal
-9.3201,0.058083609,9.320280989,6.94520754,0.34375,4.434680898,0.73165,0.041177873,0.732807846,3.50128018,0.34375,4.464473158,-2.0702375,0.045500977,2.070737464,4.2402384,0.34375,4.586935215,-0.043532813,0.003960786,0.043712625,0.03281688,0.34375,4.606182922,0.049620313,0.010844313,0.050791481,0.24122112,0.34375,4.50007018,-0.017296875,0.008017948,0.019064873,0.1320472,0.34375,4.629673089,5456.25,forward_normal_12,forward_normal,normal
-9.28579375,0.048510211,9.285920461,4.81967,0.328125,4.652868901,0.742467188,0.037017357,0.743389406,2.80648588,0.328125,4.599243218,-2.085039063,0.034158645,2.08531885,2.39188424,0.328125,4.754568009,-0.043051563,0.004675969,0.043304754,0.04493908,0.40625,4.753773923,0.048851563,0.011405467,0.050165325,0.26642028,0.328125,4.647644029,-0.018184375,0.013742432,0.022793112,0.38686912,0.21875,4.437344216,5527.5,forward_normal_0,forward_normal,normal
-9.322682813,0.060261979,9.322877578,7.43941756,0.34375,4.352934858,0.732135938,0.042285807,0.733356067,3.66835792,0.34375,4.326732409,-2.071325,0.04225348,2.071755925,3.68681602,0.34375,4.636116309,-0.042995313,0.003988555,0.04317992,0.03259816,0.34375,4.601682867,0.04954375,0.010163336,0.050575454,0.21154538,0.34375,4.450047963,-0.016921875,0.008094027,0.018758015,0.13417246,0.34375,4.461007534,5246.25,forward_normal_13,forward_normal,normal
-9.287404688,0.063364815,9.287620843,8.22707404,0.328125,4.436268086,0.745454688,0.058667729,0.747759716,7.0660364,0.3125,4.487249537,-2.077339063,0.045301744,2.077832965,4.22134004,0.3125,4.639345009,-0.042426563,0.004163316,0.042630346,0.0354984,0.3125,4.585122975,0.047114063,0.022102615,0.05204095,1.00053004,0.3125,4.269819778,-0.016854688,0.015103983,0.022632074,0.46735704,0.3125,4.482982385,4685.625,forward_normal_1,forward_normal,normal
-9.320998438,0.05813854,9.321179752,6.94987224,0.34375,4.422415406,0.730903125,0.040622007,0.732031096,3.39874928,0.34375,4.458038913,-2.069039063,0.045263236,2.069534103,4.20091164,0.34375,4.598208497,-0.0434,0.003966382,0.04358087,0.0328893,0.34375,4.590498795,0.049259375,0.010703544,0.050408847,0.23490464,0.34375,4.543113352,-0.016878125,0.008254496,0.018788502,0.14005598,0.34375,4.5528647,5411.25,forward_normal_12,forward_normal,normal
-9.3274375,0.040939729,9.327527345,3.49037376,0.34375,4.611098499,0.734948437,0.043517787,0.736235698,3.88220452,0.34375,4.285135897,-2.073784375,0.034526015,2.074071763,2.4741288,0.34375,4.625830239,-0.04385,0.002960363,0.043949815,0.01795968,0.34375,4.772617509,0.049907812,0.010257776,0.050951072,0.21556304,0.34375,4.232681442,-0.01785625,0.007098611,0.019215513,0.10323978,0.34375,4.449822957,5810.625,forward_normal_9,forward_normal,normal
-9.31785,0.048660572,9.317977059,4.88031008,0.34375,4.433067547,0.732248438,0.039633591,0.733320255,3.23272476,0.34375,4.437848293,-2.069939063,0.043543641,2.070397008,3.88603372,0.34375,4.682766978,-0.043645313,0.003619001,0.043795096,0.02685112,0.34375,4.700989753,0.0499,0.011455662,0.051198068,0.26931464,0.34375,4.352370349,-0.017342188,0.008428742,0.01928199,0.1455076,0.34375,4.657055206,5377.5,forward_normal_12,forward_normal,normal
-9.31423125,0.040593626,9.314319708,3.37872408,0.328125,4.556022664,0.729265625,0.040032593,0.730363581,3.28214224,0.328125,4.406182275,-2.075623438,0.036949056,2.075952284,2.80852608,0.34375,4.625416206,-0.0432625,0.002614592,0.043341435,0.01400082,0.34375,4.733144279,0.049665625,0.010642665,0.050793116,0.2334059,0.34375,4.477025863,-0.018051563,0.006786038,0.019284948,0.09441044,0.34375,4.621484468,5167.5,forward_normal_10,forward_normal,normal
-9.292601563,0.0439116,9.292705313,3.97167536,0.3125,4.720191236,0.745945313,0.038895529,0.746958681,3.11321984,0.3125,4.623700509,-2.076629687,0.041281865,2.077039973,3.49042148,0.296875,4.657604207,-0.042404687,0.003631091,0.042559868,0.02700672,0.171875,4.759405238,0.048507813,0.011942483,0.049956289,0.29293632,0.3125,4.597730314,-0.017476563,0.011246871,0.020782741,0.25983596,0.171875,4.692550292,3770.625,forward_normal_2,forward_normal,normal
-9.327476563,0.039020506,9.327558181,3.14866576,0.34375,4.540504419,0.732892188,0.043300698,0.734170218,3.84379688,0.34375,4.275130085,-2.071725,0.036890764,2.072053427,2.80043336,0.34375,4.646751187,-0.04384375,0.003140157,0.043956058,0.0201969,0.34375,4.774278561,0.049475,0.010440785,0.050564668,0.2236116,0.34375,4.551329788,-0.0177875,0.006926951,0.019088683,0.09827496,0.34375,4.467407561,5868.75,forward_normal_9,forward_normal,normal
-9.2888625,0.050966225,9.28900232,5.3327232,0.0625,4.6299385,0.741153125,0.039091247,0.74218332,3.12989894,0.203125,4.678936347,-2.079275,0.030744644,2.079502286,1.93875592,0.203125,4.727534218,-0.042376563,0.010634139,0.043690479,0.23240996,0.203125,4.505637191,0.048925,0.014072802,0.050908736,0.4059856,0.203125,4.52541308,-0.0173625,0.018954473,0.025704638,0.73637394,0.203125,4.393006761,11250,forward_normal_0,forward_normal,normal
-9.267960938,0.037213424,9.268035648,2.83615016,0.328125,4.449142097,0.740292188,0.039634042,0.741352399,3.24990932,0.328125,4.432882809,-2.099975,0.024422441,2.10011701,1.2818845,0.328125,4.770608214,-0.042565625,0.002358973,0.042630942,0.01145494,0.328125,4.790466932,0.0480875,0.009708864,0.04905782,0.19321792,0.328125,4.252843527,-0.017101562,0.008073578,0.018911533,0.13397148,0.328125,4.478862217,7228.125,forward_normal_7,forward_normal,normal
-9.316660938,0.043353877,9.316761808,3.85160072,0.34375,4.244355555,0.738198437,0.048264957,0.739774587,4.77116388,0.328125,4.20708278,-2.066379688,0.042768513,2.066822237,3.75971936,0.34375,4.614667719,-0.04311875,0.001611373,0.043148848,0.00543626,0.328125,4.731903906,0.050109375,0.010995208,0.051301502,0.24759456,0.34375,4.056795949,-0.017471875,0.009061172,0.019681749,0.16815072,0.34375,4.333398319,4770,forward_normal_4,forward_normal,normal
-9.320665625,0.037479049,9.320740978,2.87678528,0.328125,4.470498717,0.727728125,0.043028648,0.7289991,3.80048496,0.328125,4.390170638,-2.076003125,0.037339331,2.076338893,2.85547206,0.328125,4.584136965,-0.043710938,0.004274127,0.043919406,0.03778584,0.328125,4.725299929,0.049551563,0.011305405,0.050824891,0.26322276,0.328125,4.418122781,-0.0171125,0.008595175,0.019149796,0.15146578,0.328125,4.55361175,5107.5,forward_normal_11,forward_normal,normal
-9.31056875,0.047506555,9.310689949,4.63735296,0.34375,4.430033649,0.746690625,0.050037341,0.748365302,5.14886838,0.328125,4.301723739,-2.075321875,0.038984698,2.075688004,3.11349726,0.328125,4.593566736,-0.042534375,0.002984921,0.042638982,0.01824726,0.328125,4.529453453,0.049609375,0.010855798,0.05078325,0.2417856,0.328125,4.274925269,-0.01714375,0.007659754,0.018777114,0.12022954,0.328125,4.591034967,7080,forward_normal_14,forward_normal,normal
-9.298742188,0.044714898,9.298849697,4.17857976,0.328125,4.630654622,0.746167188,0.038824875,0.747176581,3.08727432,0.328125,4.451121909,-2.0807875,0.038233181,2.081138726,3.00145512,0.34375,4.640874056,-0.0427625,0.002772211,0.042852264,0.01636578,0.34375,4.705383065,0.04866875,0.009911119,0.049667671,0.2011836,0.328125,4.385358534,-0.017171875,0.009726935,0.019735414,0.19571486,0.34375,4.63751008,4066.875,forward_normal_3,forward_normal,normal
-9.31321875,0.034927344,9.313284244,2.49932792,0.328125,4.54202075,0.743998437,0.042987518,0.745239292,3.78915232,0.328125,4.366448684,-2.070428125,0.047369474,2.070969939,4.59627198,0.328125,4.58548427,-0.042623438,0.001342659,0.042644579,0.00372012,0.1875,4.859178403,0.049634375,0.008439291,0.050346726,0.1460239,0.328125,4.132562139,-0.017710938,0.008366322,0.019587564,0.14343112,0.328125,4.489250241,4905,forward_normal_6,forward_normal,normal
-9.309590625,0.062763484,9.309802192,8.13289904,0.328125,4.578265126,0.740592188,0.044612513,0.741934677,4.09488456,0.328125,4.488396208,-2.07435625,0.041181913,2.074764999,3.51454744,0.34375,4.563039641,-0.042534375,0.003587793,0.042685423,0.0263759,0.328125,4.70101415,0.049745313,0.010741376,0.05089178,0.23660744,0.328125,4.447386409,-0.017467188,0.009148361,0.019717889,0.17147792,0.328125,4.611648722,5670,forward_normal_13,forward_normal,normal
-9.320029688,0.03787372,9.320106641,2.93779164,0.328125,4.431306805,0.727615625,0.044428806,0.728970793,4.04865776,0.328125,4.356713685,-2.078175,0.038445993,2.078530593,3.02732936,0.328125,4.57653272,-0.04388125,0.003967953,0.044060285,0.03255256,0.328125,4.724437717,0.049295313,0.011386978,0.05059339,0.2677748,0.328125,4.459573407,-0.017425,0.008344366,0.019319914,0.14276104,0.328125,4.600709805,5130,forward_normal_11,forward_normal,normal
-9.321526562,0.036580097,9.321598337,2.74818612,0.34375,4.55753146,0.733076563,0.042463465,0.734305381,3.69448436,0.34375,4.321329196,-2.073001563,0.039070439,2.073369716,3.14456824,0.34375,4.676948366,-0.043954688,0.003165879,0.044068553,0.02052728,0.34375,4.783282386,0.049245313,0.010738074,0.050402451,0.23660016,0.34375,4.51772555,-0.017792188,0.006452889,0.018926218,0.08527888,0.34375,4.572423532,5531.25,forward_normal_9,forward_normal,normal
-9.320807813,0.057143163,9.320982975,6.71107156,0.34375,4.416151511,0.731723437,0.040876601,0.732864302,3.4517884,0.34375,4.497812204,-2.069003125,0.044096758,2.06947299,3.98245726,0.34375,4.607789986,-0.043460938,0.003898181,0.043635409,0.03172308,0.34375,4.566499929,0.0497625,0.011265205,0.051021674,0.260152,0.34375,4.456033324,-0.017314062,0.007992122,0.01906963,0.1311758,0.34375,4.63539356,5486.25,forward_normal_12,forward_normal,normal
-9.321003125,0.03879799,9.321083872,3.08397374,0.328125,4.435694298,0.727390625,0.04401713,0.728721229,3.97519184,0.328125,4.378834669,-2.078248438,0.036069399,2.078561418,2.6650258,0.328125,4.656295595,-0.04381875,0.003952921,0.043996687,0.03220522,0.328125,4.73450528,0.049403125,0.011248638,0.05066755,0.26073904,0.328125,4.43043455,-0.01735,0.00827024,0.019220286,0.14008018,0.328125,4.594371222,5145,forward_normal_11,forward_normal,normal
-9.314046875,0.048109429,9.314171123,4.74086846,0.34375,4.373393559,0.742278125,0.049266515,0.743911288,4.97181726,0.34375,4.345666317,-2.075842188,0.041058585,2.076248202,3.47477304,0.34375,4.686000464,-0.043132813,0.002372239,0.043197998,0.0115288,0.34375,4.64237732,0.0494875,0.010635091,0.050617367,0.23168354,0.34375,4.178250131,-0.017134375,0.00645434,0.018309705,0.08547862,0.34375,4.357538352,6682.5,forward_normal_14,forward_normal,normal
-9.310528125,0.062093904,9.310735181,7.90962918,0.328125,4.511004557,0.741267188,0.045693394,0.742674175,4.2759942,0.328125,4.423130557,-2.074840625,0.040604109,2.075237893,3.38789494,0.328125,4.687496091,-0.04238125,0.003654016,0.042538479,0.02735808,0.328125,4.715340268,0.04908125,0.01095907,0.050289863,0.2459724,0.328125,4.417402244,-0.017084375,0.009219057,0.019413059,0.17408608,0.328125,4.563309653,5790,forward_normal_13,forward_normal,normal
-9.312023437,0.062725956,9.312234697,8.06018708,0.328125,4.487065714,0.73745,0.044099869,0.73876742,4.00462082,0.328125,4.60592255,-2.07420625,0.040646944,2.074604478,3.4038529,0.34375,4.635946513,-0.042435938,0.003655747,0.042593113,0.0274486,0.34375,4.79917799,0.049485938,0.010549805,0.050597988,0.22933832,0.34375,4.453235021,-0.01745625,0.00887019,0.019580627,0.16121408,0.34375,4.619805253,5550,forward_normal_13,forward_normal,normal
-9.290171875,0.05297691,9.290322923,5.75339614,0.078125,4.617370577,0.741676563,0.038182554,0.742658758,2.99896504,0.1875,4.706386864,-2.080029688,0.031359656,2.080266072,2.0141096,0.21875,4.776619968,-0.042373438,0.010416397,0.043634958,0.22262832,0.203125,4.480698026,0.048890625,0.014021621,0.050861568,0.4027496,0.21875,4.447655612,-0.017564062,0.018077994,0.02520536,0.66943492,0.203125,4.355664613,13125,forward_normal_0,forward_normal,normal
-9.304207813,0.04171438,9.304301323,3.58072336,0.328125,4.512848681,0.73745625,0.04736868,0.738975989,4.60116096,0.328125,4.206761522,-2.074570313,0.043675078,2.075029998,3.9330124,0.328125,4.596853434,-0.043464063,0.002041167,0.043511965,0.00911412,0.328125,4.761674275,0.049432813,0.012811897,0.051066111,0.33637848,0.328125,4.221920323,-0.01744375,0.009281835,0.019759476,0.17652216,0.328125,4.298316815,4955.625,forward_normal_3,forward_normal,normal
-9.28123125,0.060561216,9.281428833,7.5137916,0.328125,4.564704695,0.745601563,0.054408773,0.747584112,6.07077596,0.328125,4.520784409,-2.081865625,0.040657572,2.082262596,3.38781654,0.328125,4.624971283,-0.042246875,0.003580065,0.042398294,0.02700944,0.3125,4.735650775,0.04675,0.020333908,0.050980686,0.8478036,0.3125,4.360163706,-0.016960938,0.012844133,0.021275459,0.33799828,0.3125,4.460580429,4713.75,forward_normal_1,forward_normal,normal
-9.312398438,0.051541068,9.312541068,5.44047456,0.34375,4.315159469,0.740073438,0.046220603,0.741515365,4.38008392,0.34375,4.299050779,-2.076851563,0.041194254,2.077260065,3.52315892,0.34375,4.539036296,-0.04349375,0.002196651,0.043549186,0.00991914,0.34375,4.611802613,0.049467188,0.010942635,0.050663043,0.24542416,0.34375,4.069034367,-0.01724375,0.006114554,0.018295756,0.07668266,0.34375,4.391272798,6684.375,forward_normal_14,forward_normal,normal
-9.295414063,0.042471291,9.295511089,3.69430632,0.328125,4.440855,0.734278125,0.041400553,0.735444336,3.51398182,0.328125,4.277063228,-2.084971875,0.028109793,2.085161356,1.6186576,0.328125,4.718920779,-0.042940625,0.002290723,0.043001682,0.0107512,0.328125,4.679267881,0.048042188,0.009186179,0.048912551,0.1728324,0.328125,4.305392115,-0.017182813,0.008027055,0.018965301,0.13234924,0.328125,4.433843901,4629.375,forward_normal_8,forward_normal,normal
-9.319659375,0.040253562,9.319746306,3.32954606,0.34375,4.472193968,0.738726562,0.047629289,0.740260416,4.65233928,0.328125,4.39190003,-2.072064063,0.04207694,2.072491242,3.68443644,0.34375,4.461806735,-0.043148438,0.001893491,0.043189964,0.00735896,0.328125,4.638235639,0.0502875,0.011192094,0.051517916,0.25654578,0.34375,4.183573835,-0.017559375,0.008566882,0.019537736,0.15097552,0.34375,4.446910273,4747.5,forward_normal_4,forward_normal,normal
-9.287589063,0.05208689,9.287735119,5.55715072,0.0625,4.665919179,0.741567188,0.04000427,0.74264543,3.281398,0.203125,4.712395345,-2.081854688,0.034565002,2.082141609,2.44696564,0.203125,4.747881427,-0.042254688,0.010568688,0.043556352,0.22898264,0.203125,4.504174242,0.048846875,0.014149735,0.050855011,0.41027792,0.203125,4.53652968,-0.017854688,0.019420342,0.026380666,0.77262092,0.203125,4.368960351,9000,forward_normal_0,forward_normal,normal
-9.316960938,0.039958473,9.317046624,3.27074088,0.328125,4.447402053,0.728142188,0.040113339,0.729246272,3.30317076,0.328125,4.477178661,-2.077420313,0.037144327,2.077752357,2.84054028,0.34375,4.644647202,-0.043715625,0.003219046,0.043833984,0.02132272,0.328125,4.702427373,0.049642188,0.010484226,0.050737223,0.22870116,0.328125,4.437087636,-0.01821875,0.006710576,0.019415321,0.09251802,0.34375,4.736012318,5190,forward_normal_10,forward_normal,normal
-9.312890625,0.047905029,9.313013835,4.70993536,0.34375,4.446083985,0.741978125,0.050099892,0.743667625,5.14052446,0.34375,4.383007938,-2.077301562,0.038678076,2.077661612,3.07127352,0.328125,4.607293639,-0.042795313,0.002616918,0.04287525,0.01405488,0.328125,4.674010872,0.048921875,0.010590274,0.050055007,0.23025566,0.328125,4.246499593,-0.017121875,0.006700757,0.018386374,0.09202278,0.34375,4.593597254,6907.5,forward_normal_14,forward_normal,normal
-9.287704688,0.051292356,9.28784632,5.3903462,0.0625,4.616236993,0.7406,0.040873563,0.741727044,3.42163528,0.203125,4.670834466,-2.08204375,0.036533409,2.082364249,2.75273152,0.296875,4.80710503,-0.042609375,0.010559603,0.043898338,0.22836342,0.203125,4.533711307,0.0490625,0.014481405,0.051155058,0.42949282,0.296875,4.442891054,-0.018357813,0.019718256,0.026941026,0.79637056,0.203125,4.249051106,6697.5,forward_normal_0,forward_normal,normal
-9.313482812,0.04994199,9.313616714,5.10812908,0.34375,4.370914265,0.741792188,0.046828017,0.743268802,4.497887,0.34375,4.389514398,-2.076065625,0.040444326,2.07645954,3.37986838,0.34375,4.528249889,-0.043301563,0.002168056,0.043355804,0.00963668,0.34375,4.611998916,0.049501563,0.010674685,0.050639447,0.23350348,0.34375,4.163749709,-0.017257813,0.006194171,0.018335753,0.07879556,0.34375,4.35869677,6583.125,forward_normal_14,forward_normal,normal
-9.31905,0.045408913,9.319160631,4.22428616,0.328125,4.485761019,0.730267188,0.042232563,0.731487358,3.65714352,0.328125,4.502638806,-2.072820313,0.03764187,2.073162068,2.90362644,0.328125,4.64285001,-0.043751562,0.003557386,0.043895948,0.02593484,0.328125,4.689005253,0.049460937,0.011675704,0.050820335,0.27992104,0.328125,4.4551708,-0.017182813,0.00853999,0.019188029,0.149452,0.328125,4.5598869,5220,forward_normal_11,forward_normal,normal
-9.318640625,0.040218974,9.318727417,3.31591118,0.328125,4.40684829,0.727646875,0.043584447,0.728951013,3.90035782,0.328125,4.345954148,-2.073457813,0.038418728,2.073813709,3.03456512,0.328125,4.749851569,-0.043776563,0.004233709,0.043980811,0.03755356,0.328125,4.814295728,0.049821875,0.011600626,0.051154606,0.27602334,0.328125,4.339218816,-0.016779688,0.008552123,0.018833394,0.14979092,0.328125,4.459245354,5160,forward_normal_11,forward_normal,normal
-9.27015625,0.035687051,9.270224941,2.67349504,0.34375,4.589587642,0.7393875,0.040265205,0.74048306,3.37577312,0.34375,4.474421396,-2.092720313,0.029284649,2.092925201,1.76698912,0.3125,4.864295106,-0.042821875,0.002338968,0.042885706,0.01130496,0.34375,4.744887844,0.047589063,0.009909388,0.048609823,0.20111376,0.34375,4.345066677,-0.017304688,0.007465073,0.018846207,0.11433156,0.34375,4.468881178,7818.75,forward_normal_7,forward_normal,normal
-9.319954688,0.039992272,9.320040491,3.27885516,0.34375,4.538805234,0.734015625,0.043701999,0.735315444,3.92206102,0.34375,4.310747519,-2.075095313,0.032351799,2.075347488,2.18478708,0.34375,4.765374459,-0.043315625,0.002050322,0.043364123,0.0086159,0.34375,4.576041648,0.04904375,0.009978945,0.050048664,0.20531136,0.34375,4.425537731,-0.01761875,0.007005174,0.018960296,0.10140778,0.34375,4.53562781,5364.375,forward_normal_9,forward_normal,normal
-9.309476563,0.038351441,9.309555559,3.01226608,0.328125,4.580269248,0.742164063,0.042074244,0.743355728,3.62859984,0.328125,4.412721136,-2.070614063,0.046295352,2.07113154,4.39104888,0.328125,4.588973956,-0.042734375,0.001305902,0.042754324,0.00352304,0.1875,4.848384536,0.049334375,0.008468014,0.050055847,0.14731248,0.328125,4.12439075,-0.017567187,0.008029128,0.019315097,0.13209204,0.34375,4.391833373,5028.75,forward_normal_6,forward_normal,normal
-9.289045313,0.042954241,9.289144626,3.79516804,0.328125,4.610411816,0.7412625,0.043666783,0.742547562,3.91251938,0.328125,4.392636796,-2.07865625,0.041940482,2.079079318,3.61530432,0.34375,4.623016608,-0.042689063,0.001337806,0.04271002,0.0036722,0.25,4.808366799,0.048285938,0.008863617,0.049092723,0.1609646,0.328125,4.360434517,-0.01703125,0.007941798,0.018791903,0.12937578,0.34375,4.389121471,5356.875,forward_normal_6,forward_normal,normal
-9.290657813,0.051633086,9.290801288,5.46142496,0.3125,4.548827549,0.748789063,0.050619198,0.750498077,5.264988,0.3125,4.567473604,-2.081157813,0.048581217,2.08172476,4.86701856,0.3125,4.674676336,-0.042295313,0.004864875,0.042574176,0.04852944,0.21875,4.586755799,0.048403125,0.01839701,0.051781391,0.6943363,0.3125,4.339261136,-0.017217188,0.015178866,0.022952767,0.47311008,0.3125,4.537607742,4085.625,forward_normal_2,forward_normal,normal
-9.319657813,0.043683513,9.31976019,3.91474164,0.34375,4.342767041,0.738535938,0.048412354,0.740120995,4.80418024,0.34375,4.363309891,-2.071467188,0.040840257,2.071869744,3.47119176,0.34375,4.499755182,-0.043053125,0.001734392,0.043088046,0.00627614,0.328125,4.677037025,0.05036875,0.011013101,0.051558698,0.24840064,0.34375,4.210477502,-0.017278125,0.008685737,0.019338449,0.15506974,0.34375,4.438450209,4680,forward_normal_4,forward_normal,normal
-9.28011875,0.03620927,9.280189391,2.69726144,0.328125,4.566703346,0.73711875,0.040570848,0.738234411,3.37429184,0.328125,4.35780278,-2.0891625,0.029766946,2.089374553,1.8411236,0.078125,4.741211113,-0.042617188,0.0023629,0.042682642,0.01151024,0.328125,4.715429521,0.047840625,0.009313275,0.048738717,0.17784976,0.328125,4.288561336,-0.017248438,0.008267273,0.019127373,0.14049152,0.328125,4.441451791,4830,forward_normal_8,forward_normal,normal
-9.318159375,0.062341764,9.318367917,8.00078478,0.34375,4.532124231,0.734979688,0.043063301,0.736240171,3.81234224,0.34375,4.480775633,-2.072371875,0.041039522,2.072778191,3.53904678,0.34375,4.64872758,-0.0428875,0.003820483,0.043057331,0.0299908,0.34375,4.673567191,0.049990625,0.010566378,0.051095117,0.2290939,0.34375,4.427140126,-0.01718125,0.008466568,0.019154063,0.14690432,0.34375,4.663625587,5310,forward_normal_13,forward_normal,normal
-9.3066,0.044866956,9.306708151,4.12374418,0.328125,4.497748087,0.732559375,0.041423947,0.733729638,3.5453023,0.328125,4.386865565,-2.077448437,0.028929111,2.077649851,1.73983588,0.3125,4.821148584,-0.042992188,0.002235251,0.043050256,0.01023564,0.328125,4.642361277,0.04835,0.009502861,0.049275013,0.18623368,0.328125,4.389255775,-0.017304688,0.007663885,0.018925838,0.12135216,0.328125,4.554666865,4790.625,forward_normal_8,forward_normal,normal
-9.320510938,0.058566549,9.320694941,7.0538844,0.34375,4.410570916,0.7315,0.041398124,0.732670495,3.5351845,0.34375,4.453109422,-2.069898438,0.044983905,2.070387184,4.14632696,0.34375,4.573323112,-0.043425,0.003996444,0.04360851,0.03334344,0.34375,4.572364327,0.049367187,0.011032212,0.050584868,0.24947988,0.34375,4.483331184,-0.016864063,0.008273817,0.018784373,0.14075244,0.34375,4.565682367,5441.25,forward_normal_12,forward_normal,normal
-9.326392188,0.038780344,9.326472814,3.10023872,0.34375,4.515109579,0.732779688,0.042899953,0.734034384,3.77748488,0.34375,4.337958295,-2.072734375,0.037340579,2.073070695,2.87169302,0.34375,4.683882976,-0.043854687,0.003137472,0.043966775,0.02016176,0.34375,4.767526275,0.049445313,0.010459833,0.050539559,0.22477844,0.34375,4.549920891,-0.0178375,0.006902094,0.019126299,0.097578,0.34375,4.479930489,5831.25,forward_normal_9,forward_normal,normal
-9.315507813,0.040500946,9.315595855,3.36514564,0.34375,4.414630694,0.737082813,0.048321765,0.738665056,4.78689708,0.328125,4.413616679,-2.075579688,0.043819199,2.076042187,3.938167,0.3125,4.588503111,-0.043270313,0.001918958,0.043312843,0.00754636,0.359375,4.611499868,0.049823438,0.011920921,0.051229711,0.29104552,0.34375,4.15255017,-0.017098438,0.009669402,0.019643164,0.19168456,0.34375,4.287444181,4916.25,forward_normal_4,forward_normal,normal
-9.303121875,0.042012749,9.303216739,3.6648568,0.328125,4.530823567,0.73700625,0.046380003,0.738464161,4.4054841,0.328125,4.162297204,-2.074270313,0.042569402,2.074707084,3.71294444,0.328125,4.591389486,-0.043534375,0.00203118,0.043581734,0.0087979,0.328125,4.768980434,0.048876563,0.012768317,0.050516812,0.33405272,0.328125,4.137786603,-0.017248437,0.009340486,0.019615129,0.17926536,0.328125,4.321858803,4899.375,forward_normal_3,forward_normal,normal
-9.321821875,0.026083858,9.321858368,1.39476582,0.34375,4.74192715,0.745085938,0.044925793,0.746439134,4.1340232,0.328125,4.230183205,-2.066235938,0.045439735,2.066735522,4.24648952,0.328125,4.407890984,-0.042535938,0.001292813,0.042555579,0.00342476,0.1875,4.7758901,0.05026875,0.008572282,0.050994424,0.1506108,0.328125,4.346789939,-0.018101563,0.00865196,0.020062975,0.15355456,0.328125,4.423878097,4561.875,forward_normal_5,forward_normal,normal
-9.319242188,0.038582804,9.319322056,3.04874508,0.328125,4.440758215,0.727542188,0.043872271,0.728863781,3.95600328,0.328125,4.376160725,-2.079034375,0.037678223,2.079375767,2.90751702,0.328125,4.551228564,-0.043939063,0.003957454,0.04411692,0.03249804,0.328125,4.747607395,0.049378125,0.011448724,0.050687992,0.27032304,0.328125,4.450006851,-0.0173875,0.008305053,0.019269122,0.14161768,0.328125,4.633731607,5122.5,forward_normal_11,forward_normal,normal
-9.290920313,0.054838864,9.291082152,6.17383056,0.078125,4.636376046,0.740889063,0.037660461,0.741845613,2.91210504,0.1875,4.691573458,-2.08021875,0.032021955,2.080465201,2.10744826,0.21875,4.78721381,-0.042340625,0.010367463,0.04359143,0.22084224,0.203125,4.489363181,0.04875625,0.014060237,0.0507431,0.40488426,0.21875,4.472395627,-0.017151563,0.017919595,0.024804999,0.65779732,0.203125,4.32968694,13875,forward_normal_0,forward_normal,normal
-9.319282813,0.043187869,9.319382884,3.82365444,0.34375,4.374993062,0.739096875,0.048648278,0.74069619,4.85004574,0.34375,4.341330614,-2.072251563,0.04133986,2.072663871,3.55135948,0.34375,4.481778491,-0.043120313,0.001783709,0.043157189,0.006633,0.328125,4.678342729,0.050264063,0.011089161,0.051472764,0.25184372,0.34375,4.150474227,-0.017264063,0.008698228,0.019331504,0.15550444,0.34375,4.440660899,4691.25,forward_normal_4,forward_normal,normal
-9.28706875,0.063327119,9.287284657,8.21466712,0.328125,4.46606551,0.746276563,0.057257433,0.748469853,6.73898884,0.328125,4.514425988,-2.079995313,0.045802362,2.080499545,4.30120208,0.3125,4.594012397,-0.042221875,0.004277977,0.042438047,0.0374871,0.3125,4.673789695,0.047039063,0.021873962,0.051876233,0.9799448,0.3125,4.234846268,-0.017128125,0.015108767,0.022839604,0.46812638,0.3125,4.524917236,4715.625,forward_normal_1,forward_normal,normal
-9.312920313,0.052098798,9.313066038,5.5745728,0.34375,4.417719892,0.73689375,0.047245145,0.738406732,4.57209338,0.34375,4.167020938,-2.076179688,0.039569619,2.076556729,3.23150792,0.34375,4.68335372,-0.043489063,0.002229848,0.043546191,0.01018856,0.34375,4.646657582,0.049121875,0.010839921,0.050303703,0.2406739,0.34375,3.929115587,-0.01709375,0.006073196,0.018140562,0.07556234,0.34375,4.325114258,6751.875,forward_normal_14,forward_normal,normal
-9.3134875,0.048173445,9.313612086,4.75455424,0.34375,4.411076078,0.74265,0.049713187,0.744312047,5.06368704,0.34375,4.317585435,-2.076292188,0.039914018,2.0766758,3.304056,0.34375,4.707138829,-0.042978125,0.002505897,0.043051118,0.01288638,0.34375,4.576810236,0.049457813,0.010442264,0.050548156,0.22352584,0.34375,4.179865348,-0.0173125,0.006643853,0.018543555,0.09056594,0.34375,4.529672195,6817.5,forward_normal_14,forward_normal,normal
-9.320396875,0.057814128,9.320576183,6.88254096,0.34375,4.432820054,0.732098437,0.041259099,0.733260142,3.51974872,0.34375,4.479889598,-2.06810625,0.044912091,2.06859386,4.13376522,0.34375,4.635015491,-0.043557813,0.00394342,0.043735953,0.03247768,0.34375,4.595883765,0.049626563,0.011070375,0.050846326,0.251801,0.34375,4.454796642,-0.017429688,0.008056319,0.019201518,0.13366508,0.34375,4.660618192,5471.25,forward_normal_12,forward_normal,normal
-9.325082813,0.038322368,9.325161557,3.02649944,0.34375,4.61102963,0.733490625,0.042870709,0.7347424,3.77264752,0.34375,4.317662069,-2.0725875,0.038610392,2.072947107,3.0667268,0.34375,4.665146334,-0.044020313,0.003132101,0.044131598,0.0200958,0.34375,4.814755532,0.049454688,0.010844136,0.050629649,0.24143028,0.34375,4.513212664,-0.018028125,0.00676885,0.019256963,0.09383488,0.34375,4.496750238,5718.75,forward_normal_9,forward_normal,normal
-9.311909375,0.036342239,9.311980292,2.72015568,0.328125,4.470047313,0.740667188,0.049644379,0.742329069,5.04894588,0.328125,4.246551863,-2.0631625,0.044500514,2.063642362,4.05714728,0.328125,4.45357521,-0.04279375,0.001262546,0.04281237,0.00338008,0.25,4.777214753,0.049753125,0.010398392,0.050828142,0.2215843,0.328125,4.075972902,-0.017534375,0.009139291,0.019773238,0.17106976,0.328125,4.293902759,4680,forward_normal_5,forward_normal,normal
-9.308776563,0.041013389,9.308866912,3.45183992,0.328125,4.455958823,0.736295313,0.048985599,0.737923015,4.91526968,0.328125,4.393185982,-2.073448437,0.042961254,2.073893462,3.77997412,0.328125,4.514970804,-0.043329688,0.001788127,0.043366568,0.00664768,0.328125,4.747450293,0.049434375,0.012091244,0.050891607,0.29942542,0.328125,4.12552918,-0.016790625,0.009525028,0.019304177,0.18729776,0.34375,4.295751862,5010,forward_normal_3,forward_normal,normal
-9.315875,0.036977117,9.315948386,2.81238194,0.34375,4.511127551,0.728592188,0.039784605,0.729677594,3.24490952,0.34375,4.259411568,-2.073221875,0.034196374,2.073503879,2.39492544,0.34375,4.612354329,-0.043464063,0.003171276,0.043579602,0.02072312,0.34375,4.741968618,0.049170313,0.010592917,0.050298405,0.230271,0.34375,4.524226268,-0.017371875,0.006094374,0.018409873,0.07617808,0.34375,4.531861245,4961.25,forward_normal_10,forward_normal,normal
-9.318310938,0.040671274,9.318399695,3.3886246,0.328125,4.565953145,0.726982813,0.042050927,0.728197975,3.62677388,0.328125,4.545458054,-2.077084375,0.037160085,2.077416755,2.82886624,0.328125,4.603324071,-0.043642188,0.003751658,0.043803145,0.02912072,0.328125,4.755802062,0.04963125,0.010947729,0.050824342,0.24929536,0.328125,4.591236807,-0.017929688,0.00741282,0.019401639,0.11303984,0.328125,4.708151203,5223.75,forward_normal_11,forward_normal,normal
-9.311609375,0.036110961,9.311679395,2.6714192,0.328125,4.501746905,0.741939063,0.041904477,0.743121496,3.6049038,0.328125,4.250389546,-2.069753125,0.046091471,2.070266268,4.3767207,0.328125,4.514642214,-0.042704688,0.001325169,0.042725243,0.00362456,0.1875,4.829242246,0.049271875,0.008233781,0.049955108,0.13884688,0.328125,4.202189163,-0.017370313,0.00809322,0.019163193,0.13418228,0.328125,4.311888278,4987.5,forward_normal_6,forward_normal,normal
-9.294098438,0.044257914,9.294203814,4.03319936,0.3125,4.732934929,0.7493875,0.040671525,0.750490372,3.40344616,0.3125,4.656651056,-2.077453125,0.041103106,2.077859705,3.46746694,0.328125,4.721284535,-0.04224375,0.003772345,0.04241185,0.02919032,0.171875,4.775113311,0.048590625,0.012871914,0.050266639,0.33981824,0.3125,4.436857669,-0.016914063,0.011381645,0.020386941,0.26544448,0.296875,4.631609059,3744.375,forward_normal_2,forward_normal,normal
-9.31235625,0.041380192,9.312448188,3.50690634,0.34375,4.364531932,0.737710937,0.050490844,0.739436781,5.22608856,0.328125,4.246749765,-2.062860938,0.042270899,2.063293987,3.66185472,0.328125,4.574601278,-0.043103125,0.001233259,0.043120764,0.00318686,0.25,4.758269603,0.05020625,0.010988572,0.05139471,0.24730218,0.328125,4.160679117,-0.017873438,0.008895333,0.019964637,0.16208812,0.328125,4.401730689,4803.75,forward_normal_5,forward_normal,normal
-9.31890625,0.026804477,9.3189448,1.52596298,0.328125,4.709895782,0.743325,0.044313408,0.744644703,4.02235008,0.328125,4.311556161,-2.060846875,0.045886681,2.061357667,4.33591806,0.328125,4.390254845,-0.042582813,0.001317497,0.042603189,0.00363556,0.109375,4.681295209,0.050201563,0.008858074,0.050977077,0.16112068,0.328125,4.232235831,-0.018342188,0.008895167,0.020385285,0.1622322,0.328125,4.36958152,4528.125,forward_normal_5,forward_normal,normal
-9.282735938,0.038681493,9.282816531,3.07796524,0.328125,4.665491798,0.73715625,0.041057326,0.738298748,3.45861626,0.328125,4.360472596,-2.088789063,0.029788363,2.089001459,1.83754668,0.328125,4.735240044,-0.04265,0.002348271,0.042714598,0.01135616,0.328125,4.720050016,0.047823437,0.009378995,0.048734451,0.18015956,0.328125,4.259567294,-0.01725,0.008139545,0.019073927,0.1358429,0.328125,4.448000533,4770,forward_normal_8,forward_normal,normal
-9.265939063,0.035132884,9.266005667,2.52793352,0.328125,4.452250334,0.740925,0.037649614,0.741880953,2.91137288,0.328125,4.390520193,-2.0987375,0.024615699,2.098881852,1.2631684,0.328125,4.745917421,-0.042446875,0.002448148,0.042517416,0.01236702,0.328125,4.779878967,0.048007813,0.009907152,0.049019401,0.2011932,0.328125,4.253353358,-0.01696875,0.007628808,0.018604762,0.11928618,0.328125,4.431028065,7993.125,forward_normal_7,forward_normal,normal
-9.288526563,0.060805073,9.288725583,7.58848968,0.3125,4.540676143,0.748339062,0.056987402,0.750505774,6.6515788,0.3125,4.541572376,-2.074045313,0.049892061,2.074645313,5.10016924,0.3125,4.547430433,-0.042360938,0.004625899,0.042612768,0.04386644,0.21875,4.53126193,0.047451563,0.022256944,0.052412044,1.0146538,0.3125,4.322274824,-0.01716875,0.015139806,0.022890603,0.46946496,0.3125,4.51116898,4535.625,forward_normal_2,forward_normal,normal
-9.314903125,0.04248474,9.31500001,3.7000552,0.328125,4.621498518,0.734803125,0.04239878,0.736025332,3.6999559,0.328125,4.378859129,-2.078125,0.031407175,2.078362318,2.04940258,0.3125,4.771565164,-0.043054687,0.002080484,0.043104925,0.0088652,0.328125,4.68596123,0.048590625,0.009427018,0.049496641,0.18216502,0.34375,4.35871161,-0.017164063,0.007402815,0.018692424,0.11261196,0.34375,4.512820423,5045.625,forward_normal_9,forward_normal,normal
-9.313489063,0.04258325,9.313586412,3.72307712,0.34375,4.417411461,0.736334375,0.048475491,0.737928306,4.81260992,0.328125,4.408329724,-2.075917188,0.044297173,2.076389754,4.02522172,0.3125,4.605591199,-0.043282813,0.001902757,0.043324616,0.0074162,0.359375,4.619146607,0.0495125,0.012012331,0.050948835,0.29557248,0.328125,4.085956567,-0.01715,0.009646129,0.019676644,0.19171392,0.34375,4.336483033,4950,forward_normal_4,forward_normal,normal
-9.3174125,0.175928887,9.319073273,63.4235589,0.359375,4.339968315,0.494251563,0.05790714,0.497632238,6.86998524,0.359375,4.561168091,-2.12638125,0.11913622,2.129716098,29.2132081,0.375,4.713013584,-0.047821875,0.073991783,0.088100599,11.23251774,0.140625,4.654719429,0.046670313,0.02547693,0.053171346,1.32952188,0.359375,4.542864936,-0.018721875,0.035820134,0.040417702,2.62778086,0.359375,4.51848283,3667.5,reverse_normal_6,reverse_normal,reversed
-9.310228125,0.132223382,9.311166992,35.85823806,0.390625,4.180523705,0.491673438,0.088539702,0.499581873,16.09963328,0.40625,4.427198959,-2.118678125,0.086913043,2.120460062,15.49516006,0.375,4.646918017,-0.047971875,0.062706966,0.078952292,8.0702947,0.109375,4.655319926,0.046273438,0.03490916,0.057964476,2.49808572,0.390625,4.253501272,-0.019164063,0.038084542,0.042634418,2.973128,0.390625,4.549919843,5208.75,reverse_normal_2,reverse_normal,reversed
-9.317864063,0.083187567,9.318235394,14.195688,0.34375,4.364850922,0.494810938,0.082222298,0.501595824,13.84566308,0.34375,4.210967504,-2.11669375,0.085013835,2.118400289,14.81486912,0.34375,4.542141172,-0.044715625,0.03807688,0.058731047,2.97705296,0.34375,4.574744104,0.046509375,0.031777959,0.056329039,2.0691088,0.34375,4.089171199,-0.017564062,0.023543911,0.029373662,1.13528004,0.34375,4.424659567,3836.25,reverse_normal_12,reverse_normal,reversed
-9.314832813,0.112025458,9.315506429,25.78376404,0.34375,4.410806707,0.493129688,0.081145917,0.499761492,13.57021428,0.34375,4.388082696,-2.120623438,0.097327376,2.122855714,19.56632856,0.3125,4.654467118,-0.041923438,0.050992284,0.066013541,5.32964492,0.078125,4.650471667,0.0465125,0.032501911,0.056743166,2.16386338,0.34375,4.283338754,-0.017684375,0.027375435,0.032590667,1.5481179,0.34375,4.638018313,4689.375,reverse_normal_14,reverse_normal,reversed
-9.310785938,0.162315022,9.31220065,53.96976504,0.375,4.201468767,0.492678125,0.090151538,0.500858298,16.68740048,0.375,4.237859757,-2.1211875,0.092065232,2.123184499,17.51298592,0.375,4.602922619,-0.041428125,0.050140616,0.065041302,5.15278142,0.375,4.564194948,0.046301563,0.032437553,0.056533437,2.16473708,0.375,4.459320651,-0.0168,0.037661992,0.041239127,2.905704,0.375,4.400695068,6615,reverse_normal_3,reverse_normal,reversed
-9.311467188,0.094752347,9.311949269,18.38698688,0.375,4.451835332,0.487259375,0.050490369,0.489868325,5.22094326,0.375,4.410316455,-2.119840625,0.108167029,2.122598497,24.03701184,0.375,4.661007294,-0.042654687,0.066101593,0.0786692,8.949636,0.140625,4.661983685,0.046,0.029643697,0.054724298,1.79971616,0.375,4.398085067,-0.017215625,0.026302277,0.03143545,1.4168891,0.140625,4.57594709,2746.875,reverse_normal_9,reverse_normal,reversed
-9.3132625,0.092791727,9.313724749,17.74034866,0.359375,4.517065373,0.4941375,0.058766103,0.497619658,7.1018608,0.34375,4.526005541,-2.111389063,0.102394612,2.113870486,21.52259956,0.359375,4.587958313,-0.037759375,0.072639019,0.08186695,10.8093227,0.109375,4.523054285,0.04615,0.031075337,0.055637209,1.9777101,0.359375,4.420324864,-0.016075,0.029038364,0.033190845,1.72779328,0.140625,4.539913209,3028.125,reverse_normal_9,reverse_normal,reversed
-9.311648438,0.139258083,9.312689699,39.79934776,0.375,4.223418421,0.488454688,0.044731389,0.490498602,4.10095,0.375,4.530454376,-2.1192375,0.098641617,2.121531935,20.217098,0.375,4.527593248,-0.039726563,0.045074678,0.060082663,4.16341916,0.375,4.597731554,0.047953125,0.025748804,0.054428881,1.35808128,0.375,4.537284286,-0.017864063,0.022985378,0.029111035,1.0826032,0.375,4.52549061,4072.5,reverse_normal_7,reverse_normal,reversed
-9.311014063,0.107060883,9.311629552,23.47551824,0.34375,4.336057836,0.494853125,0.073617792,0.500299105,11.09934086,0.34375,4.363203816,-2.118753125,0.091608332,2.120732631,17.18713104,0.34375,4.519535912,-0.043289063,0.043898135,0.061652163,3.95601644,0.34375,4.79966598,0.04665625,0.030394761,0.055683455,1.89231066,0.34375,4.420535155,-0.018778125,0.024441317,0.030822004,1.22443358,0.34375,4.595929726,2536.875,reverse_normal_11,reverse_normal,reversed
-9.311764063,0.130726468,9.312681642,34.99918384,0.375,4.369041654,0.488153125,0.047619954,0.490470319,4.65547774,0.359375,4.675807222,-2.120248438,0.100632413,2.12263523,20.8822732,0.359375,4.615053975,-0.038717188,0.050717445,0.063806582,5.28122256,0.34375,4.722811527,0.04846875,0.028842681,0.056401418,1.70374976,0.359375,4.531576197,-0.017521875,0.023287574,0.029143219,1.1106611,0.375,4.62158805,4297.5,reverse_normal_8,reverse_normal,reversed
-9.314570312,0.098374872,9.315089786,19.9585684,0.34375,4.325803933,0.485498438,0.074994697,0.491256488,11.518777,0.34375,4.19312662,-2.118720313,0.094001588,2.120804579,18.20893516,0.34375,4.606736235,-0.0332875,0.044513037,0.055582984,4.06422306,0.078125,4.726960031,0.0448625,0.029046453,0.053444741,1.73020224,0.34375,4.365251492,-0.016142188,0.024115534,0.029019463,1.19117564,0.34375,4.451847607,4425,reverse_normal_13,reverse_normal,reversed
-9.306035937,0.136301435,9.307034058,38.2184964,0.390625,4.349374533,0.489726563,0.089604142,0.497856413,16.66958904,0.390625,4.444176039,-2.116359375,0.080338949,2.117883696,13.2195419,0.390625,4.649433265,-0.04095625,0.058788793,0.071648702,7.08975104,0.109375,4.622858776,0.04515625,0.035126454,0.057209743,2.52812282,0.390625,4.346977073,-0.016498438,0.036737857,0.04027243,2.7731696,0.390625,4.476190753,5313.75,reverse_normal_2,reverse_normal,reversed
-9.311648438,0.165453885,9.313118254,56.17645592,0.390625,4.174708336,0.489870313,0.081847096,0.496660719,13.74755184,0.390625,4.165909878,-2.122270313,0.097022126,2.124486896,19.63147616,0.375,4.42196339,-0.047671875,0.049397892,0.06864954,5.0113752,0.390625,4.695501188,0.047339063,0.028804159,0.055413594,1.6994106,0.375,4.362196144,-0.019601563,0.038755292,0.043430334,3.0846336,0.390625,4.426458216,7040.625,reverse_normal_3,reverse_normal,reversed
-9.31644375,0.085945191,9.316840168,15.20850944,0.34375,4.37171815,0.494960938,0.081432978,0.501615051,13.58162244,0.34375,4.130907847,-2.117890625,0.088538577,2.119740498,16.0621976,0.34375,4.514764945,-0.044182813,0.040209757,0.059740652,3.31309892,0.34375,4.587490044,0.046904688,0.03165869,0.056589066,2.05702548,0.34375,4.014385427,-0.017182813,0.022893419,0.028624424,1.07373624,0.34375,4.489536488,3873.75,reverse_normal_12,reverse_normal,reversed
-9.311754687,0.126120075,9.312608745,32.58672056,0.34375,4.236887844,0.48505625,0.073309419,0.490564814,11.01545802,0.34375,4.368987835,-2.116289063,0.099575403,2.118630373,20.32920292,0.34375,4.386134779,-0.042890625,0.043754956,0.061270726,3.92335216,0.34375,4.718661364,0.048001563,0.031344998,0.05732939,2.01387768,0.34375,4.385573808,-0.019046875,0.026613554,0.032727125,1.45062496,0.34375,4.456864335,2193.75,reverse_normal_11,reverse_normal,reversed
-9.306596875,0.138602937,9.307628923,39.44818118,0.390625,4.332137663,0.490773438,0.090635838,0.499072562,17.00181004,0.390625,4.473635349,-2.114301562,0.079624416,2.115800356,12.98446272,0.390625,4.680543915,-0.042884375,0.058295259,0.072369931,6.98235158,0.109375,4.675722959,0.045553125,0.034398714,0.057082035,2.42730064,0.390625,4.35138839,-0.016998438,0.037415966,0.041096246,2.87062648,0.390625,4.504100429,5411.25,reverse_normal_2,reverse_normal,reversed
-9.31405,0.097946966,9.314564993,19.68889394,0.375,4.402386347,0.486696875,0.047222141,0.488982391,4.5724104,0.375,4.567237121,-2.116770313,0.102642373,2.11925742,21.8311566,0.375,4.591212767,-0.041439063,0.057423595,0.070814301,6.76424316,0.140625,4.706992694,0.046029688,0.029673408,0.054765347,1.80422428,0.375,4.498658736,-0.016789063,0.024272613,0.029513257,1.20678536,0.140625,4.554678762,2709.375,reverse_normal_8,reverse_normal,reversed
-9.309514063,0.128052804,9.310394707,33.58226836,0.390625,4.147413747,0.4948125,0.085313967,0.502113417,14.90696786,0.390625,4.113117962,-2.118417188,0.109949479,2.121268552,25.22124572,0.390625,4.737280203,-0.0430875,0.077226007,0.088432962,12.2215172,0.15625,4.642054368,0.045676563,0.03410956,0.057007109,2.3830326,0.390625,4.438005966,-0.016514063,0.041843786,0.044984628,3.59046584,0.390625,4.41162224,6210,reverse_normal_1,reverse_normal,reversed
-9.310267188,0.121034958,9.311053891,30.10035348,0.390625,4.44191821,0.492382813,0.085082119,0.499679699,14.96654436,0.390625,4.619078255,-2.123167188,0.100687271,2.1255533,21.00866508,0.171875,4.771042003,-0.054204688,0.076407993,0.093682066,11.9855156,0.15625,4.561417176,0.0469,0.03457589,0.058267505,2.44895968,0.390625,4.595470959,-0.019360938,0.042813205,0.046987407,3.75395024,0.390625,4.49887391,5201.25,reverse_normal_1,reverse_normal,reversed
-9.312470313,0.146878168,9.313628537,44.64974036,0.375,4.235203951,0.490439063,0.04767881,0.492751198,4.6602532,0.375,4.445409853,-2.12724375,0.098885525,2.12954087,20.32312128,0.375,4.572395302,-0.042826563,0.045241492,0.062296926,4.26659964,0.375,4.689290979,0.047023438,0.022973924,0.052335503,1.08175692,0.375,4.536645047,-0.018545313,0.02452772,0.030749596,1.23372552,0.375,4.560329988,3723.75,reverse_normal_7,reverse_normal,reversed
-9.316889063,0.091284026,9.317336238,17.09877628,0.359375,4.540742433,0.493389063,0.062035134,0.497273692,7.88671052,0.359375,4.596346372,-2.111723438,0.100845519,2.114130009,20.83172248,0.359375,4.524557482,-0.039935938,0.07509612,0.085054726,11.55382524,0.15625,4.494874623,0.046309375,0.032816801,0.056758265,2.20908928,0.359375,4.581103877,-0.016273438,0.030503065,0.034572557,1.90670132,0.15625,4.603762028,3069.375,reverse_normal_9,reverse_normal,reversed
-9.30786875,0.165083156,9.309332582,55.93355482,0.390625,4.144517186,0.4887125,0.076784688,0.494707788,12.07703712,0.390625,4.218822445,-2.117710938,0.101489984,2.120141465,21.20152004,0.390625,4.550055654,-0.045023438,0.051859241,0.068676712,5.50791812,0.390625,4.688883182,0.047064063,0.029054934,0.055310172,1.72999924,0.390625,4.437503096,-0.019914063,0.039482492,0.044220324,3.20788992,0.390625,4.428771646,6740.625,reverse_normal_3,reverse_normal,reversed
-9.308545313,0.123020462,9.309358188,31.11042284,0.390625,4.301806178,0.488265625,0.082235168,0.495142347,13.86303854,0.390625,4.283238602,-2.120285938,0.116971761,2.12351003,28.32628664,0.390625,4.683549241,-0.048665625,0.084611595,0.097608734,14.66652822,0.15625,4.560179561,0.04669375,0.034210191,0.057884743,2.3998769,0.390625,4.465144162,-0.018626563,0.043606641,0.047418224,3.89528096,0.390625,4.386103979,5790,reverse_normal_1,reverse_normal,reversed
-9.312434375,0.138519218,9.313464531,40.109984,0.40625,4.207417788,0.493882813,0.072368019,0.499156651,10.85686824,0.40625,4.205961505,-2.101620312,0.115232357,2.104777051,27.2224206,0.40625,4.503710009,-0.042098437,0.089957004,0.099320396,16.67469952,0.40625,4.545432215,0.047285938,0.040471757,0.062240846,3.35504452,0.40625,4.339120163,-0.017864063,0.031269281,0.036012396,2.01069916,0.40625,4.511064967,5193.75,reverse_normal_0,reverse_normal,reversed
-9.318646875,0.170553191,9.320207507,60.13038144,0.375,4.209346786,0.49279375,0.052569971,0.495589832,5.70909178,0.375,4.582142856,-2.119239063,0.120199914,2.122645101,29.63511524,0.375,4.522953197,-0.042840625,0.063465492,0.076571456,8.25724144,0.375,4.66278473,0.04659375,0.024797038,0.052781347,1.26003832,0.375,4.40525549,-0.01745,0.031508719,0.036018077,2.0406221,0.375,4.605675123,5589.375,reverse_normal_6,reverse_normal,reversed
-9.30723125,0.129926822,9.30813808,34.59450554,0.390625,4.159751322,0.49223125,0.085292973,0.499566307,14.89991032,0.390625,4.23283899,-2.1153875,0.109076016,2.118197784,24.60900352,0.390625,4.68065381,-0.048507813,0.074209838,0.08865725,11.30941712,0.15625,4.680530738,0.045917188,0.033797118,0.057014325,2.34674792,0.390625,4.419031004,-0.019253125,0.041286628,0.045555114,3.49099136,0.390625,4.201001891,6330,reverse_normal_1,reverse_normal,reversed
-9.3122875,0.104429638,9.312873028,22.35156648,0.359375,4.20131645,0.487442188,0.074331283,0.493077099,11.3303296,0.359375,4.356263957,-2.11490625,0.095334688,2.117053884,18.61528778,0.359375,4.522157485,-0.032259375,0.042819471,0.053611327,3.75552182,0.359375,4.632215393,0.045825,0.029214487,0.054345348,1.74943042,0.359375,4.26602927,-0.015534375,0.023963835,0.0285584,1.17694422,0.359375,4.541048514,4222.5,reverse_normal_13,reverse_normal,reversed
-9.313929688,0.109800944,9.314576881,24.9372458,0.359375,4.347209406,0.490173438,0.077944139,0.496331832,12.44399752,0.34375,4.283426543,-2.120810938,0.095695296,2.122968823,18.77315656,0.359375,4.482636744,-0.033779687,0.045147703,0.056386012,4.19001008,0.34375,4.7222134,0.044257812,0.032225712,0.05474715,2.12894684,0.34375,4.194702163,-0.015426562,0.025728567,0.029998966,1.35864912,0.34375,4.535274848,3980.625,reverse_normal_13,reverse_normal,reversed
-9.31584375,0.176620456,9.317517886,64.234032,0.359375,4.10388991,0.491707813,0.058455229,0.49517026,7.077127,0.359375,4.499576454,-2.116540625,0.126490432,2.120316968,32.839168,0.359375,4.59157039,-0.041367188,0.080947574,0.090905192,13.42595832,0.125,4.492838283,0.046251562,0.026292668,0.053202551,1.4171278,0.359375,4.456500759,-0.017015625,0.036237947,0.040033989,2.70018582,0.359375,4.472292091,4449.375,reverse_normal_6,reverse_normal,reversed
-9.314495313,0.087466257,9.314905972,15.7411384,0.34375,4.308085628,0.49705625,0.077525653,0.503065744,12.32768504,0.34375,4.157562944,-2.114301563,0.084289157,2.115981039,14.55751188,0.34375,4.526626033,-0.042778125,0.037969286,0.057198205,2.9617271,0.34375,4.564197843,0.047479688,0.030129845,0.056232804,1.85919468,0.34375,4.163092528,-0.017439062,0.024457282,0.030037968,1.22508828,0.34375,4.402771121,3581.25,reverse_normal_12,reverse_normal,reversed
-9.311385937,0.152561281,9.312635665,48.25537304,0.375,4.234741692,0.490514063,0.045305197,0.492601874,4.23237276,0.375,4.531689187,-2.125225,0.094634271,2.127330944,18.5723616,0.375,4.614398754,-0.0435625,0.045843359,0.063240059,4.36868882,0.375,4.7538078,0.047135937,0.023999136,0.05289381,1.18006556,0.375,4.499693161,-0.018567188,0.025533128,0.031570256,1.34159288,0.375,4.561503297,3577.5,reverse_normal_7,reverse_normal,reversed
-9.319098438,0.084119163,9.319478082,14.6419236,0.34375,4.302503879,0.49634375,0.080105939,0.502766427,13.17424602,0.34375,4.150204388,-2.114225,0.085051097,2.115935027,14.88260192,0.34375,4.529410949,-0.045539063,0.037844041,0.059211297,2.94059024,0.34375,4.621737134,0.046479688,0.031730285,0.056277636,2.06593616,0.34375,4.017930119,-0.017079688,0.023108259,0.028735124,1.09445944,0.34375,4.370387812,3855,reverse_normal_12,reverse_normal,reversed
-9.31468125,0.110286734,9.31533413,24.9738124,0.34375,4.016891008,0.490434375,0.080414528,0.496983272,13.25238928,0.34375,4.203712949,-2.121182813,0.100548147,2.123564563,20.86752936,0.34375,4.502217429,-0.041190625,0.044472368,0.060617317,4.05431886,0.34375,4.572210709,0.045610938,0.033348717,0.056502164,2.28146704,0.34375,4.004858566,-0.016960938,0.026268545,0.031268352,1.41512284,0.34375,4.443997458,4239.375,reverse_normal_14,reverse_normal,reversed
-9.312285938,0.175684012,9.313943003,63.42806928,0.375,4.254748412,0.492309375,0.06869891,0.497079532,9.7068603,0.375,4.518901384,-2.1139,0.113507204,2.116945227,26.43842624,0.375,4.640181032,-0.044298437,0.074090682,0.086323698,11.27828984,0.15625,4.679497597,0.047928125,0.031479658,0.057341731,2.02960512,0.375,4.560829714,-0.018746875,0.043720222,0.047569981,3.92356336,0.375,4.505728315,5754.375,reverse_normal_4,reverse_normal,reversed
-9.3155,0.105895618,9.316101874,23.15823008,0.359375,4.063958332,0.489276563,0.077336185,0.495350825,12.25886472,0.359375,4.293636184,-2.1200625,0.094471362,2.122166309,18.27973922,0.359375,4.315793674,-0.03519375,0.043612562,0.056041553,3.90249034,0.34375,4.636430006,0.04403125,0.032775748,0.054890806,2.20124426,0.359375,4.344546096,-0.01513125,0.024780492,0.029034936,1.26220986,0.359375,4.535042492,3913.125,reverse_normal_13,reverse_normal,reversed
-9.310639062,0.185536504,9.312487506,70.72619328,0.375,3.809871334,0.49033125,0.069692705,0.495259334,9.95417706,0.375,4.068275066,-2.1145375,0.120609717,2.117974396,29.86151282,0.375,4.453622644,-0.043923437,0.078391748,0.089858414,12.60580624,0.375,4.44685376,0.046953125,0.032273862,0.056975417,2.13460576,0.375,4.234460486,-0.017467188,0.045321856,0.048571322,4.2081678,0.375,4.110920697,5576.25,reverse_normal_4,reverse_normal,reversed
-9.315953125,0.175427571,9.317604706,63.10112416,0.359375,4.322879451,0.493392188,0.057606495,0.496743756,6.81248684,0.375,4.591335892,-2.122976563,0.118915353,2.126304387,29.1981888,0.28125,4.742008958,-0.044698437,0.072962354,0.085565504,10.90738968,0.140625,4.614892405,0.046542188,0.0253716,0.053008427,1.31837072,0.359375,4.522195565,-0.017364063,0.035304512,0.039343605,2.55683084,0.359375,4.497885569,3633.75,reverse_normal_6,reverse_normal,reversed
-9.311723438,0.130626202,9.312639614,34.99101484,0.40625,4.305024489,0.495825,0.086519584,0.503317066,15.3366816,0.40625,4.370995813,-2.106814063,0.098754807,2.109127309,20.31254984,0.40625,4.684596828,-0.040673438,0.065696103,0.077267758,8.84132056,0.40625,4.712217628,0.046678125,0.03459582,0.058100931,2.46380006,0.40625,4.475883215,-0.017251562,0.034188814,0.038294796,2.39839704,0.40625,4.520768958,6075,reverse_normal_0,reverse_normal,reversed
-9.31655625,0.112288909,9.317232913,25.91085248,0.359375,4.362516088,0.49234375,0.07992065,0.49878821,13.19698816,0.359375,4.43888856,-2.117820313,0.095300617,2.119963463,18.61962792,0.3125,4.617317924,-0.038410938,0.054614001,0.066768924,6.11439008,0.140625,4.581855049,0.046357813,0.031928112,0.056288996,2.08838444,0.359375,4.459016818,-0.016825,0.028214258,0.032850038,1.63707336,0.359375,4.548053837,4794.375,reverse_normal_14,reverse_normal,reversed
-9.312476562,0.112475597,9.313155775,25.90875636,0.34375,4.187312714,0.495410938,0.080654613,0.501933425,13.39874824,0.34375,4.389184876,-2.117965625,0.096386183,2.120157703,19.12994838,0.3125,4.549450103,-0.04375625,0.050751499,0.06700988,5.27669952,0.078125,4.679426638,0.04753125,0.032762306,0.057728576,2.19864,0.34375,4.346907558,-0.017725,0.02700585,0.03230312,1.49951432,0.34375,4.620429579,4745.625,reverse_normal_14,reverse_normal,reversed
-9.3052875,0.161403839,9.306687201,53.55855298,0.375,4.196045988,0.490507813,0.088768015,0.49847535,16.25013472,0.375,4.279760884,-2.115351563,0.090841225,2.117301198,16.9289428,0.375,4.509674224,-0.039128125,0.047306733,0.06139167,4.59378704,0.375,4.574489907,0.04603125,0.03148176,0.055767169,2.03199306,0.375,4.430929447,-0.015620313,0.037115197,0.040268251,2.8272806,0.375,4.485985763,6648.75,reverse_normal_3,reverse_normal,reversed
-9.314451563,0.170034513,9.316003416,59.42177016,0.375,4.319280373,0.491259375,0.05555912,0.49439113,6.32197558,0.375,4.505101591,-2.124360938,0.113927534,2.127413659,26.7925168,0.375,4.658044795,-0.044082813,0.071595294,0.084078419,10.53456236,0.140625,4.62781427,0.046026563,0.024235603,0.05201739,1.20307904,0.375,4.53600859,-0.017998438,0.034066789,0.038529078,2.377282,0.375,4.441168939,3431.25,reverse_normal_7,reverse_normal,reversed
-9.309076563,0.091413347,9.309525382,17.11916016,0.359375,4.459926943,0.490960937,0.056740403,0.494228809,6.6006454,0.359375,4.580177444,-2.112478125,0.106618564,2.115166978,23.34095134,0.265625,4.606138219,-0.040820313,0.068146178,0.079436764,9.51170956,0.140625,4.644969338,0.045178125,0.0307785,0.054666069,1.94284134,0.359375,4.650674341,-0.0169375,0.027293649,0.032121989,1.52939362,0.140625,4.702721105,2881.875,reverse_normal_9,reverse_normal,reversed
-9.309182813,0.116409114,9.309910618,27.8914272,0.390625,4.251434669,0.486995313,0.080522771,0.493607487,13.34688384,0.390625,4.193270735,-2.124364062,0.110528331,2.127237453,25.2791208,0.390625,4.659242802,-0.049489063,0.080715993,0.094679665,13.34387464,0.15625,4.491198814,0.047132812,0.033240394,0.057675175,2.26493828,0.390625,4.258957515,-0.018809375,0.042426402,0.046408967,3.6889768,0.390625,4.296652593,5535,reverse_normal_1,reverse_normal,reversed
-9.30951875,0.119404496,9.310284463,29.90751226,0.390625,4.480444349,0.491521875,0.084482242,0.498729388,15.01545376,0.390625,4.540649541,-2.120698438,0.101861164,2.123143321,21.51961288,0.390625,4.709417814,-0.051642188,0.076869107,0.092605481,12.12076872,0.15625,4.486936958,0.046809375,0.033494392,0.057558595,2.32188662,0.390625,4.554143204,-0.018721875,0.04341119,0.04727621,3.8799223,0.390625,4.543584801,5253.75,reverse_normal_1,reverse_normal,reversed
-9.313789063,0.092967537,9.314253038,17.78835904,0.34375,4.543896535,0.491110938,0.05423957,0.494097039,6.07346624,0.359375,4.631678301,-2.112625,0.109298622,2.115450444,24.81490824,0.265625,4.600495067,-0.042053125,0.065878591,0.0781566,8.93275856,0.140625,4.726532711,0.044807813,0.030203111,0.054036728,1.8697388,0.359375,4.635763904,-0.016454688,0.027421877,0.031979933,1.54821756,0.140625,4.695024936,2806.875,reverse_normal_9,reverse_normal,reversed
-9.311423438,0.124561457,9.312256547,31.77881648,0.390625,4.172378613,0.49249375,0.083127795,0.499460032,14.15222848,0.390625,4.08073823,-2.120135937,0.11776241,2.12340396,28.75283932,0.390625,4.668710949,-0.052535938,0.08384047,0.098940635,14.4045242,0.15625,4.538503496,0.047340625,0.033861311,0.05820415,2.34825344,0.390625,4.400446118,-0.019489063,0.043358005,0.047536724,3.852307,0.390625,4.27222547,5910,reverse_normal_1,reverse_normal,reversed
-9.311123438,0.110983761,9.311784848,25.26592856,0.359375,4.404501189,0.491745313,0.077149137,0.497760426,12.19545232,0.34375,4.291449186,-2.118903125,0.095281483,2.121044322,18.59500528,0.359375,4.507868025,-0.034654687,0.044935057,0.056745984,4.15954848,0.34375,4.772715426,0.045565625,0.032500751,0.055968965,2.16537366,0.34375,4.225085655,-0.015914063,0.024956449,0.029598678,1.27564084,0.359375,4.552414755,3958.125,reverse_normal_13,reverse_normal,reversed
-9.3138625,0.091411727,9.314311073,17.16234792,0.359375,4.522550705,0.493839063,0.057400775,0.497163825,6.77942648,0.359375,4.450053479,-2.110534375,0.105220143,2.113155609,22.7067976,0.359375,4.419586284,-0.038804688,0.071997874,0.081789349,10.64078052,0.140625,4.617606694,0.044704688,0.031297995,0.054571729,2.00620536,0.359375,4.52176742,-0.015957813,0.028729149,0.032863594,1.69482952,0.140625,4.681101822,2930.625,reverse_normal_9,reverse_normal,reversed
-9.315464063,0.132857215,9.31641142,36.516982,0.40625,4.225464397,0.49791875,0.085420831,0.505192834,15.10081546,0.40625,4.28055737,-2.103523438,0.098896034,2.105846926,20.43145076,0.40625,4.715734491,-0.038779688,0.067989421,0.078271486,9.5035366,0.40625,4.679701838,0.04749375,0.034848063,0.058907077,2.50114394,0.40625,4.497790012,-0.0155875,0.03329852,0.03676631,2.28306658,0.40625,4.591231919,6022.5,reverse_normal_0,reverse_normal,reversed
-9.318642188,0.133269151,9.319595103,36.39459184,0.40625,4.307021751,0.500467188,0.08165208,0.507084281,13.7599894,0.40625,4.359676996,-2.110407813,0.09211471,2.112417159,17.82281016,0.40625,4.69144297,-0.039496875,0.06901692,0.079519422,9.83523072,0.40625,4.568098194,0.0482,0.034666924,0.05937201,2.46275712,0.40625,4.478302994,-0.01535,0.031211276,0.034781694,1.99586248,0.40625,4.53062764,5763.75,reverse_normal_0,reverse_normal,reversed
-9.318125,0.090366701,9.318563176,16.72899938,0.359375,4.510014997,0.493725,0.060899769,0.49746674,7.75780736,0.359375,4.5845894,-2.112171875,0.099619276,2.114519811,20.5079703,0.359375,4.694614681,-0.046751562,0.073540301,0.087142897,11.08606896,0.109375,4.547856496,0.046507812,0.03170905,0.056288902,2.06284508,0.359375,4.572427423,-0.019342188,0.030088888,0.03576956,1.86711536,0.15625,4.706861523,3060,reverse_normal_9,reverse_normal,reversed
-9.316739063,0.088427339,9.317158695,16.02655408,0.34375,4.280971547,0.492453125,0.076465627,0.498354364,11.9772464,0.34375,4.203649907,-2.118121875,0.087147143,2.11991389,15.55837984,0.34375,4.558810631,-0.03959375,0.040878505,0.056909728,3.42678938,0.34375,4.562512428,0.0460125,0.029852667,0.054848262,1.82516328,0.34375,4.230328899,-0.016975,0.02334921,0.028867564,1.11686274,0.34375,4.518697483,4102.5,reverse_normal_12,reverse_normal,reversed
-9.305960938,0.141083152,9.307030323,40.88121164,0.390625,4.341680323,0.493353125,0.088993111,0.50131535,16.35593862,0.390625,4.444553264,-2.114003125,0.076860157,2.11539989,12.1026672,0.390625,4.616538177,-0.043220313,0.050317828,0.066331585,5.19158124,0.109375,4.650027424,0.044721875,0.03479619,0.056664106,2.48134886,0.390625,4.291452515,-0.016917188,0.036498341,0.04022835,2.72912884,0.390625,4.478458344,5703.75,reverse_normal_2,reverse_normal,reversed
-9.312403125,0.097548669,9.312914029,19.59598208,0.375,4.44692805,0.48823125,0.048598392,0.490644023,4.84086362,0.375,4.408861259,-2.113442188,0.103078109,2.115954389,21.95245964,0.375,4.668521357,-0.041876563,0.065013878,0.077333374,8.6681844,0.140625,4.647269992,0.0462,0.029907958,0.055035679,1.83219042,0.375,4.448335808,-0.016635938,0.025565305,0.030501463,1.33876428,0.140625,4.551212087,2739.375,reverse_normal_9,reverse_normal,reversed
-9.31141875,0.1192002,9.31218169,29.09949624,0.34375,4.23933506,0.490779688,0.071999317,0.496032865,10.65187564,0.34375,4.478158236,-2.118307813,0.097306151,2.120541552,19.41319744,0.34375,4.487552825,-0.043264063,0.043116044,0.061080049,3.80776596,0.34375,4.712327501,0.048140625,0.031528854,0.057546402,2.0363208,0.34375,4.371096684,-0.01910625,0.025278461,0.031686738,1.30869632,0.34375,4.500318696,2343.75,reverse_normal_11,reverse_normal,reversed
-9.317639063,0.175065611,9.319283538,63.21194656,0.359375,4.194001065,0.492679688,0.055584359,0.4958053,6.3955874,0.359375,4.503496095,-2.120621875,0.123504421,2.124215262,31.26469984,0.359375,4.490341942,-0.043932813,0.069657607,0.082354564,9.93727928,0.125,4.534402974,0.047067187,0.025352305,0.053460822,1.31778288,0.359375,4.523917314,-0.018270313,0.032620961,0.037388921,2.18900668,0.359375,4.568054907,5034.375,reverse_normal_6,reverse_normal,reversed
-9.313223438,0.130121511,9.314132402,34.68846208,0.390625,4.349437253,0.493357813,0.088866175,0.501297445,16.22643484,0.40625,4.447353443,-2.129075,0.093450217,2.13112489,18.0102676,0.171875,4.775767399,-0.048065625,0.069179208,0.084238158,9.8176591,0.140625,4.615617635,0.047109375,0.034829862,0.058586795,2.48586222,0.40625,4.376070808,-0.018490625,0.039966993,0.044037072,3.2717272,0.40625,4.472707859,5081.25,reverse_normal_2,reverse_normal,reversed
-9.312320312,0.15584699,9.313624315,50.35435636,0.375,4.222022349,0.49313125,0.048591148,0.495519454,4.8782225,0.375,4.516242011,-2.123204688,0.099913032,2.125554224,20.76032624,0.375,4.660533847,-0.041909375,0.048511087,0.064107108,4.85268662,0.375,4.77207726,0.04705625,0.023477156,0.052587712,1.12886634,0.375,4.617706448,-0.017670313,0.027209171,0.032443472,1.52594432,0.375,4.599599937,3431.25,reverse_normal_7,reverse_normal,reversed
-9.309289063,0.15786005,9.310627403,51.59320328,0.375,4.260835292,0.489764062,0.048511482,0.492160747,4.86814304,0.375,4.65444821,-2.123989062,0.099873148,2.126335859,20.68090592,0.375,4.664000779,-0.04428125,0.049577001,0.066473364,5.09703306,0.375,4.72462292,0.04746875,0.02387939,0.053136687,1.16887936,0.375,4.564170259,-0.019323438,0.02981824,0.035531995,1.82353216,0.375,4.534450768,3382.5,reverse_normal_7,reverse_normal,reversed
-9.31258125,0.129211826,9.313477612,34.25133562,0.390625,4.275640373,0.498215625,0.08560124,0.505515955,15.00852686,0.390625,4.363900402,-2.109659375,0.10437092,2.112239562,22.38668032,0.390625,4.781339252,-0.040164063,0.061399446,0.07336923,7.7209572,0.0625,4.728000739,0.0464375,0.033145991,0.057053467,2.25444818,0.390625,4.639066801,-0.0160625,0.034578238,0.038126873,2.45038248,0.390625,4.551690509,6322.5,reverse_normal_1,reverse_normal,reversed
-9.31834375,0.112569805,9.319023672,25.99838392,0.359375,4.298791728,0.485760938,0.082511224,0.492718774,13.94881424,0.359375,4.50864026,-2.1099625,0.110506567,2.112854338,25.1046997,0.359375,4.622896563,-0.042717187,0.067584173,0.079952352,9.38073016,0.171875,4.644653212,0.046848438,0.038663678,0.060742539,3.06159488,0.359375,4.377703455,-0.018407813,0.03542153,0.039919072,2.57044728,0.359375,4.506168113,2821.875,reverse_normal_10,reverse_normal,reversed
-9.31060625,0.105646181,9.311205607,22.88216472,0.34375,4.544212893,0.484901563,0.0460583,0.487084071,4.3744498,0.375,4.669734492,-2.118340625,0.10136144,2.120764283,21.04437552,0.375,4.662887665,-0.036721875,0.056717919,0.06756788,6.59136166,0.34375,4.796774377,0.0466375,0.030005721,0.055456286,1.84507432,0.359375,4.526445455,-0.016139063,0.023721164,0.028690817,1.1552618,0.140625,4.724053035,2861.25,reverse_normal_8,reverse_normal,reversed
-9.306709375,0.16292088,9.308135291,54.60159598,0.375,4.220163471,0.492303125,0.087944094,0.500096521,15.87815376,0.375,4.215523082,-2.116923437,0.094109276,2.119014251,18.1442654,0.375,4.442885093,-0.045514062,0.049228745,0.067044755,4.9637804,0.375,4.769619334,0.045129688,0.031068838,0.054790158,1.98516036,0.375,4.438789284,-0.017857813,0.03720897,0.041272375,2.84146636,0.375,4.408812975,6716.25,reverse_normal_3,reverse_normal,reversed
-9.318529688,0.110124513,9.319180379,24.87287108,0.359375,4.288657038,0.489278125,0.078904051,0.495599569,12.7536755,0.359375,4.466279218,-2.112578125,0.10687884,2.115279986,23.40555166,0.359375,4.504745784,-0.040176563,0.069739212,0.080484246,9.96969224,0.171875,4.556448397,0.045739063,0.037923202,0.059415748,2.94614288,0.359375,4.398149753,-0.017425,0.034969187,0.039070125,2.50470216,0.359375,4.518813083,2851.875,reverse_normal_10,reverse_normal,reversed
-9.3124,0.103742641,9.312977843,22.04675328,0.34375,4.501641393,0.485910938,0.044078949,0.487906131,3.99058496,0.359375,4.770741362,-2.118451562,0.104058197,2.121005689,22.17603928,0.28125,4.555047245,-0.03989375,0.05408517,0.067206524,5.99213176,0.34375,4.782922249,0.046773437,0.029550593,0.055326233,1.79213168,0.359375,4.593541621,-0.01736875,0.023270803,0.029037971,1.10961848,0.140625,4.722949081,3097.5,reverse_normal_8,reverse_normal,reversed
-9.31644375,0.091216465,9.316890285,17.0828417,0.34375,4.206409247,0.492267188,0.081080136,0.498899762,13.4679182,0.34375,4.149826919,-2.118828125,0.090405176,2.120755931,16.76658464,0.34375,4.553973639,-0.042753125,0.041205711,0.059377945,3.47824544,0.34375,4.578031496,0.046329688,0.030269429,0.05534147,1.87742852,0.34375,4.207870356,-0.016720313,0.023357287,0.028725106,1.1174522,0.34375,4.485021705,3952.5,reverse_normal_12,reverse_normal,reversed
-9.3118375,0.11521649,9.312550266,27.23598114,0.359375,4.268469814,0.485609375,0.046299203,0.487811522,4.40084238,0.359375,4.574003972,-2.121217188,0.108854597,2.124008399,24.28348836,0.359375,4.384824403,-0.039139063,0.055350343,0.067790314,6.27973284,0.359375,4.631420562,0.047832813,0.029182519,0.05603211,1.74432664,0.359375,4.228071103,-0.017209375,0.022502991,0.028329264,1.03904758,0.359375,4.420349425,3727.5,reverse_normal_8,reverse_normal,reversed
-9.30765,0.115707731,9.308369181,27.42071904,0.390625,4.222054922,0.48823125,0.080527483,0.494827676,13.28185562,0.390625,4.293719623,-2.12298125,0.106044498,2.125628101,23.5706204,0.390625,4.612148409,-0.049782812,0.080103044,0.094312386,13.14116964,0.15625,4.498223169,0.04663125,0.033012454,0.057134015,2.23211776,0.390625,4.411592694,-0.019185938,0.042516592,0.046645051,3.70373052,0.390625,4.302521082,5400,reverse_normal_1,reverse_normal,reversed
-9.316479688,0.101490539,9.317032473,21.3245778,0.34375,4.285152466,0.487029688,0.074825008,0.492744049,11.47161988,0.34375,4.344821834,-2.118046875,0.093076635,2.120090994,17.74610624,0.359375,4.402775365,-0.034396875,0.044452207,0.056206261,4.05039024,0.359375,4.617955141,0.044440625,0.030249188,0.053758557,1.87727662,0.34375,4.512523506,-0.015651563,0.023689205,0.028392778,1.15136068,0.34375,4.522318,4267.5,reverse_normal_13,reverse_normal,reversed
-9.314042188,0.104954892,9.314633509,22.56638208,0.359375,4.127343856,0.49256875,0.076548738,0.498481377,12.00279722,0.359375,4.352565808,-2.115798438,0.094384169,2.117902594,18.27423476,0.359375,4.52801773,-0.035178125,0.043462025,0.05591465,3.86899696,0.359375,4.620686542,0.045348437,0.031938036,0.055466376,2.09139792,0.359375,4.303185083,-0.014976562,0.024982123,0.029127374,1.27821712,0.359375,4.399542158,3952.5,reverse_normal_13,reverse_normal,reversed
-9.315723437,0.13325835,9.316676497,36.67082472,0.40625,4.132004678,0.498671875,0.082876696,0.505511806,14.29825574,0.40625,4.152144116,-2.107339063,0.09033392,2.109274316,17.08805576,0.40625,4.703940137,-0.03759375,0.06910101,0.078665365,9.87944888,0.40625,4.4938642,0.047775,0.034523135,0.058943172,2.44635208,0.40625,4.319890949,-0.015228125,0.03222586,0.035642697,2.14591198,0.40625,4.413299145,5797.5,reverse_normal_0,reverse_normal,reversed
-9.3134875,0.098648099,9.314009924,20.02812866,0.34375,4.152156698,0.487815625,0.074480403,0.493468757,11.37263712,0.34375,4.295885114,-2.118498438,0.087290029,2.120296012,15.64066844,0.34375,4.528816848,-0.031160938,0.044806077,0.054576447,4.121772,0.078125,4.645308427,0.044925,0.029357245,0.053666595,1.76913234,0.34375,4.467166257,-0.015646875,0.024193859,0.028812627,1.19915744,0.34375,4.552461523,4357.5,reverse_normal_13,reverse_normal,reversed
-9.307425,0.122050486,9.308225204,31.44913234,0.390625,4.454072821,0.486959375,0.084844103,0.494295412,15.1896523,0.390625,4.548766825,-2.125110937,0.100489812,2.127485534,20.93068928,0.171875,4.782868803,-0.048578125,0.078282638,0.092130373,12.56566784,0.109375,4.589703299,0.04578125,0.034819637,0.057518084,2.53312762,0.390625,4.597229977,-0.017792188,0.043139767,0.046664777,3.85560248,0.40625,4.5039532,5171.25,reverse_normal_2,reverse_normal,reversed
-9.317671875,0.109800433,9.318318803,24.69626928,0.34375,4.288242447,0.4941375,0.079287352,0.500458143,12.95860576,0.34375,4.319434685,-2.116357813,0.093619496,2.118427483,18.36169928,0.34375,4.564941936,-0.039670313,0.045083162,0.060051854,4.16436056,0.34375,4.745054071,0.045510938,0.033694144,0.056626326,2.32741732,0.34375,4.320942606,-0.015376563,0.026472909,0.030614598,1.4416874,0.34375,4.521283602,4160.625,reverse_normal_14,reverse_normal,reversed
-9.311503125,0.178481455,9.31321352,65.2528432,0.359375,4.260040628,0.492154687,0.059303462,0.495714774,7.20301288,0.359375,4.48232026,-2.121629688,0.125547489,2.125341079,32.68188856,0.359375,4.69085859,-0.04585,0.07974268,0.091984333,13.04617248,0.125,4.624949188,0.04688125,0.026339656,0.05377387,1.42294282,0.359375,4.45517469,-0.020001563,0.036978843,0.042041614,2.80261256,0.359375,4.493062211,3836.25,reverse_normal_6,reverse_normal,reversed
-9.321035938,0.098864654,9.321560232,20.0176706,0.359375,4.118902124,0.491445313,0.073487592,0.496909369,11.11695856,0.359375,4.512728017,-2.113142188,0.102337455,2.115618789,21.45606528,0.359375,4.488290948,-0.043307812,0.074529565,0.086198739,11.38690236,0.109375,4.506694261,0.0461125,0.036005909,0.058504599,2.65703874,0.359375,4.391234789,-0.01715,0.033452882,0.037592789,2.29452808,0.359375,4.501827938,2986.875,reverse_normal_10,reverse_normal,reversed
-9.30951875,0.115014091,9.310229191,27.09178648,0.390625,4.199509128,0.490178125,0.084135071,0.497346262,14.524064,0.390625,4.284233645,-2.126385938,0.104137679,2.128934431,22.86754572,0.390625,4.628940494,-0.050510938,0.080148004,0.094736779,13.15729404,0.15625,4.469007096,0.046714063,0.032716327,0.057031235,2.19268848,0.390625,4.433328319,-0.018385938,0.043034216,0.046797291,3.79291356,0.390625,4.265149108,5332.5,reverse_normal_1,reverse_normal,reversed
-9.312614063,0.12639133,9.313471718,32.8734058,0.34375,4.193871631,0.484342187,0.074571978,0.490049318,11.39039392,0.34375,4.361454249,-2.11396875,0.105183386,2.116583904,22.70737466,0.34375,4.368815337,-0.042959375,0.043926842,0.061441642,3.96194998,0.34375,4.66723169,0.048117188,0.033112104,0.058409547,2.2499726,0.34375,4.209067087,-0.018478125,0.02662323,0.032407368,1.45181904,0.34375,4.482889644,2163.75,reverse_normal_11,reverse_normal,reversed
-9.303790625,0.170243308,9.305348074,59.36640208,0.375,4.045256773,0.489457813,0.087849128,0.497279016,15.80950856,0.375,4.178052453,-2.11695625,0.098367136,2.119240396,19.81788928,0.375,4.353675607,-0.046201563,0.048780966,0.067187551,4.8854754,0.375,4.782386533,0.04605,0.030520132,0.055245642,1.90896834,0.390625,4.314892375,-0.01873125,0.038979998,0.043246965,3.11565056,0.390625,4.379234894,6907.5,reverse_normal_3,reverse_normal,reversed
-9.31280625,0.132420235,9.313747654,35.93773304,0.40625,4.279923571,0.497773437,0.084154128,0.504836917,14.50418996,0.40625,4.303434114,-2.104457812,0.094909078,2.106596881,18.50989496,0.40625,4.692945386,-0.038175,0.06991348,0.079656923,10.0126128,0.40625,4.72153246,0.046234375,0.034293559,0.057564448,2.41087232,0.40625,4.432599673,-0.01590625,0.033104309,0.036727429,2.2444377,0.40625,4.488854159,5865,reverse_normal_0,reverse_normal,reversed
-9.306671875,0.128198178,9.30755479,33.65855952,0.390625,4.190202493,0.492792188,0.08428369,0.499947878,14.555939,0.390625,4.255739124,-2.11826875,0.109909089,2.12111822,25.09097792,0.390625,4.706854415,-0.044970313,0.075089598,0.087525863,11.58527096,0.15625,4.646082931,0.045392187,0.034281994,0.056883265,2.40739984,0.390625,4.465023584,-0.017867188,0.042023212,0.045663845,3.61771052,0.390625,4.31252497,6270,reverse_normal_1,reverse_normal,reversed
-9.312134375,0.137107179,9.313143669,38.54976846,0.375,4.353489253,0.490398438,0.045733786,0.492526351,4.28355644,0.375,4.484912096,-2.119273438,0.097903141,2.121533626,19.75289148,0.375,4.554005688,-0.04170625,0.049132136,0.064446708,4.959504,0.375,4.717995433,0.047898438,0.02721192,0.055088555,1.51659384,0.375,4.47295265,-0.018448437,0.02230337,0.028944519,1.02438636,0.375,4.555365181,4335,reverse_normal_7,reverse_normal,reversed
-9.317373438,0.133627014,9.318331608,36.64176828,0.40625,4.24088911,0.492873438,0.074042602,0.498403985,11.27261476,0.40625,4.4312112,-2.100946875,0.109326478,2.10378945,24.94426544,0.40625,4.68729609,-0.038848438,0.082214856,0.090931203,13.860439,0.40625,4.59626917,0.048376563,0.038470243,0.061808182,3.03399148,0.40625,4.400837,-0.0158125,0.031986748,0.035681749,2.09691688,0.40625,4.641411339,5328.75,reverse_normal_0,reverse_normal,reversed
-9.31303125,0.151381197,9.314261502,47.5577001,0.375,4.254862046,0.492495313,0.045858353,0.494625739,4.3307044,0.375,4.583257174,-2.123242188,0.093741156,2.125310516,18.34163528,0.375,4.605863833,-0.042646875,0.045838531,0.062609319,4.35369648,0.375,4.753641492,0.047085938,0.023593848,0.052666452,1.14014524,0.375,4.56449815,-0.018064063,0.02506811,0.030898551,1.29756904,0.375,4.549512771,3626.25,reverse_normal_7,reverse_normal,reversed
-9.315051563,0.16251217,9.316469064,54.17383988,0.375,4.263741326,0.491334375,0.053325253,0.494219638,5.82695382,0.375,4.614831417,-2.12365,0.112369168,2.12662083,26.03320834,0.375,4.71153383,-0.043378125,0.068955317,0.081464701,9.74039584,0.140625,4.592477442,0.046990625,0.024002413,0.052765848,1.18081838,0.375,4.511125567,-0.017565625,0.033384644,0.037723807,2.28402454,0.375,4.451514944,3324.375,reverse_normal_7,reverse_normal,reversed
-9.318495313,0.097422107,9.319004558,19.43777136,0.359375,4.121776648,0.488714063,0.066709568,0.493245985,9.11722964,0.359375,4.467262752,-2.11535,0.100571792,2.117739433,20.7845893,0.359375,4.618126756,-0.03871875,0.067033399,0.077412002,9.20530442,0.109375,4.513087449,0.046348438,0.033840185,0.057387593,2.34802924,0.359375,4.343865912,-0.017135938,0.029049894,0.033727388,1.728514,0.359375,4.392124147,3043.125,reverse_normal_10,reverse_normal,reversed
-9.314348438,0.097709111,9.314860916,19.57764504,0.34375,4.369731706,0.499789063,0.075306144,0.505430631,11.61452028,0.34375,4.260464892,-2.113889063,0.083353969,2.115531813,14.30165676,0.34375,4.468403992,-0.045921875,0.041806745,0.062101711,3.5821523,0.34375,4.607537929,0.04745,0.030401979,0.056354084,1.8929781,0.34375,4.079346493,-0.018090625,0.023148115,0.029378665,1.09750606,0.34375,4.508759323,3030,reverse_normal_12,reverse_normal,reversed
-9.3172625,0.131438159,9.31818955,35.59929064,0.40625,4.184851975,0.495642188,0.077395621,0.501648542,12.2685246,0.40625,4.358038221,-2.100795313,0.103407233,2.103338775,22.13241784,0.375,4.683989249,-0.039334375,0.078328966,0.087650556,12.56584736,0.40625,4.58269523,0.04865,0.037208605,0.06124788,2.8354181,0.40625,4.423959862,-0.015884375,0.030729242,0.034591902,1.93423638,0.40625,4.567697902,5460,reverse_normal_0,reverse_normal,reversed
-9.31033125,0.12489965,9.311168987,31.96840192,0.34375,4.238405441,0.486476563,0.07039032,0.491542717,10.18863768,0.34375,4.48777962,-2.11475625,0.09707349,2.116983056,19.36692202,0.34375,4.445266368,-0.041246875,0.043501922,0.059947659,3.8756776,0.34375,4.681052227,0.047970313,0.031381342,0.057323115,2.01734328,0.34375,4.319173033,-0.018821875,0.02636359,0.032392929,1.42371814,0.34375,4.502747785,2223.75,reverse_normal_11,reverse_normal,reversed
-9.313751563,0.090492781,9.314191168,16.7735698,0.359375,4.501680346,0.4901,0.0575075,0.493462382,6.80337218,0.359375,4.604101208,-2.115209375,0.106599416,2.117893797,23.3631392,0.265625,4.637943823,-0.03815,0.071260113,0.080829612,10.4054548,0.140625,4.648837082,0.043796875,0.031097774,0.05371441,1.98227952,0.359375,4.563217306,-0.015989062,0.028251262,0.032462038,1.6426552,0.140625,4.69332605,2896.875,reverse_normal_9,reverse_normal,reversed
-9.31303125,0.162069066,9.314441338,53.97716864,0.375,4.261967139,0.495634375,0.091084233,0.503934293,16.99776726,0.375,4.284587049,-2.120325,0.093752175,2.122396658,18.0277472,0.375,4.522671438,-0.041948438,0.050173462,0.065399141,5.15950268,0.375,4.570717124,0.045840625,0.032174236,0.05600486,2.14205968,0.375,4.442591711,-0.016692188,0.03717746,0.040752824,2.85564704,0.375,4.508071264,6577.5,reverse_normal_3,reverse_normal,reversed
-9.30974375,0.111653553,9.310413267,25.53414778,0.359375,4.476802873,0.484001563,0.041846772,0.48580723,3.5960344,0.359375,4.710881346,-2.119684375,0.098010456,2.12194908,19.69243648,0.359375,4.517825124,-0.036425,0.055671641,0.066529033,6.35619592,0.296875,4.702131557,0.047253125,0.030826946,0.056419486,1.94976048,0.359375,4.506574466,-0.017040625,0.023174877,0.028765566,1.104404,0.15625,4.685207175,3412.5,reverse_normal_8,reverse_normal,reversed
-9.314607813,0.098114207,9.315124535,19.74078592,0.34375,4.035442376,0.485798438,0.073768075,0.491367328,11.1447602,0.34375,4.112522567,-2.119657813,0.094248947,2.121752131,18.24118392,0.34375,4.570102316,-0.039232813,0.040377411,0.056298747,3.33950136,0.34375,4.691676874,0.045954688,0.028818744,0.054243463,1.70176604,0.34375,4.383151266,-0.016928125,0.023018182,0.028572681,1.08512358,0.34375,4.494147687,4391.25,reverse_normal_13,reverse_normal,reversed
-9.312664063,0.091521455,9.313113771,17.20193428,0.359375,4.389180608,0.494660938,0.059185106,0.49818904,7.1955444,0.359375,4.425678995,-2.111282813,0.103955958,2.11384057,22.1878218,0.359375,4.486998184,-0.043648438,0.072051429,0.084241288,10.6450456,0.140625,4.444322153,0.046615625,0.030930796,0.055943995,1.95935854,0.359375,4.425542992,-0.01755,0.02792754,0.032984087,1.59941906,0.140625,4.588456289,2986.875,reverse_normal_9,reverse_normal,reversed
-9.317639063,0.091834101,9.318091607,17.32775736,0.359375,4.526260016,0.493951563,0.060269623,0.497614885,7.54923892,0.359375,4.469358219,-2.111651563,0.103530285,2.114187986,22.03156896,0.359375,4.609136167,-0.039704687,0.075005834,0.084866586,11.54173232,0.109375,4.604362353,0.0446625,0.030482303,0.054073188,1.90340384,0.359375,4.473854738,-0.015842188,0.028756319,0.032831399,1.7017234,0.140625,4.612071982,3024.375,reverse_normal_9,reverse_normal,reversed
-9.312620313,0.172236216,9.314212924,60.83159144,0.375,4.364383105,0.491784375,0.057089828,0.495086982,6.69333456,0.375,4.547965128,-2.122489063,0.114215537,2.125559928,26.89136448,0.375,4.702920229,-0.043570313,0.07297732,0.084994479,10.91172584,0.140625,4.622156891,0.046820313,0.024250929,0.052728069,1.20525632,0.375,4.538021339,-0.017948438,0.034784816,0.03914243,2.48612328,0.375,4.55994204,3498.75,reverse_normal_7,reverse_normal,reversed
-9.313257813,0.135676285,9.314246032,37.87439484,0.40625,4.239797384,0.493470313,0.071560708,0.498632013,10.5242598,0.40625,4.408118125,-2.098479688,0.118668422,2.101832342,28.8940934,0.40625,4.531150568,-0.040640625,0.090458588,0.099168627,16.79079712,0.40625,4.603690902,0.048396875,0.04089911,0.063363986,3.42960262,0.40625,4.469332161,-0.017839063,0.031584735,0.036274339,2.04332424,0.40625,4.551534274,5197.5,reverse_normal_0,reverse_normal,reversed
-9.3141625,0.094852243,9.314645459,18.43160306,0.34375,4.606969729,0.489614063,0.053662751,0.49254606,5.93221776,0.359375,4.623681148,-2.116739063,0.108617629,2.119524014,24.36316752,0.265625,4.580954831,-0.043004688,0.067055524,0.079660821,9.21762692,0.140625,4.695294084,0.044167187,0.031016468,0.053970008,1.9742966,0.359375,4.615294939,-0.016598438,0.02763184,0.032233937,1.5812642,0.140625,4.726895613,2791.875,reverse_normal_9,reverse_normal,reversed
-9.313964062,0.117017988,9.314699124,28.04387928,0.34375,4.245533857,0.48969375,0.072802498,0.495075926,10.90775978,0.34375,4.455418834,-2.1158375,0.098227336,2.118116365,19.7608453,0.34375,4.49369095,-0.04445625,0.04249397,0.061498745,3.7055436,0.34375,4.732150815,0.04816875,0.0305665,0.05704857,1.9139308,0.34375,4.339943121,-0.0187625,0.024666263,0.030991224,1.24606802,0.34375,4.482804362,2403.75,reverse_normal_11,reverse_normal,reversed
-9.314942188,0.175236744,9.316590357,62.92837164,0.359375,4.27297464,0.492195313,0.05314276,0.495055935,5.78699364,0.359375,4.561222432,-2.12238125,0.121478123,2.125854911,30.2226105,0.375,4.501171826,-0.040846875,0.064376917,0.07624208,8.51732736,0.125,4.779390561,0.045598438,0.025173675,0.052085808,1.3021242,0.375,4.582944397,-0.017975,0.031940863,0.036651322,2.09073928,0.359375,4.56054628,5458.125,reverse_normal_6,reverse_normal,reversed
-9.31269375,0.108569068,9.313326587,24.14358554,0.34375,4.235835554,0.4945875,0.077515614,0.500625075,12.30575954,0.34375,4.306635496,-2.114076563,0.092586022,2.116102995,17.6615612,0.34375,4.571705811,-0.03761875,0.046138314,0.059530785,4.35985984,0.34375,4.724861004,0.045757812,0.032728179,0.056257543,2.1937056,0.34375,4.120631259,-0.015639063,0.026248444,0.030554232,1.41106884,0.34375,4.647940497,4025.625,reverse_normal_14,reverse_normal,reversed
-9.319584375,0.177242089,9.321269639,64.3858475,0.359375,4.186433198,0.493726563,0.060734873,0.497448131,7.56421056,0.359375,4.506665402,-2.117251563,0.128038152,2.121119503,33.58375388,0.359375,4.535697961,-0.044773438,0.080060263,0.091729529,13.13088824,0.125,4.496989612,0.046471875,0.026408855,0.0534515,1.43071232,0.359375,4.486702665,-0.017790625,0.037393619,0.041410012,2.8636936,0.359375,4.403190426,4156.875,reverse_normal_6,reverse_normal,reversed
-9.311725,0.171872532,9.313311046,60.64984258,0.375,4.276433872,0.49343125,0.05186408,0.496149455,5.51147192,0.375,4.480174015,-2.119573437,0.122886986,2.123132772,30.92810904,0.375,4.430635178,-0.039696875,0.062170989,0.073763634,7.91609854,0.375,4.563523875,0.04688125,0.024844,0.053057289,1.26580416,0.375,4.393390512,-0.017570313,0.032007034,0.036512547,2.09965888,0.375,4.562940999,5983.125,reverse_normal_6,reverse_normal,reversed
-9.312845312,0.167724526,9.314355551,57.74693868,0.390625,4.132669337,0.491667188,0.083054096,0.498632737,14.14150184,0.375,4.147955117,-2.123692187,0.099460926,2.126019986,20.33776328,0.375,4.317160474,-0.048270313,0.048819747,0.068654139,4.88661812,0.375,4.58841168,0.0471,0.029253947,0.0554455,1.75650184,0.375,4.42175118,-0.018653125,0.038597142,0.042868152,3.05240134,0.375,4.402354864,7106.25,reverse_normal_3,reverse_normal,reversed
-9.311604688,0.119776806,9.312375011,29.40230384,0.34375,4.339871816,0.491826563,0.070949168,0.496917651,10.3628842,0.34375,4.481996819,-2.115167188,0.096274124,2.117357064,19.02159576,0.34375,4.53529936,-0.043471875,0.043471918,0.061478546,3.87352606,0.34375,4.729159877,0.048189063,0.032239757,0.0579792,2.12872176,0.34375,4.326904167,-0.019135938,0.025062555,0.031532773,1.28644488,0.34375,4.530282555,2313.75,reverse_normal_11,reverse_normal,reversed
-9.3103,0.128777595,9.311190566,33.96627272,0.390625,4.37669287,0.496121875,0.085440133,0.503425199,14.95099806,0.390625,4.324636956,-2.1080875,0.104596572,2.110680779,22.4516292,0.390625,4.789880301,-0.037535938,0.060783934,0.071439718,7.57856092,0.125,4.732117321,0.045596875,0.032789089,0.056162259,2.2052167,0.390625,4.5170172,-0.015829688,0.03429039,0.037767841,2.40861676,0.390625,4.563838948,6285,reverse_normal_1,reverse_normal,reversed
-9.307982813,0.179518629,9.309713797,66.00912888,0.375,4.221026979,0.489317188,0.068749422,0.494123257,9.6824076,0.375,4.496709947,-2.115173438,0.116943754,2.118403765,28.02692228,0.375,4.633757472,-0.0441,0.076320416,0.088145425,11.93079304,0.15625,4.591855121,0.046804688,0.031783582,0.056576275,2.06912576,0.375,4.607792929,-0.019871875,0.043643232,0.047954386,3.90694054,0.375,4.535223395,5671.875,reverse_normal_4,reverse_normal,reversed
-9.311428125,0.133443701,9.312384278,36.6513559,0.390625,4.339209883,0.492046875,0.090806258,0.500355777,17.0978211,0.40625,4.466421785,-2.124698438,0.088027321,2.126521164,15.89489628,0.375,4.647500879,-0.046057813,0.069147946,0.083082853,9.81366564,0.140625,4.602868787,0.046984375,0.034724763,0.058423802,2.47051862,0.40625,4.365959978,-0.018167188,0.040018886,0.043949493,3.2897652,0.390625,4.552850233,5096.25,reverse_normal_2,reverse_normal,reversed
-9.316701563,0.133735938,9.317661365,36.96998688,0.40625,4.207661439,0.49504375,0.074060123,0.500552911,11.23618368,0.40625,4.323179583,-2.103004688,0.115831134,2.106192196,27.5902874,0.40625,4.672122955,-0.0394375,0.085962734,0.094577524,15.13597042,0.40625,4.585712398,0.048278125,0.039686177,0.06249616,3.22558832,0.40625,4.413590182,-0.016125,0.032352458,0.036148267,2.14504032,0.40625,4.606352872,5231.25,reverse_normal_0,reverse_normal,reversed
-9.3055875,0.141634323,9.3066653,41.24306882,0.390625,4.32260385,0.490921875,0.090212339,0.499141817,16.83363344,0.390625,4.466620946,-2.115685938,0.077900778,2.117119628,12.42883552,0.375,4.615074054,-0.040248438,0.052219943,0.065930715,5.59370188,0.390625,4.613702452,0.04495,0.034558334,0.056699038,2.44675586,0.390625,4.288208618,-0.016239063,0.036859495,0.040278152,2.78754904,0.390625,4.535745808,5606.25,reverse_normal_2,reverse_normal,reversed
-9.307420313,0.127644417,9.308295546,33.39874296,0.390625,4.202424507,0.490996875,0.083403614,0.498030214,14.24636934,0.390625,4.13215583,-2.120435938,0.114819496,2.123542343,27.57004736,0.390625,4.691761353,-0.048992188,0.079937519,0.093756287,13.1380944,0.15625,4.586364959,0.046548438,0.034402802,0.057881861,2.42710816,0.390625,4.382361281,-0.01955,0.042982046,0.047219262,3.78359058,0.390625,4.303478295,6030,reverse_normal_1,reverse_normal,reversed
-9.314270313,0.105623356,9.314869175,22.9310354,0.34375,4.312213282,0.496160938,0.074958992,0.501791318,11.50824224,0.34375,4.398407597,-2.115982813,0.090192368,2.117904135,16.66026784,0.34375,4.497755,-0.046751563,0.043502586,0.063860658,3.8770944,0.34375,4.651661099,0.046517188,0.031276337,0.056054063,2.00496864,0.34375,4.429162096,-0.0185,0.023909902,0.030231332,1.17179336,0.34375,4.504364651,2666.25,reverse_normal_12,reverse_normal,reversed
-9.312067188,0.111812358,9.312738443,25.61220572,0.359375,4.25640808,0.494139063,0.079236571,0.500451643,12.8752166,0.359375,4.387049479,-2.117145313,0.094917087,2.119271933,18.51036004,0.3125,4.429016176,-0.040759375,0.05097876,0.065269906,5.32582336,0.140625,4.623663176,0.047696875,0.031599911,0.057214913,2.04509984,0.359375,4.402240821,-0.017575,0.027921615,0.032992381,1.59678594,0.359375,4.602906498,4786.875,reverse_normal_14,reverse_normal,reversed
-9.315804687,0.098138535,9.3163216,19.7290114,0.34375,4.259957993,0.489089063,0.073913687,0.494642643,11.20620472,0.34375,4.335767002,-2.115915625,0.08920184,2.117795056,16.30163824,0.34375,4.577193432,-0.032042188,0.044027831,0.054453207,3.97061892,0.078125,4.685053561,0.0445625,0.029192532,0.053273073,1.74622952,0.34375,4.52032098,-0.014751563,0.023397209,0.02765932,1.12160048,0.34375,4.522870632,4402.5,reverse_normal_13,reverse_normal,reversed
-9.306784375,0.145555957,9.307922536,43.4689904,0.390625,4.271735249,0.493278125,0.091106304,0.501621039,17.1137591,0.390625,4.35186458,-2.116360938,0.082038424,2.117950406,13.7950158,0.375,4.507234247,-0.045421875,0.049863728,0.067450264,5.09632486,0.390625,4.610205009,0.045184375,0.034882102,0.057082298,2.49247766,0.390625,4.243419834,-0.017160938,0.036445454,0.040283606,2.72216588,0.390625,4.431400438,5853.75,reverse_normal_2,reverse_normal,reversed
-9.318160938,0.092664756,9.31862168,17.61903792,0.34375,4.038687049,0.4887875,0.074222231,0.494390695,11.29267616,0.34375,4.140542675,-2.116364063,0.085484586,2.118089814,14.9670296,0.34375,4.483887918,-0.039604688,0.040129861,0.056382063,3.30054004,0.34375,4.595447479,0.046528125,0.029525727,0.055105671,1.78538224,0.34375,4.184770988,-0.016328125,0.021330608,0.02686266,0.9322675,0.34375,4.45648517,4233.75,reverse_normal_12,reverse_normal,reversed
-9.308017187,0.12432772,9.308847477,31.76137156,0.390625,4.164636061,0.494998438,0.08718221,0.50261734,15.58948776,0.390625,4.360217217,-2.103789062,0.100926584,2.106208583,20.87063056,0.390625,4.713533426,-0.041515625,0.07050022,0.081815818,10.1794,0.15625,4.692985058,0.046920313,0.032761368,0.057226069,2.21643108,0.390625,4.545127392,-0.017198438,0.036622988,0.040460222,2.75365236,0.390625,4.573216716,6435,reverse_normal_1,reverse_normal,reversed
-9.314940625,0.168629219,9.316466855,58.29772576,0.390625,4.11212672,0.49193125,0.084111572,0.499070247,14.52010186,0.390625,4.22813183,-2.12234375,0.100279598,2.124711508,20.74221656,0.375,4.470657554,-0.045453125,0.049782678,0.067411435,5.07782022,0.390625,4.677504176,0.0473,0.029748697,0.055877321,1.81246496,0.375,4.31353607,-0.017335938,0.039241923,0.042900621,3.15724312,0.375,4.338379944,6960,reverse_normal_3,reverse_normal,reversed
-9.311090625,0.126579945,9.311950983,32.8457456,0.40625,4.447302846,0.491673438,0.086646619,0.499249843,15.40039296,0.40625,4.519134076,-2.128139063,0.097777293,2.130384066,19.86599448,0.171875,4.747109726,-0.054745313,0.077499246,0.094885101,12.3021342,0.109375,4.550703445,0.045871875,0.035541633,0.058029618,2.58996774,0.40625,4.570739599,-0.020092187,0.04372489,0.048120287,3.91558228,0.40625,4.531097152,5141.25,reverse_normal_2,reverse_normal,reversed
-9.315765625,0.130790578,9.31668371,35.2270136,0.40625,4.183373028,0.496090625,0.078803737,0.502310598,12.71938934,0.40625,4.329185988,-2.102029688,0.096622165,2.104249189,19.223546,0.40625,4.707858339,-0.03856875,0.074335254,0.083745319,11.31705946,0.40625,4.617177594,0.048117188,0.036165075,0.060192827,2.67884496,0.40625,4.497038657,-0.015657813,0.031864654,0.035503849,2.07957272,0.40625,4.5720893,5595,reverse_normal_0,reverse_normal,reversed
-9.309364062,0.170769911,9.310930223,59.82908028,0.375,4.115542078,0.493909375,0.087308286,0.501566753,15.61574542,0.375,4.127531345,-2.11770625,0.098541045,2.119997665,19.93147162,0.375,4.461695419,-0.046878125,0.049935125,0.068491425,5.1070007,0.375,4.770124199,0.045896875,0.031225515,0.055511764,2.00737968,0.375,4.392395462,-0.017296875,0.038751613,0.042436651,3.08230048,0.375,4.417893714,6855,reverse_normal_3,reverse_normal,reversed
-9.316404688,0.097349394,9.316913287,19.44394556,0.375,4.419885195,0.486473438,0.049128767,0.488947892,4.95409272,0.375,4.536122982,-2.117595312,0.104975346,2.120195682,22.91163848,0.375,4.561594075,-0.039865625,0.062459112,0.074097292,8.02138902,0.140625,4.715761355,0.045529688,0.029657444,0.054337063,1.802355,0.375,4.426960645,-0.015778125,0.02449083,0.029133314,1.2295344,0.140625,4.538621007,2731.875,reverse_normal_8,reverse_normal,reversed
-9.310639063,0.16563707,9.312112295,56.18832468,0.375,3.867558526,0.49080625,0.081546357,0.497534505,13.62781242,0.375,4.125337686,-2.124140625,0.097635543,2.126383337,19.87998064,0.375,4.414880499,-0.047925,0.04910098,0.068612768,4.93944562,0.375,4.649026697,0.046796875,0.029498268,0.055318128,1.78631312,0.375,4.460788283,-0.019364063,0.039074985,0.043609877,3.12699824,0.375,4.391072309,7100.625,reverse_normal_3,reverse_normal,reversed
-9.313296875,0.131037498,9.314218674,35.1661395,0.375,4.391103298,0.48935,0.046860011,0.49158853,4.49725704,0.375,4.600310701,-2.119126563,0.098044144,2.12139342,19.7064168,0.359375,4.580240179,-0.04015,0.049812207,0.063978734,5.10046898,0.34375,4.7067894,0.04871875,0.028621866,0.056504228,1.67972906,0.359375,4.552107999,-0.018126563,0.023351909,0.029561527,1.11765936,0.375,4.640387073,4305,reverse_normal_8,reverse_normal,reversed
-9.3121,0.17283691,9.313703829,61.21008018,0.375,4.156939659,0.491973438,0.05220493,0.494735503,5.5943746,0.375,4.505790485,-2.1197625,0.122775195,2.123315051,30.8942357,0.375,4.409618408,-0.03895,0.063363157,0.074377363,8.223608,0.375,4.62539113,0.046278125,0.024741239,0.052476602,1.25492016,0.375,4.415666284,-0.017440625,0.031770848,0.036243098,2.06814864,0.375,4.482221652,6376.875,reverse_normal_5,reverse_normal,reversed
-9.316139063,0.104541776,9.316725606,22.38713644,0.359375,4.07118821,0.488301563,0.074447428,0.493944162,11.359574,0.359375,4.33022002,-2.111351563,0.09437318,2.113459656,18.28500668,0.359375,4.520077641,-0.033335937,0.04227526,0.053837555,3.67024852,0.359375,4.76208582,0.04475625,0.029281681,0.053484005,1.75602666,0.359375,4.303055006,-0.014973438,0.024389843,0.028619369,1.2223414,0.359375,4.551835439,4177.5,reverse_normal_13,reverse_normal,reversed
-9.3050625,0.160784975,9.306451522,52.94587624,0.375,4.194041039,0.4895,0.09061188,0.497815993,16.81561696,0.375,4.308535551,-2.118004688,0.088642067,2.119858786,16.09730292,0.375,4.593562478,-0.040209375,0.051869445,0.065629514,5.51010678,0.375,4.612766606,0.045321875,0.032913801,0.056012415,2.21948454,0.375,4.378780501,-0.017514063,0.037291269,0.041199285,2.84874628,0.375,4.508727236,6502.5,reverse_normal_2,reverse_normal,reversed
-9.31520625,0.111119839,9.315868993,25.29728024,0.359375,4.511530008,0.4845625,0.042198813,0.486396501,3.64718418,0.359375,4.6844657,-2.120507813,0.102356282,2.122976729,21.48873648,0.359375,4.622388496,-0.038960938,0.056979875,0.069026522,6.6493426,0.34375,4.627069739,0.046057813,0.030461819,0.055219965,1.90221528,0.359375,4.493899412,-0.016448438,0.023017079,0.028290229,1.08537972,0.15625,4.68840648,3333.75,reverse_normal_8,reverse_normal,reversed
-9.313859375,0.097221104,9.314366774,19.35839542,0.34375,4.018030559,0.488453125,0.074751438,0.494139892,11.47180542,0.34375,4.086048736,-2.11543125,0.093673809,2.117504228,18.0534976,0.34375,4.514728258,-0.039521875,0.040862894,0.056848524,3.42799614,0.34375,4.704989287,0.047189063,0.028597564,0.05517815,1.67491532,0.34375,4.338907059,-0.016790625,0.022950053,0.02843642,1.08125494,0.34375,4.454204165,4368.75,reverse_normal_13,reverse_normal,reversed
-9.313935938,0.098016088,9.314451664,19.67859472,0.375,4.366000283,0.485314063,0.048400684,0.487721607,4.79777412,0.375,4.563831821,-2.119578125,0.103653516,2.12211109,22.17306288,0.375,4.594810387,-0.038892187,0.059339698,0.070949292,7.21153116,0.140625,4.6749146,0.04539375,0.030516916,0.054698032,1.90915082,0.375,4.479291896,-0.01619375,0.024101516,0.029036539,1.19050554,0.140625,4.520010185,2724.375,reverse_normal_8,reverse_normal,reversed
-9.319128125,0.104327873,9.319712083,22.33941744,0.359375,4.176283433,0.490659375,0.073521004,0.496137038,11.0784528,0.359375,4.502216236,-2.115423438,0.102430259,2.117901857,21.50775068,0.359375,4.515668978,-0.043853125,0.07394855,0.085973744,11.19927136,0.109375,4.375557853,0.047507812,0.036015757,0.0596165,2.65691568,0.359375,4.372120941,-0.01786875,0.033583906,0.0380417,2.31004698,0.359375,4.366784413,2975.625,reverse_normal_10,reverse_normal,reversed
-9.313971875,0.105010558,9.314563828,22.73786462,0.34375,4.588294212,0.486771875,0.044946651,0.488842571,4.13811744,0.375,4.661228574,-2.11703125,0.097298098,2.119265966,19.47205626,0.34375,4.643637687,-0.038548438,0.056284101,0.068219367,6.491213,0.34375,4.764881485,0.047032813,0.030172437,0.055878989,1.867626,0.359375,4.573821959,-0.016804688,0.02309518,0.028561947,1.09400744,0.140625,4.689952839,2940,reverse_normal_8,reverse_normal,reversed
-9.311198438,0.136402759,9.312197488,38.21237964,0.375,4.340318767,0.488940625,0.045536118,0.491056486,4.24671248,0.375,4.477710739,-2.121257813,0.098908665,2.123562486,20.26330836,0.375,4.606791128,-0.039835938,0.048362635,0.062656575,4.81402944,0.375,4.6909594,0.047748438,0.026966461,0.054837061,1.49060096,0.375,4.532352899,-0.01838125,0.022490358,0.029046283,1.03881482,0.375,4.541794594,4342.5,reverse_normal_7,reverse_normal,reversed
-9.30955625,0.119547711,9.310323798,29.27187328,0.390625,4.201778352,0.488640625,0.083248372,0.495681301,14.19874944,0.390625,4.200708065,-2.1199875,0.115844525,2.123150243,27.98968128,0.390625,4.684558568,-0.048539063,0.084913383,0.097807583,14.7688172,0.15625,4.558929623,0.046575,0.033195571,0.0571942,2.25682946,0.390625,4.357396752,-0.018021875,0.043144302,0.046757018,3.81565472,0.390625,4.41989495,5670,reverse_normal_1,reverse_normal,reversed
-9.308584375,0.133470743,9.309541208,36.55746912,0.390625,4.402267858,0.489542188,0.089055381,0.497576541,16.29382732,0.40625,4.474132322,-2.125857813,0.091475463,2.127824993,17.4289446,0.171875,4.785767907,-0.045990625,0.06802383,0.082111991,9.47745582,0.140625,4.597545617,0.046896875,0.035100828,0.058578025,2.5345255,0.390625,4.371375589,-0.019065625,0.041328668,0.045514359,3.50326574,0.390625,4.594013196,5088.75,reverse_normal_2,reverse_normal,reversed
-9.317671875,0.109633923,9.318316842,24.63780832,0.359375,4.29396891,0.48744375,0.080940454,0.494118171,13.41883832,0.359375,4.459492148,-2.113440625,0.110810329,2.116343593,25.17429792,0.359375,4.500157477,-0.042876563,0.068258728,0.080608024,9.5471222,0.171875,4.586975399,0.0463875,0.038147622,0.060058648,2.98122418,0.359375,4.388245633,-0.019170313,0.035150848,0.040038519,2.53056596,0.359375,4.492852876,2829.375,reverse_normal_10,reverse_normal,reversed
-9.31236875,0.090558517,9.31280906,16.7961385,0.34375,4.479954282,0.492495313,0.054716718,0.495525531,6.18689116,0.34375,4.579903398,-2.112440625,0.106293769,2.115113179,23.295964,0.265625,4.590503231,-0.039928125,0.065731738,0.076908495,8.86887486,0.140625,4.713775712,0.043854688,0.030940694,0.05367085,1.9613536,0.34375,4.545820015,-0.016001563,0.027071921,0.031447399,1.51522008,0.140625,4.706607997,2851.875,reverse_normal_9,reverse_normal,reversed
-9.310792187,0.121751632,9.31158819,30.94175364,0.390625,4.482674134,0.489764063,0.084939014,0.497074917,15.16780688,0.390625,4.588748705,-2.125185937,0.099793106,2.127527657,20.51593352,0.171875,4.794107911,-0.053795313,0.076256804,0.093322215,11.94446408,0.15625,4.574227461,0.047142188,0.034837555,0.058617754,2.49447708,0.390625,4.621339847,-0.019007813,0.042672204,0.046714172,3.74276808,0.390625,4.548325178,5186.25,reverse_normal_2,reverse_normal,reversed
-9.313439063,0.120168037,9.314214273,29.62381088,0.359375,4.265322516,0.484453125,0.08484763,0.491827155,14.75041088,0.359375,4.488192864,-2.11195,0.11520576,2.115089873,27.438136,0.359375,4.613939763,-0.043309375,0.059666863,0.073728126,7.29230766,0.359375,4.635552437,0.047109375,0.0383355,0.060736346,3.01074806,0.359375,4.330640683,-0.019215625,0.03363604,0.038737881,2.31806736,0.359375,4.499152643,2773.125,reverse_normal_10,reverse_normal,reversed
-9.307829688,0.157382486,9.309160152,51.0064966,0.375,4.245940359,0.491182813,0.087380561,0.498894696,15.66144412,0.375,4.230527114,-2.119726563,0.089121771,2.121599253,16.27056312,0.375,4.603178869,-0.041310938,0.052060836,0.066459944,5.5510672,0.375,4.532313215,0.044390625,0.033535605,0.055634201,2.31414902,0.375,4.318817581,-0.016703125,0.036659416,0.040285322,2.7650695,0.375,4.404881723,6390,reverse_normal_2,reverse_normal,reversed
-9.311048438,0.153909059,9.312320388,48.9269798,0.375,4.193362808,0.490626563,0.04474198,0.492662429,4.10912152,0.375,4.48362294,-2.126348438,0.093129777,2.128386909,18.09792068,0.375,4.652158616,-0.044667188,0.04616831,0.064239166,4.4321334,0.375,4.740215713,0.048226563,0.023062119,0.05345711,1.09201224,0.375,4.654991453,-0.019582813,0.025072536,0.031813811,1.28847356,0.375,4.575497095,3528.75,reverse_normal_7,reverse_normal,reversed
-9.315848438,0.113915251,9.316544896,26.6038856,0.359375,4.209176033,0.490957813,0.079490795,0.497351345,12.99384988,0.359375,4.383572621,-2.118196875,0.09594731,2.120368809,18.86328774,0.359375,4.421446111,-0.039760937,0.059604411,0.071649271,7.28008668,0.140625,4.454865242,0.046514062,0.031598046,0.056231615,2.04570964,0.359375,4.348817054,-0.0175625,0.029648464,0.034459727,1.80255474,0.359375,4.467088413,4805.625,reverse_normal_14,reverse_normal,reversed
-9.309514063,0.167696123,9.31102433,57.62913304,0.375,4.291887158,0.489539063,0.054959023,0.492614441,6.18608028,0.375,4.58843643,-2.123275,0.113250321,2.126293103,26.71644274,0.375,4.610961261,-0.041042188,0.070795111,0.081831589,10.27488024,0.140625,4.538347116,0.047132813,0.023725218,0.0527673,1.15314688,0.375,4.465899418,-0.01803125,0.034170743,0.038636325,2.39254618,0.375,4.471623869,3363.75,reverse_normal_7,reverse_normal,reversed
-9.306184375,0.149994933,9.307393088,46.2856744,0.390625,4.283765997,0.493128125,0.090173311,0.501304871,16.73557552,0.390625,4.343025081,-2.114826563,0.083338336,2.11646797,14.25142488,0.375,4.515594346,-0.043835938,0.051599825,0.067706214,5.46772964,0.390625,4.620555441,0.044939063,0.034907738,0.056904038,2.49654564,0.390625,4.265852401,-0.017071875,0.036733178,0.040506485,2.76763408,0.390625,4.440895167,5996.25,reverse_normal_2,reverse_normal,reversed
-9.3115,0.165311814,9.312967317,55.9684653,0.390625,4.123232835,0.490659375,0.078608354,0.496916387,12.65608494,0.390625,4.133646269,-2.122646875,0.097103897,2.124866801,19.54349574,0.390625,4.468660461,-0.04683125,0.050728218,0.069039975,5.27050842,0.390625,4.649836107,0.047042188,0.029391633,0.05546923,1.77188824,0.390625,4.440646751,-0.019671875,0.038996119,0.043676996,3.11456864,0.390625,4.455411517,6860.625,reverse_normal_3,reverse_normal,reversed
-9.310817188,0.122280949,9.311620124,30.66294688,0.34375,4.46319661,0.481798438,0.076821092,0.487884427,12.14814816,0.34375,4.500108458,-2.112509375,0.108421564,2.115289837,24.426012,0.34375,4.565011426,-0.039025,0.046441892,0.060661355,4.4220688,0.140625,4.732254021,0.046514063,0.034776132,0.058076995,2.47680888,0.34375,4.417544254,-0.019204687,0.02841509,0.034296317,1.65376928,0.34375,4.57140555,2370,reverse_normal_11,reverse_normal,reversed
-9.3174875,0.088424789,9.317907075,16.07756456,0.34375,4.229558144,0.493501563,0.075691073,0.499272401,11.74232096,0.34375,4.211640122,-2.11434375,0.083945961,2.11600955,14.48279032,0.34375,4.640584485,-0.039909375,0.040752694,0.057039813,3.41034032,0.34375,4.591702345,0.0463875,0.030127508,0.055312448,1.85992296,0.34375,4.262796331,-0.016384375,0.022828937,0.028099967,1.06784208,0.34375,4.500387718,4132.5,reverse_normal_12,reverse_normal,reversed
-9.314754687,0.123149265,9.315568723,31.05951188,0.359375,4.199574272,0.486432813,0.047330708,0.488730066,4.59144092,0.359375,4.477472082,-2.121328125,0.107543528,2.124052406,23.73623504,0.359375,4.480964534,-0.040651562,0.056796559,0.069845534,6.62239868,0.359375,4.645539214,0.049142188,0.029649577,0.057393833,1.80495168,0.359375,4.500359046,-0.017570313,0.024219134,0.029921269,1.20135892,0.359375,4.389616233,4160.625,reverse_normal_8,reverse_normal,reversed
-9.306559375,0.166034667,9.308040337,56.45898358,0.390625,4.197740641,0.489573438,0.071905472,0.494825775,10.59105308,0.390625,4.347694679,-2.116853125,0.103151815,2.119364869,21.8115687,0.390625,4.497591673,-0.04249375,0.054281874,0.068936497,6.03843722,0.390625,4.698202909,0.045390625,0.029717744,0.0542536,1.80948752,0.390625,4.556849999,-0.019517187,0.038020379,0.042737218,2.96786596,0.390625,4.505813686,6440.625,reverse_normal_4,reverse_normal,reversed
-9.311123438,0.167364146,9.312627472,57.38090932,0.375,4.287430097,0.494135937,0.088479462,0.50199496,16.0365066,0.375,4.221707114,-2.116585938,0.093775675,2.118662292,18.0490324,0.375,4.465294424,-0.044951563,0.04995172,0.067199831,5.11014524,0.375,4.757829432,0.045779688,0.030869833,0.055215273,1.96335448,0.375,4.429974554,-0.016225,0.038094676,0.041405978,2.97684898,0.375,4.451619873,6750,reverse_normal_3,reverse_normal,reversed
-9.312203125,0.120368166,9.312981023,29.68050288,0.34375,4.338552689,0.492014063,0.070683126,0.49706533,10.24683088,0.34375,4.482800407,-2.116926562,0.094745195,2.11904571,18.38475104,0.34375,4.488774496,-0.043965625,0.043775358,0.06204239,3.92500144,0.34375,4.724682272,0.048010938,0.031363549,0.057347383,2.01622536,0.34375,4.356595827,-0.019210937,0.025547371,0.031964485,1.33842264,0.34375,4.548436771,2283.75,reverse_normal_11,reverse_normal,reversed
-9.318757813,0.13528331,9.319739736,37.67812536,0.40625,4.274502218,0.494109375,0.076582386,0.500008936,12.01843694,0.40625,4.464293308,-2.101021875,0.108983005,2.103846528,24.90294368,0.40625,4.68744168,-0.04069375,0.084288402,0.093597628,14.55158848,0.40625,4.587061941,0.04854375,0.038666191,0.062061018,3.06314232,0.40625,4.378993532,-0.016054687,0.032490811,0.036240941,2.16303032,0.40625,4.612171659,5280,reverse_normal_0,reverse_normal,reversed
-9.312432813,0.165869443,9.313909896,56.37643248,0.390625,4.300931371,0.490057812,0.07441641,0.495675763,11.37009888,0.390625,4.341494385,-2.120295312,0.104229979,2.122855648,22.39813804,0.390625,4.500602547,-0.046940625,0.05230523,0.070279865,5.60424438,0.390625,4.733243686,0.04700625,0.02846899,0.054955172,1.66002842,0.390625,4.445230268,-0.019382813,0.038280195,0.042907653,3.01029176,0.390625,4.571395518,6560.625,reverse_normal_4,reverse_normal,reversed
-9.3126875,0.124840954,9.313524238,32.3821124,0.34375,4.366938253,0.484342188,0.075777181,0.490234164,11.78692228,0.34375,4.568979609,-2.112510937,0.100212651,2.11488653,20.66219872,0.34375,4.527246263,-0.041971875,0.04208877,0.059439909,3.65604384,0.34375,4.755047353,0.047809375,0.035072237,0.059294166,2.53152246,0.34375,4.492330154,-0.0192375,0.027196395,0.03331254,1.51800674,0.34375,4.566210988,2295,reverse_normal_11,reverse_normal,reversed
-9.316217188,0.176684211,9.317892465,64.57682392,0.359375,4.112097733,0.493839063,0.060277389,0.497504154,7.50318636,0.359375,4.516793564,-2.116692188,0.126117173,2.120446028,32.57528212,0.359375,4.560209834,-0.0447,0.07795657,0.089862767,12.45519232,0.125,4.524801959,0.047651563,0.027163768,0.054850175,1.51121564,0.359375,4.359659245,-0.0177125,0.037293488,0.041286037,2.85896672,0.359375,4.420182741,3885,reverse_normal_6,reverse_normal,reversed
-9.312135937,0.176895382,9.313815958,64.16777708,0.359375,4.288690531,0.494176562,0.05968905,0.497768277,7.30074688,0.359375,4.632943072,-2.116467188,0.122696256,2.12002069,31.19048048,0.359375,4.754429768,-0.044557813,0.078644975,0.090390435,12.66806444,0.125,4.617814957,0.047078125,0.025560837,0.053569639,1.34198118,0.359375,4.56284153,-0.018503125,0.036408764,0.040840712,2.72107456,0.359375,4.525443971,3735,reverse_normal_6,reverse_normal,reversed
-9.3128875,0.0973324,9.313396114,19.44680488,0.34375,4.074815321,0.485723438,0.073866336,0.491307941,11.21155304,0.34375,4.080921788,-2.118235938,0.093690243,2.1203069,18.07293892,0.34375,4.554211809,-0.039729688,0.040439309,0.056690262,3.35045688,0.34375,4.726656295,0.047348438,0.028292821,0.055157577,1.64574136,0.34375,4.409019847,-0.01839375,0.022864286,0.029344601,1.0740889,0.34375,4.570394159,4380,reverse_normal_13,reverse_normal,reversed
-9.31134375,0.124621365,9.312177668,31.86594506,0.359375,4.439259208,0.480860938,0.083258841,0.488015651,14.21607364,0.359375,4.558869738,-2.11430625,0.114920123,2.117427107,27.21515584,0.359375,4.673629935,-0.039535938,0.057732512,0.069972375,6.82694136,0.140625,4.783128415,0.046342188,0.037122082,0.059377162,2.82232756,0.359375,4.478567618,-0.01955,0.032583609,0.037998606,2.17502144,0.359375,4.502277568,2632.5,reverse_normal_11,reverse_normal,reversed
-9.310640625,0.107018977,9.311255657,23.47035392,0.34375,4.35376158,0.496796875,0.074030279,0.502282408,11.26944848,0.34375,4.431885631,-2.115571875,0.090553989,2.117509004,16.82121638,0.34375,4.569376321,-0.044107812,0.044617809,0.062739525,4.07809788,0.34375,4.688171738,0.047579687,0.03087995,0.056722112,1.95873524,0.34375,4.396263996,-0.01855,0.023813514,0.030185857,1.1621949,0.34375,4.54880211,2617.5,reverse_normal_12,reverse_normal,reversed
-9.314682813,0.091098521,9.315128278,17.00361124,0.359375,4.44702029,0.493240625,0.059253206,0.496786933,7.24732944,0.34375,4.470401828,-2.111876563,0.103244108,2.114398723,21.88423076,0.359375,4.565613376,-0.039409375,0.074423536,0.084213785,11.34365584,0.109375,4.538239773,0.044845313,0.030995634,0.054514506,1.97254376,0.359375,4.541640406,-0.015976563,0.028792098,0.032927731,1.70614624,0.140625,4.610461637,3020.625,reverse_normal_9,reverse_normal,reversed
-9.316025,0.133842662,9.316986404,36.76363144,0.40625,4.199362789,0.495940625,0.080905714,0.502496605,13.42186446,0.40625,4.310765158,-2.105098437,0.093536735,2.107175492,18.2538256,0.40625,4.674789295,-0.039996875,0.073939107,0.084063914,11.20106448,0.40625,4.612769502,0.048034375,0.035684732,0.059838961,2.60797334,0.40625,4.480851633,-0.015440625,0.032051388,0.035576739,2.10402742,0.40625,4.588421049,5662.5,reverse_normal_0,reverse_normal,reversed
-9.3155,0.13242913,9.316441259,35.9586237,0.40625,4.198591959,0.496278125,0.081182284,0.502874279,13.5107907,0.40625,4.297386246,-2.105845312,0.095853296,2.108025696,18.93623732,0.40625,4.722640262,-0.036332813,0.071005889,0.079761579,10.33029828,0.40625,4.526930217,0.048295313,0.035631422,0.06001696,2.60034736,0.40625,4.491777267,-0.0150625,0.031162204,0.034611586,1.99018242,0.40625,4.542611071,5696.25,reverse_normal_0,reverse_normal,reversed
-9.310453125,0.17371201,9.312073521,61.884956,0.375,4.222504923,0.492834375,0.067651541,0.49745598,9.37921712,0.375,4.491742579,-2.120110938,0.1106879,2.122998398,25.09194064,0.375,4.586717034,-0.03765,0.067445547,0.077242633,9.31962882,0.15625,4.664038014,0.0451875,0.031075249,0.054841419,1.9843069,0.375,4.648823834,-0.016648438,0.042166845,0.04533446,3.64401648,0.375,4.575662061,5893.125,reverse_normal_4,reverse_normal,reversed
-9.316398438,0.13025948,9.31730902,34.75698424,0.40625,4.267856219,0.49975,0.086150615,0.507121278,15.22601032,0.40625,4.39900114,-2.108985938,0.103896609,2.111543556,22.6572424,0.40625,4.742689059,-0.037551563,0.063743603,0.073982205,8.3349612,0.40625,4.610236918,0.04635,0.033966261,0.057463287,2.3635213,0.40625,4.476480112,-0.014745313,0.033340028,0.036455202,2.27740716,0.40625,4.413910656,6172.5,reverse_normal_0,reverse_normal,reversed
-9.307498438,0.134049424,9.308463698,36.84024784,0.375,4.46970964,0.488640625,0.0457967,0.490782027,4.30306048,0.375,4.588030117,-2.116245313,0.096982629,2.118466392,19.57850488,0.375,4.585217702,-0.038390625,0.047974048,0.061443872,4.74855054,0.375,4.719414418,0.04803125,0.028193228,0.055694336,1.63086474,0.375,4.539132848,-0.01798125,0.022751462,0.028999213,1.06040682,0.375,4.493975679,4320,reverse_normal_7,reverse_normal,reversed
-9.313407813,0.171870289,9.314993531,60.66879216,0.375,4.315640659,0.493392188,0.057243871,0.496701834,6.71101296,0.375,4.594733418,-2.127653125,0.117463285,2.130893109,28.6823904,0.375,4.718884059,-0.0458625,0.072708883,0.085964822,10.88012258,0.140625,4.680697124,0.045984375,0.024519917,0.052113233,1.23224462,0.359375,4.501862987,-0.018673438,0.035077914,0.039738613,2.52001504,0.375,4.517945263,3566.25,reverse_normal_6,reverse_normal,reversed
-9.30910625,0.183158254,9.310907911,68.79092298,0.375,3.907487607,0.489921875,0.06936692,0.494808259,9.85524126,0.375,4.123278511,-2.115209375,0.119407846,2.118577101,29.20867504,0.375,4.478372408,-0.044928125,0.077226189,0.089344393,12.22507584,0.375,4.430776942,0.04671875,0.03238618,0.056846339,2.14822272,0.375,4.247445621,-0.018040625,0.045122277,0.048595103,4.170112,0.375,4.049860411,5812.5,reverse_normal_4,reverse_normal,reversed
-9.311346875,0.129070508,9.312241396,34.26448198,0.390625,4.321370985,0.495598438,0.085481609,0.502916411,15.03470312,0.390625,4.409524248,-2.1082375,0.104333531,2.110817577,22.4348805,0.390625,4.802198393,-0.03565,0.060833471,0.070509813,7.57964146,0.125,4.723836715,0.045914063,0.032993015,0.056538838,2.24441376,0.390625,4.567430532,-0.015360937,0.033738885,0.037071158,2.34854316,0.390625,4.564316391,6247.5,reverse_normal_0,reverse_normal,reversed
-9.316029687,0.090614763,9.316470371,16.85944752,0.34375,4.245144359,0.492301563,0.080033732,0.498764701,13.13666848,0.34375,4.160524813,-2.11905625,0.089982765,2.120965886,16.60620928,0.34375,4.545121189,-0.041045313,0.040439449,0.05762002,3.35195508,0.34375,4.551250979,0.04630625,0.029389187,0.054845174,1.77056632,0.34375,4.278394872,-0.017025,0.023547771,0.029057669,1.13572946,0.34375,4.508394286,4042.5,reverse_normal_12,reverse_normal,reversed
-9.312615625,0.126809202,9.313478961,32.93416718,0.34375,4.269662963,0.483857813,0.071517192,0.489114599,10.4750228,0.34375,4.353332505,-2.117375,0.103151088,2.119886091,21.86816672,0.34375,4.371362335,-0.043746875,0.043995898,0.06204376,3.9643848,0.34375,4.711166206,0.047539063,0.032273115,0.057458824,2.13313528,0.34375,4.352972321,-0.019609375,0.026283013,0.032792139,1.41606254,0.34375,4.561424401,2163.75,reverse_normal_11,reverse_normal,reversed
-9.317528125,0.098574137,9.31804954,19.9293155,0.34375,4.348787627,0.49806875,0.075708431,0.503789883,11.73959962,0.34375,4.18952377,-2.114676563,0.083960003,2.116342658,14.5158534,0.34375,4.455773951,-0.046246875,0.041280587,0.061990808,3.49253318,0.34375,4.635334361,0.047085937,0.030925793,0.056333739,1.96016932,0.34375,4.175289529,-0.01758125,0.023168627,0.029084113,1.10120896,0.34375,4.565339166,3187.5,reverse_normal_12,reverse_normal,reversed
-9.312923438,0.125284329,9.313766108,32.26741436,0.359375,4.33284521,0.485982813,0.046821368,0.488233074,4.49212364,0.359375,4.566084093,-2.121703125,0.106139551,2.124356315,23.12968976,0.359375,4.522264588,-0.042360937,0.056251752,0.070418098,6.50493472,0.359375,4.666448785,0.049184375,0.030022321,0.057623281,1.8468008,0.359375,4.523674594,-0.019265625,0.024394769,0.031084869,1.21966496,0.359375,4.57496165,4213.125,reverse_normal_8,reverse_normal,reversed
-9.309817187,0.129510797,9.31071797,34.79875168,0.390625,4.331987266,0.489617188,0.087787317,0.497424973,15.9537298,0.40625,4.487959829,-2.124846875,0.092806817,2.126872668,17.76136144,0.171875,4.733834683,-0.046815625,0.068479496,0.082952662,9.61693632,0.140625,4.608295984,0.046575,0.035141073,0.058344885,2.57484834,0.40625,4.454544522,-0.019935938,0.040528803,0.045166641,3.38562296,0.40625,4.574089471,5096.25,reverse_normal_2,reverse_normal,reversed
-9.318048438,0.177601973,9.31974083,64.65591312,0.359375,4.37130848,0.494289063,0.059689365,0.497880003,7.3015072,0.359375,4.633166189,-2.1232375,0.126599649,2.127008451,32.99631058,0.359375,4.686997097,-0.042889063,0.079272523,0.090131041,12.87206232,0.125,4.635898547,0.046040625,0.026337608,0.053041576,1.42091856,0.359375,4.494484282,-0.016673438,0.036626136,0.04024273,2.7484952,0.359375,4.595900145,3768.75,reverse_normal_6,reverse_normal,reversed
-9.31554375,0.091475529,9.315992869,17.13759,0.359375,4.528419877,0.494510938,0.058837852,0.497998956,7.1157892,0.34375,4.532396558,-2.110526563,0.102875711,2.113032367,21.6848388,0.359375,4.617453659,-0.04173125,0.073267705,0.084318763,10.99794506,0.109375,4.54204414,0.045645313,0.032237924,0.055881824,2.14088772,0.359375,4.593745515,-0.01664375,0.029129897,0.033549446,1.74524986,0.140625,4.660152464,3046.875,reverse_normal_9,reverse_normal,reversed
-9.311351563,0.173080074,9.312960036,61.36234236,0.375,4.317461822,0.492082812,0.057403263,0.495419649,6.7550826,0.375,4.633505126,-2.123053125,0.119278334,2.12640116,29.54273328,0.28125,4.732261669,-0.04369375,0.072697115,0.084817536,10.84015946,0.140625,4.636949749,0.0466,0.024909229,0.05283966,1.27331392,0.359375,4.552964846,-0.018528125,0.035070387,0.039663881,2.5242259,0.359375,4.525538325,3600,reverse_normal_6,reverse_normal,reversed
-9.319728125,0.097426625,9.320237351,19.44502064,0.359375,4.122363164,0.492828125,0.070126117,0.497792359,10.11121136,0.359375,4.56665979,-2.108989063,0.102818387,2.111493899,21.65400024,0.359375,4.596301752,-0.039209375,0.073949746,0.083701493,11.20316576,0.109375,4.446388452,0.046420313,0.034515319,0.057845939,2.43993008,0.359375,4.338485295,-0.01665,0.03028144,0.034557027,1.87988002,0.359375,4.42360518,3020.625,reverse_normal_10,reverse_normal,reversed
-9.32235,0.093586309,9.322819741,17.93737042,0.359375,4.179885897,0.492792188,0.066918353,0.497314997,9.23292568,0.359375,4.535846936,-2.110975,0.09679996,2.113193243,19.1915056,0.359375,4.535083202,-0.040145312,0.069531348,0.08028857,9.91368116,0.15625,4.507520527,0.045057813,0.034257964,0.056602248,2.40766256,0.359375,4.459938875,-0.016371875,0.030926811,0.034992941,1.97504574,0.359375,4.639017456,3050.625,reverse_normal_10,reverse_normal,reversed
-9.316779688,0.098701807,9.317302495,19.98323708,0.34375,4.332997812,0.496534375,0.077604378,0.50256226,12.33520598,0.34375,4.189559517,-2.116023438,0.087744143,2.117841879,15.80228632,0.34375,4.501638438,-0.046392188,0.039887605,0.061182155,3.2692892,0.34375,4.644687892,0.047409375,0.030840136,0.056557606,1.9497664,0.34375,4.217495332,-0.018284375,0.023851528,0.030053515,1.16516272,0.34375,4.499174836,3266.25,reverse_normal_12,reverse_normal,reversed
-9.31845625,0.169460873,9.319996989,58.8143372,0.375,4.35204004,0.494140625,0.056592465,0.497370751,6.56550606,0.375,4.628147266,-2.128775,0.114554975,2.131855024,26.95938498,0.375,4.699064388,-0.045810937,0.07279366,0.086009063,10.86239204,0.140625,4.638970522,0.046354688,0.024708367,0.052528663,1.2509554,0.375,4.554312044,-0.017603125,0.034857581,0.039050236,2.48872198,0.375,4.477379455,3532.5,reverse_normal_6,reverse_normal,reversed
-9.303565625,0.169388,9.305107503,58.76199952,0.375,4.183700035,0.490242188,0.088285745,0.498128272,15.9630182,0.375,4.24531763,-2.114901563,0.096485746,2.117101348,19.0688112,0.375,4.414418945,-0.045154688,0.049316563,0.066866054,4.99016888,0.375,4.671115361,0.045325,0.031488872,0.055189715,2.03176896,0.375,4.437228605,-0.01845,0.038729954,0.042900022,3.0743312,0.375,4.491732958,6802.5,reverse_normal_3,reverse_normal,reversed
-9.315954688,0.084182681,9.316335034,14.5305198,0.34375,4.338298379,0.496084375,0.078878523,0.502316164,12.74251478,0.34375,4.167464175,-2.11740625,0.083047597,2.119034245,14.12761098,0.34375,4.567414904,-0.042942188,0.037649356,0.057109592,2.91036788,0.34375,4.558049423,0.046879688,0.030819283,0.056102881,1.94575692,0.34375,4.228248347,-0.017895312,0.023978776,0.029920293,1.17806496,0.34375,4.36443736,3660,reverse_normal_12,reverse_normal,reversed
-9.306223438,0.138096442,9.307247998,39.1237328,0.390625,4.32562286,0.490660938,0.089129808,0.498690564,16.3888794,0.390625,4.465830498,-2.119389063,0.079019264,2.120861627,12.78808792,0.390625,4.698048573,-0.043520313,0.054946312,0.070093615,6.18332956,0.109375,4.660153926,0.045445312,0.03464222,0.057143327,2.45846648,0.390625,4.314556702,-0.0178375,0.037235456,0.041287475,2.84504296,0.390625,4.566161894,5508.75,reverse_normal_2,reverse_normal,reversed
-9.308429688,0.124682186,9.309264681,31.83749888,0.390625,4.138551979,0.49238125,0.0828752,0.499307114,14.06744704,0.390625,4.099073998,-2.116507813,0.116327039,2.119702173,28.21680068,0.390625,4.657058763,-0.049771875,0.082203073,0.096096746,13.84089118,0.15625,4.541022542,0.046528125,0.034076557,0.057672161,2.37853696,0.390625,4.429507229,-0.018864063,0.042779286,0.046753825,3.75154796,0.390625,4.279429898,5970,reverse_normal_1,reverse_normal,reversed
-9.308879688,0.17057222,9.310442305,59.70789264,0.390625,4.067179858,0.490134375,0.085392991,0.497517506,14.98694766,0.390625,4.120217019,-2.121035938,0.10039429,2.123410573,20.6451572,0.375,4.394252866,-0.0466,0.048917641,0.067561051,4.93064674,0.390625,4.704364897,0.0461875,0.030169663,0.055167869,1.86410818,0.375,4.35160589,-0.019007813,0.039064531,0.043443464,3.126342,0.390625,4.242288336,6907.5,reverse_normal_3,reverse_normal,reversed
-9.312584375,0.183294238,9.314388038,68.87150544,0.375,3.83995073,0.491079688,0.069384288,0.495957094,9.85978532,0.375,4.133697609,-2.112217187,0.122173191,2.11574756,30.57412948,0.375,4.455517462,-0.04440625,0.07779143,0.089573554,12.39368138,0.375,4.397623929,0.04695625,0.032287879,0.056985933,2.13650186,0.375,4.235309442,-0.016771875,0.045360406,0.048361784,4.2145879,0.375,4.113661654,5655,reverse_normal_4,reverse_normal,reversed
-9.320554688,0.092102007,9.321009734,17.38587096,0.359375,4.481536256,0.492864063,0.06254024,0.496816129,8.12136672,0.359375,4.575629169,-2.111685938,0.100772015,2.114089047,20.82727924,0.359375,4.528074499,-0.043489062,0.074815561,0.086537083,11.47774124,0.15625,4.575731318,0.045045313,0.033474869,0.056121716,2.29492104,0.359375,4.573042248,-0.017125,0.032152313,0.036428517,2.1263301,0.15625,4.649093186,3061.875,reverse_normal_9,reverse_normal,reversed
-9.315845312,0.111999664,9.316518546,25.71025884,0.359375,4.262969382,0.494065625,0.080860084,0.500638787,13.49949846,0.359375,4.391983661,-2.118828125,0.095638452,2.120985464,18.79952064,0.3125,4.437147992,-0.040601563,0.051079055,0.065249956,5.34419516,0.140625,4.661955977,0.046285938,0.032503831,0.056558704,2.1652724,0.359375,4.458253633,-0.017089063,0.027400349,0.032292649,1.5447836,0.359375,4.649965259,4783.125,reverse_normal_14,reverse_normal,reversed
-9.31059375,0.128861465,9.311485448,34.03631168,0.34375,4.26220591,0.483520313,0.072552688,0.488933314,10.80015308,0.34375,4.40577303,-2.11453125,0.104651124,2.117119332,22.51427672,0.34375,4.399823163,-0.043117188,0.044576741,0.062017559,4.06963492,0.34375,4.669795551,0.048371875,0.032212631,0.058116193,2.12677342,0.34375,4.428680101,-0.019623438,0.026812531,0.033226361,1.47303448,0.34375,4.515211734,2148.75,reverse_normal_11,reverse_normal,reversed
-9.315879688,0.104000858,9.316460193,22.15731168,0.34375,4.485140055,0.487070313,0.045718014,0.489211229,4.28563016,0.359375,4.684567012,-2.1192,0.100680626,2.121590259,20.94033362,0.34375,4.677104441,-0.041995313,0.057129831,0.070904329,6.68492864,0.34375,4.783302858,0.046395313,0.029808998,0.055146182,1.81981368,0.359375,4.455390513,-0.017370313,0.02331222,0.029072106,1.11353336,0.140625,4.73953094,3018.75,reverse_normal_8,reverse_normal,reversed
-9.317826563,0.175370121,9.31947673,63.68213756,0.359375,4.133627614,0.493728125,0.060156217,0.497379364,7.4643799,0.359375,4.415534158,-2.11504375,0.126786566,2.118840461,32.98919178,0.359375,4.663086978,-0.046179688,0.078850145,0.091377836,12.76156444,0.125,4.565781352,0.047575,0.026779948,0.054594379,1.46914162,0.359375,4.417289801,-0.017440625,0.037569185,0.041420032,2.89541904,0.359375,4.33203887,4010.625,reverse_normal_6,reverse_normal,reversed
-9.316592188,0.091269877,9.317039239,17.1056208,0.34375,4.207643109,0.49091875,0.080605747,0.497492217,13.30749162,0.34375,4.149014371,-2.119053125,0.091273805,2.121017929,17.10231104,0.34375,4.562701686,-0.0412,0.040912288,0.058062512,3.43138514,0.34375,4.565186488,0.046292188,0.029864383,0.055089454,1.82657564,0.34375,4.209980366,-0.016792188,0.023198689,0.028638378,1.10222212,0.34375,4.490036917,3982.5,reverse_normal_12,reverse_normal,reversed
-9.304425,0.153928511,9.305698177,48.5790109,0.390625,4.215458617,0.493764063,0.091371505,0.502147091,17.14595368,0.390625,4.298780383,-2.115051562,0.086490845,2.11681926,15.3217826,0.375,4.524718804,-0.044171875,0.051981723,0.068214764,5.5426912,0.375,4.612845858,0.044751563,0.034999638,0.056812649,2.50908356,0.390625,4.253673766,-0.017676563,0.037242653,0.041224702,2.84188232,0.375,4.467954801,6071.25,reverse_normal_2,reverse_normal,reversed
-9.317073438,0.134136463,9.318038958,36.88291236,0.375,4.355929816,0.490475,0.045747018,0.492603812,4.28783328,0.375,4.470082983,-2.120734375,0.098499463,2.123020592,19.891168,0.375,4.470631359,-0.04029375,0.047133739,0.06200948,4.55025898,0.375,4.687736713,0.047357813,0.026208484,0.054126214,1.41032676,0.375,4.531069078,-0.017232813,0.022638629,0.028451315,1.05630864,0.375,4.488576933,4207.5,reverse_normal_7,reverse_normal,reversed
-9.316292188,0.104329029,9.316876336,22.29871496,0.359375,4.258597322,0.488639063,0.07428327,0.494253111,11.33433556,0.34375,4.41501771,-2.116476563,0.094549177,2.118587404,18.35382404,0.359375,4.498611661,-0.033179688,0.043585649,0.054777737,3.89069208,0.359375,4.59413561,0.045098438,0.029225719,0.053740224,1.75053916,0.359375,4.438140987,-0.01543125,0.023695212,0.028276962,1.15042752,0.34375,4.466519637,4245,reverse_normal_13,reverse_normal,reversed
-9.315429688,0.112008027,9.316103051,25.6965546,0.34375,3.926967942,0.491146875,0.078953121,0.497452358,12.84074686,0.34375,4.254044071,-2.120023438,0.100984476,2.122427205,21.1147292,0.34375,4.478582577,-0.039909375,0.045587782,0.060588811,4.26501238,0.34375,4.634046686,0.045075,0.033466789,0.05614073,2.29391112,0.34375,3.93284189,-0.016379688,0.026112408,0.030824536,1.40175972,0.34375,4.429518362,4295.625,reverse_normal_14,reverse_normal,reversed
-9.313746875,0.125490902,9.314592252,32.252016,0.359375,4.433515915,0.488604688,0.047873445,0.490944404,4.69724584,0.359375,4.687192652,-2.119010938,0.102447624,2.121486005,21.52579168,0.359375,4.551434558,-0.0387625,0.053066893,0.065716258,5.7727501,0.359375,4.704119927,0.049025,0.029110522,0.057016429,1.73975328,0.359375,4.629721305,-0.017410937,0.024369872,0.029950483,1.21630212,0.359375,4.647598051,4265.625,reverse_normal_8,reverse_normal,reversed
-9.317857813,0.10920352,9.318497713,24.47778604,0.359375,4.286166455,0.489351563,0.079237316,0.49572523,12.86655208,0.359375,4.485279453,-2.112317188,0.109476181,2.115152225,24.58883312,0.359375,4.508128047,-0.041740625,0.068537079,0.080247186,9.6410239,0.171875,4.57736878,0.04596875,0.038166424,0.059747819,2.98353674,0.359375,4.387197164,-0.018154688,0.035186973,0.039594391,2.53591156,0.359375,4.474783383,2833.125,reverse_normal_10,reverse_normal,reversed
-9.308279688,0.170841601,9.309847345,59.78242416,0.375,4.055663277,0.491515625,0.087230417,0.499196109,15.60421616,0.375,4.16108378,-2.116695313,0.09694033,2.118913984,19.3795246,0.375,4.51993276,-0.04889375,0.049125703,0.069310414,4.94339978,0.375,4.741450668,0.046782813,0.031266728,0.056269351,2.0025948,0.375,4.343501779,-0.018414062,0.039484443,0.043567177,3.19335904,0.375,4.396458136,6881.25,reverse_normal_3,reverse_normal,reversed
-9.312173438,0.176840583,9.31385241,64.15865372,0.359375,4.285693383,0.493503125,0.058369371,0.496942972,6.98582256,0.359375,4.573449585,-2.124285938,0.120488649,2.127700228,30.31994012,0.359375,4.699080147,-0.0495375,0.074312025,0.089309803,11.36380968,0.140625,4.680676836,0.046640625,0.025481235,0.053147354,1.3324319,0.359375,4.515239916,-0.019703125,0.035807829,0.040870695,2.62635584,0.359375,4.514199318,3701.25,reverse_normal_6,reverse_normal,reversed
-9.311842188,0.093190247,9.312308486,17.84747264,0.375,4.44371059,0.490289063,0.052175956,0.493057497,5.58853568,0.375,4.456728441,-2.115764063,0.106176075,2.118426522,23.28913408,0.375,4.588609808,-0.041246875,0.069238354,0.080593141,9.83388656,0.140625,4.656011881,0.045079688,0.030510496,0.054434076,1.90748952,0.375,4.50098994,-0.0159,0.028319958,0.032478146,1.64458496,0.140625,4.544912847,2761.875,reverse_normal_9,reverse_normal,reversed
-9.310076563,0.167287346,9.311579386,57.34432088,0.390625,4.19332276,0.49069375,0.074604088,0.496332677,11.39952106,0.390625,4.311376828,-2.120854687,0.104265742,2.123416104,22.33152912,0.390625,4.508790262,-0.046292188,0.052561599,0.070040619,5.66165796,0.390625,4.777304777,0.046365625,0.029204956,0.054796903,1.74967232,0.390625,4.471383741,-0.019239063,0.039414312,0.043859201,3.18160956,0.390625,4.476561826,6620.625,reverse_normal_3,reverse_normal,reversed
-9.317298438,0.132490385,9.318240385,36.0923996,0.40625,4.208204568,0.496726563,0.080561163,0.50321703,13.29340308,0.40625,4.27642244,-2.104648438,0.096740881,2.106870628,19.3294396,0.40625,4.732669362,-0.038251563,0.074445301,0.08369758,11.35035616,0.40625,4.601346969,0.048092187,0.035595327,0.059832147,2.59497412,0.40625,4.490937669,-0.015325,0.031265331,0.034819198,2.0028116,0.40625,4.592573284,5628.75,reverse_normal_0,reverse_normal,reversed
-9.305920313,0.157479061,9.307252684,50.96451076,0.375,4.239244097,0.490620313,0.087711988,0.498399121,15.83991372,0.375,4.266295013,-2.115385938,0.08783712,2.117208781,15.83509096,0.375,4.538130987,-0.0430625,0.051857556,0.06740612,5.51286056,0.375,4.597656808,0.044753125,0.034444389,0.056473517,2.43372254,0.375,4.298967479,-0.017559375,0.037246198,0.041177797,2.84851696,0.375,4.500657068,6296.25,reverse_normal_2,reverse_normal,reversed
-9.318982813,0.172519441,9.320579575,61.09072712,0.375,4.232655129,0.494142188,0.051812555,0.496851127,5.50541836,0.375,4.491819007,-2.118453125,0.124025719,2.122080588,31.55534142,0.375,4.509498187,-0.041960938,0.063552664,0.076155508,8.29514428,0.375,4.697125505,0.046748438,0.025119937,0.053070026,1.29283268,0.375,4.385234563,-0.016395313,0.031387325,0.035411445,2.01762388,0.375,4.43399661,6114.375,reverse_normal_6,reverse_normal,reversed
-9.30843125,0.163641459,9.309869541,54.85418938,0.390625,4.11310494,0.489201563,0.068839972,0.494021366,9.70618904,0.390625,4.264120531,-2.116964063,0.105778776,2.11960515,22.92469428,0.390625,4.579747301,-0.042464063,0.055906678,0.07020508,6.40657932,0.390625,4.622801019,0.046367188,0.030273911,0.055375317,1.87806528,0.390625,4.552427113,-0.019779688,0.038340339,0.043141832,3.01651748,0.390625,4.426241301,6215.625,reverse_normal_4,reverse_normal,reversed
-9.3125875,0.091049541,9.313032587,16.9923069,0.359375,4.473735606,0.49163125,0.060296133,0.49531496,7.47322904,0.359375,4.571082514,-2.114457813,0.104291227,2.117028224,22.2776642,0.359375,4.583219231,-0.0422125,0.073108221,0.084419827,10.94843296,0.109375,4.596769246,0.0456875,0.030579893,0.054977063,1.9159221,0.34375,4.430556599,-0.0170625,0.028405592,0.033136182,1.65272744,0.140625,4.536071703,3016.875,reverse_normal_9,reverse_normal,reversed
-9.310070312,0.120834108,9.310854424,29.90631248,0.34375,4.305529305,0.488721875,0.071157366,0.493874925,10.39293886,0.34375,4.503052341,-2.114420313,0.097514993,2.116667766,19.5772566,0.34375,4.497698292,-0.041434375,0.043963501,0.060411893,3.960388,0.34375,4.681682967,0.047289063,0.031361731,0.056743401,2.01484232,0.34375,4.322967491,-0.018990625,0.026213127,0.032369305,1.40734774,0.34375,4.436377153,2253.75,reverse_normal_11,reverse_normal,reversed
-9.312059375,0.105526491,9.312657282,22.9042367,0.359375,4.048704708,0.490285938,0.075865034,0.496120755,11.7997056,0.359375,4.326177679,-2.11789375,0.093909522,2.119974749,18.06140672,0.359375,4.318553621,-0.034426563,0.043128023,0.055183462,3.82205404,0.359375,4.681018116,0.045389062,0.032538516,0.05584731,2.17193432,0.359375,4.345862175,-0.01558125,0.024877091,0.02935379,1.26747866,0.359375,4.354877118,3918.75,reverse_normal_13,reverse_normal,reversed
-9.312548438,0.118184073,9.313298335,28.6076266,0.359375,4.235331177,0.486170313,0.045984392,0.488340186,4.33571804,0.359375,4.546414855,-2.121589063,0.10697168,2.124284136,23.45580728,0.359375,4.462769578,-0.040160938,0.056629781,0.069425017,6.58496492,0.359375,4.632899947,0.047778125,0.030032657,0.056433232,1.8472355,0.359375,4.176818897,-0.017448437,0.023284383,0.029096571,1.1104196,0.359375,4.399143947,3885,reverse_normal_8,reverse_normal,reversed
-9.316996875,0.131494446,9.317924745,35.43417854,0.40625,4.199177378,0.499417188,0.083850476,0.506407375,14.40345588,0.40625,4.323230207,-2.109171875,0.097895795,2.111442537,19.8441943,0.40625,4.734541297,-0.040040625,0.069620798,0.080313804,9.93604496,0.40625,4.710455773,0.047001563,0.034996721,0.058599636,2.51362412,0.40625,4.534696765,-0.015734375,0.033040639,0.036595825,2.23632624,0.40625,4.473044273,5917.5,reverse_normal_0,reverse_normal,reversed
-9.319503125,0.104320375,9.320086976,22.29745776,0.359375,4.150508452,0.49189375,0.074891519,0.497562258,11.51037368,0.359375,4.499677016,-2.111792188,0.10982122,2.11464582,24.70113456,0.359375,4.550761267,-0.043510938,0.071218471,0.083458207,10.39120472,0.171875,4.473817438,0.047217188,0.03619411,0.059493499,2.683989,0.359375,4.39692164,-0.018142187,0.033505554,0.038101983,2.30047692,0.171875,4.388289689,2941.875,reverse_normal_10,reverse_normal,reversed
-9.313445313,0.111174154,9.314108829,25.31559164,0.34375,3.94917146,0.49211875,0.080433311,0.498648555,13.25137176,0.34375,4.125966682,-2.118490625,0.100505526,2.120873379,20.79983024,0.34375,4.330392596,-0.040271875,0.04564334,0.060869848,4.26874064,0.34375,4.614862596,0.046334375,0.032871032,0.056810026,2.22046286,0.34375,4.241384793,-0.017473438,0.026197443,0.03149011,1.40676012,0.34375,4.394703393,4408.125,reverse_normal_14,reverse_normal,reversed
-9.322575,0.175259848,9.324222254,63.23769544,0.359375,4.218385368,0.496532813,0.054518168,0.499516831,6.14911556,0.359375,4.586437617,-2.11676875,0.121038913,2.120226488,30.12805888,0.359375,4.506952137,-0.044182812,0.067708466,0.080848979,9.4044314,0.125,4.712336664,0.046726563,0.025724163,0.053339518,1.35561196,0.359375,4.519249438,-0.016839063,0.032396854,0.036511781,2.1495794,0.359375,4.602644367,5180.625,reverse_normal_6,reverse_normal,reversed
-9.310865625,0.18196538,9.312643561,67.91666198,0.375,3.732469626,0.49051875,0.069778139,0.495456994,9.9788649,0.375,4.077356862,-2.11199375,0.120794449,2.115445319,29.95284362,0.375,4.420777504,-0.044065625,0.077429495,0.089090437,12.28277206,0.375,4.3888157,0.0470875,0.03233218,0.057119196,2.14098944,0.375,4.189147715,-0.017979688,0.045141566,0.048590433,4.17371816,0.375,4.004049447,5497.5,reverse_normal_4,reverse_normal,reversed
-9.309703125,0.168119466,9.311220996,58.0043544,0.390625,4.051075696,0.490246875,0.083943359,0.49738163,14.43927088,0.390625,4.248601354,-2.119201563,0.097770064,2.121455691,19.61597424,0.375,4.403886703,-0.045435938,0.050141962,0.067665654,5.14916816,0.375,4.653391357,0.046829688,0.029277998,0.055228804,1.76401096,0.390625,4.355581519,-0.018648438,0.03908057,0.043301907,3.14013796,0.390625,4.401877739,7008.75,reverse_normal_3,reverse_normal,reversed
-9.313595313,0.12673317,9.314457523,32.951369,0.359375,4.323499821,0.48665625,0.046713889,0.488893131,4.4715281,0.359375,4.540215625,-2.119907813,0.106132032,2.122562871,23.08791644,0.359375,4.554375942,-0.043148438,0.055993596,0.07068996,6.444843,0.359375,4.65523503,0.0487875,0.030115629,0.057333858,1.85902632,0.359375,4.464091979,-0.018440625,0.024272822,0.030483218,1.20850496,0.359375,4.512862989,4186.875,reverse_normal_8,reverse_normal,reversed
-9.319659375,0.179379761,9.321385517,66.03989104,0.359375,3.990447333,0.493539063,0.061393425,0.497342899,7.73372576,0.359375,4.479995399,-2.115682813,0.126507274,2.11946169,32.79908312,0.359375,4.527443833,-0.047253125,0.080302477,0.093173739,13.20751552,0.125,4.487223844,0.04668125,0.026840477,0.053847473,1.47662234,0.359375,4.375952567,-0.017767188,0.037451264,0.041452022,2.87253768,0.359375,4.315994177,3900,reverse_normal_6,reverse_normal,reversed
-9.312170313,0.159825952,9.313541768,52.65009648,0.375,4.262655209,0.492495313,0.050180538,0.495045169,5.17230096,0.375,4.673063865,-2.121107813,0.104410545,2.123676038,22.70615504,0.375,4.720086597,-0.04131875,0.062772189,0.075150428,8.07370424,0.140625,4.739478906,0.046260938,0.023233843,0.051767613,1.10758824,0.375,4.489280405,-0.0171625,0.031804911,0.036140057,2.07644162,0.375,4.510198593,3309.375,reverse_normal_7,reverse_normal,reversed
-9.312814063,0.101798623,9.313370428,21.23549376,0.375,4.469004466,0.484601562,0.046384297,0.486816369,4.40767728,0.375,4.560924878,-2.119164063,0.105437432,2.121785422,22.83569232,0.375,4.640984028,-0.038104688,0.057071735,0.068623248,6.67087448,0.34375,4.739864654,0.045814063,0.029861576,0.054686763,1.8297158,0.375,4.563394351,-0.016729688,0.024216431,0.02943328,1.20114008,0.140625,4.550645973,2782.5,reverse_normal_8,reverse_normal,reversed
-9.3064875,0.121357859,9.307278728,30.16268354,0.390625,4.226992034,0.487592188,0.080820833,0.494245029,13.37784552,0.390625,4.184325723,-2.119985938,0.115960694,2.123155024,28.02108272,0.390625,4.686150315,-0.047014063,0.084992683,0.097129183,14.80417912,0.15625,4.601821974,0.045853125,0.033792871,0.056960225,2.33957072,0.390625,4.401027081,-0.018704688,0.043749202,0.047580016,3.91993012,0.390625,4.33467956,5730,reverse_normal_1,reverse_normal,reversed
-9.309889063,0.157932029,9.311228538,51.23525236,0.375,4.267860731,0.489803125,0.051982575,0.492553844,5.55104608,0.375,4.63678158,-2.128290625,0.109633535,2.131112502,24.92062896,0.375,4.744966853,-0.040428125,0.064691628,0.076285254,8.60017574,0.375,4.697589421,0.046648438,0.02276124,0.05190521,1.06171132,0.375,4.435030508,-0.018003125,0.032630043,0.037267039,2.18073408,0.375,4.48086138,3309.375,reverse_normal_7,reverse_normal,reversed
-9.316179688,0.176685752,9.317855001,63.9694654,0.359375,4.177641617,0.493315625,0.06078753,0.497046708,7.5790443,0.359375,4.497033921,-2.116017188,0.127911952,2.119879762,33.53926076,0.359375,4.543893954,-0.043140625,0.079666139,0.090596949,12.99879694,0.125,4.507020098,0.046151563,0.026380384,0.053159114,1.4256374,0.359375,4.42941811,-0.017653125,0.037404462,0.04136093,2.86537598,0.359375,4.410556442,4303.125,reverse_normal_6,reverse_normal,reversed
-9.313184375,0.115786008,9.313904101,27.50245392,0.359375,4.269499769,0.485048438,0.046438518,0.487266378,4.42323264,0.359375,4.559653681,-2.120579688,0.110197088,2.123440983,24.87263628,0.359375,4.427097875,-0.040071875,0.055555278,0.068499227,6.32184038,0.359375,4.625742752,0.048003125,0.029754275,0.056476693,1.81330192,0.359375,4.244718613,-0.016989063,0.022898527,0.028512642,1.07461792,0.359375,4.424991467,3806.25,reverse_normal_8,reverse_normal,reversed
-9.31543125,0.103527286,9.316006509,21.96088602,0.34375,4.36414829,0.498892188,0.074775761,0.504464894,11.45131624,0.34375,4.337649223,-2.112878125,0.090043584,2.114795928,16.63582142,0.34375,4.601890184,-0.046592188,0.042507728,0.063069318,3.71136468,0.34375,4.758643638,0.047575,0.030686627,0.056613158,1.93161152,0.34375,4.454955704,-0.017992188,0.023771275,0.029812621,1.15742024,0.34375,4.499413264,2715,reverse_normal_12,reverse_normal,reversed
-9.316960938,0.101595741,9.317514841,21.16862288,0.359375,4.209715835,0.490359375,0.074769681,0.496027037,11.47475728,0.359375,4.397714571,-2.116885938,0.091486112,2.118861907,17.16395456,0.359375,4.562511437,-0.032465625,0.041128371,0.052398089,3.46439534,0.359375,4.64967031,0.044484375,0.030495236,0.053933469,1.90672176,0.359375,4.332150466,-0.015351563,0.024943611,0.029289148,1.27577244,0.359375,4.496601286,4087.5,reverse_normal_13,reverse_normal,reversed
-9.316890625,0.092053415,9.31734537,17.3807184,0.359375,4.553499442,0.494175,0.060107167,0.497817037,7.48786568,0.359375,4.492628917,-2.114085938,0.105530789,2.116718238,22.90944384,0.359375,4.574947241,-0.044739063,0.073253649,0.085835195,11.00264692,0.140625,4.555366179,0.04555,0.030450616,0.054790898,1.89898784,0.359375,4.404639722,-0.01683125,0.028325854,0.032949127,1.65456122,0.140625,4.520199528,3009.375,reverse_normal_9,reverse_normal,reversed
-9.30929375,0.121446594,9.310085896,30.22631626,0.390625,4.241773707,0.488940625,0.082481522,0.495848905,13.9638576,0.390625,4.157336149,-2.121146875,0.111999588,2.124101686,25.9428259,0.390625,4.699499237,-0.052215625,0.082153553,0.097343093,13.82243286,0.15625,4.4867211,0.047532813,0.033370009,0.058076895,2.2808326,0.390625,4.296989256,-0.019389063,0.043574445,0.047693479,3.88892872,0.390625,4.308717414,5602.5,reverse_normal_1,reverse_normal,reversed
-9.31449375,0.119556851,9.315261009,29.2911953,0.359375,4.16549266,0.487479688,0.047332138,0.489772168,4.59454916,0.359375,4.516440998,-2.122601563,0.106993385,2.125296445,23.46204424,0.359375,4.5008672,-0.0410875,0.056401134,0.069780159,6.52216448,0.359375,4.645633216,0.04835,0.03013983,0.056974835,1.86043208,0.359375,4.202718988,-0.017945312,0.024356082,0.030253148,1.21499008,0.359375,4.377169862,4110,reverse_normal_8,reverse_normal,reversed
-9.313603125,0.114717299,9.314309595,27.00500352,0.359375,4.150919241,0.490696875,0.079350508,0.497071349,12.90454086,0.359375,4.370439358,-2.118159375,0.096576022,2.120359891,19.10505984,0.359375,4.462967084,-0.042154687,0.058477832,0.072087964,7.02047736,0.140625,4.466767848,0.0472,0.032176486,0.05712413,2.12161824,0.359375,4.370885009,-0.018560938,0.029042445,0.03446697,1.72786052,0.359375,4.39286131,4801.875,reverse_normal_14,reverse_normal,reversed
-9.31423125,0.110726796,9.314889382,25.14849114,0.359375,4.454982046,0.486395313,0.04273392,0.488268971,3.74506296,0.359375,4.716945086,-2.119720313,0.102694102,2.122206465,21.65219356,0.359375,4.499025852,-0.038315625,0.05683756,0.068546301,6.6162056,0.296875,4.698911426,0.046704688,0.029827234,0.055416529,1.82303068,0.359375,4.600027898,-0.016378125,0.023603062,0.028728862,1.14114608,0.15625,4.671360024,3570,reverse_normal_8,reverse_normal,reversed
-9.306901563,0.118856462,9.307660477,28.9724474,0.390625,4.290765597,0.487407813,0.082570843,0.494352425,13.97918804,0.390625,4.244642619,-2.121484375,0.107947071,2.124228924,24.31400512,0.390625,4.645596838,-0.049046875,0.080502447,0.094266855,13.27277952,0.15625,4.492692323,0.046107813,0.032985116,0.056691695,2.23097652,0.390625,4.317943131,-0.018601563,0.043157877,0.046995962,3.81460964,0.390625,4.219365827,5467.5,reverse_normal_1,reverse_normal,reversed
-9.317634375,0.139198027,9.318674071,39.85853296,0.375,4.375765011,0.490775,0.045843569,0.492911486,4.30691168,0.375,4.407624964,-2.123203125,0.095025664,2.125328536,18.5265731,0.375,4.476504508,-0.038276563,0.04575322,0.059652765,4.28720736,0.375,4.605250127,0.046360938,0.025475574,0.052899352,1.33117812,0.375,4.509695615,-0.016135938,0.023660287,0.028638744,1.15594232,0.375,4.585291978,3937.5,reverse_normal_7,reverse_normal,reversed
-9.312065625,0.180495153,9.313814724,66.9600624,0.359375,4.225545482,0.493501563,0.061452658,0.497313001,7.75253984,0.359375,4.519697819,-2.114821875,0.125430975,2.118538291,32.39733888,0.359375,4.577296009,-0.043146875,0.07939634,0.090362778,12.91068998,0.125,4.487693138,0.04711875,0.026541523,0.05407984,1.44565242,0.359375,4.492567243,-0.01773125,0.037467273,0.041451101,2.8816108,0.359375,4.407688806,3870,reverse_normal_6,reverse_normal,reversed
-9.317935938,0.170530522,9.319496274,59.56051048,0.375,4.135499216,0.494590625,0.051624799,0.497277595,5.4599536,0.375,4.501970057,-2.1245875,0.122304845,2.128104913,30.63560512,0.375,4.42244921,-0.041382813,0.063798963,0.076045019,8.34569236,0.375,4.719989534,0.045410938,0.025033191,0.051853774,1.28340116,0.375,4.407669335,-0.017004688,0.031735456,0.036004147,2.06454928,0.375,4.553329422,5851.875,reverse_normal_6,reverse_normal,reversed
-9.3049875,0.173233547,9.306599929,61.5817213,0.375,4.300193151,0.49028125,0.086762917,0.497899094,15.43264192,0.390625,4.214600543,-2.11684375,0.097933297,2.119107924,19.64389626,0.375,4.404248557,-0.046589063,0.049161405,0.067730234,4.98274628,0.390625,4.80715106,0.045834375,0.030874232,0.055263081,1.95219424,0.390625,4.313955118,-0.018695313,0.040001826,0.044154963,3.27901496,0.390625,4.467002008,6933.75,reverse_normal_3,reverse_normal,reversed
-9.316890625,0.095420993,9.31737925,18.65908416,0.34375,4.122197052,0.488303125,0.075516238,0.494107928,11.68157008,0.34375,4.119195061,-2.115392188,0.089644008,2.117290758,16.46991688,0.34375,4.562631555,-0.039251563,0.038803487,0.055194164,3.09436796,0.34375,4.620841882,0.046876563,0.02891657,0.055077946,1.71333328,0.34375,4.302438358,-0.016590625,0.021892605,0.0274688,0.98170606,0.34375,4.495712388,4275,reverse_normal_13,reverse_normal,reversed
-9.31348125,0.180699852,9.315234051,66.88583552,0.375,4.246894623,0.491823438,0.069014362,0.496642,9.7589398,0.375,4.544346606,-2.1148375,0.119079473,2.118187332,29.06265394,0.375,4.598166125,-0.043685938,0.077340246,0.08882553,12.25799012,0.375,4.610970092,0.046979688,0.032079541,0.056887503,2.11623664,0.375,4.666797253,-0.01761875,0.044557669,0.047914572,4.06668984,0.375,4.502313505,5506.875,reverse_normal_4,reverse_normal,reversed
-9.31546875,0.093094441,9.31593391,17.7491552,0.34375,4.243565592,0.496235937,0.077277344,0.502216979,12.23029012,0.34375,4.195462138,-2.115534375,0.088551003,2.117386826,16.0859,0.34375,4.475051607,-0.045467188,0.039016179,0.059912664,3.12176084,0.34375,4.570868756,0.046895313,0.030282531,0.055822953,1.87869692,0.34375,4.185285477,-0.018209375,0.02382791,0.029989175,1.1636735,0.34375,4.489407804,3423.75,reverse_normal_12,reverse_normal,reversed
-9.309701562,0.12826192,9.310585068,33.77484072,0.390625,4.191749283,0.494439063,0.08392246,0.501510684,14.43534664,0.390625,4.191853317,-2.1149,0.110380923,2.117778543,25.19049984,0.390625,4.69298677,-0.048392188,0.078674391,0.092365922,12.67825336,0.15625,4.645376064,0.047245313,0.034044791,0.05823373,2.37677968,0.390625,4.47818978,-0.018225,0.042557641,0.046295825,3.71107714,0.390625,4.283207499,6150,reverse_normal_1,reverse_normal,reversed
-9.313445313,0.11354055,9.314137375,26.40211484,0.34375,4.284848994,0.4908125,0.073882427,0.496342143,11.18253608,0.34375,4.380947995,-2.118940625,0.092326215,2.120951084,17.45905398,0.34375,4.48902926,-0.044684375,0.043324658,0.062239211,3.84682838,0.34375,4.693298461,0.047417188,0.029435255,0.055810607,1.77653744,0.34375,4.377263772,-0.019353125,0.024754097,0.03142147,1.25496382,0.34375,4.503278168,2484.375,reverse_normal_11,reverse_normal,reversed
-9.307273438,0.183292136,9.309078088,68.80853836,0.375,4.156742087,0.488570313,0.06899446,0.493417861,9.74914476,0.375,4.297212576,-2.112142188,0.119632112,2.115527467,29.38411212,0.375,4.465288103,-0.0413125,0.078156759,0.088403629,12.5119648,0.375,4.386018658,0.04610625,0.032085895,0.056171976,2.10879544,0.375,4.320108722,-0.018965625,0.045180981,0.049000163,4.1837935,0.375,4.330618096,5341.875,reverse_normal_4,reverse_normal,reversed
-9.312776563,0.091688451,9.313227908,17.22074152,0.359375,4.453526043,0.492154688,0.057575317,0.495511002,6.81874276,0.359375,4.441050428,-2.110646875,0.105894187,2.113301637,23.06892176,0.359375,4.464675594,-0.041395313,0.072755072,0.083707063,10.85021512,0.140625,4.552808085,0.045345313,0.031104205,0.054987898,1.98501976,0.359375,4.492875179,-0.017139063,0.028814003,0.033526023,1.70605916,0.140625,4.605789637,2949.375,reverse_normal_9,reverse_normal,reversed
-9.31280625,0.142396337,9.313894833,42.02033656,0.375,4.215642944,0.490514062,0.045464756,0.492616575,4.23372376,0.375,4.380308042,-2.125485937,0.09811176,2.127749137,19.91201408,0.375,4.527305007,-0.040467188,0.044751844,0.060335071,4.1428566,0.375,4.652224832,0.047114063,0.024750536,0.053219582,1.25491256,0.375,4.509829756,-0.017785938,0.024022866,0.029890428,1.18723232,0.375,4.485867403,3870,reverse_normal_7,reverse_normal,reversed
-9.308354688,0.128982717,9.30924828,34.09489968,0.390625,3.918268201,0.495559375,0.086466017,0.503046187,15.31168206,0.390625,4.0279437,-2.109476563,0.103314017,2.112005008,21.90049808,0.390625,4.66668394,-0.044892188,0.071301574,0.084256887,10.42060848,0.15625,4.603934924,0.04615625,0.033922222,0.057281031,2.3569713,0.390625,4.077731264,-0.017746875,0.039879992,0.04365049,3.25767296,0.390625,4.140625844,6427.5,reverse_normal_1,reverse_normal,reversed
-9.316959375,0.106964766,9.317573367,23.48053518,0.34375,4.150282297,0.493390625,0.077774626,0.499482934,12.48006638,0.34375,4.351374359,-2.119014063,0.089600999,2.120907574,16.59115092,0.34375,4.572547496,-0.03385625,0.046541074,0.057552734,4.44715546,0.34375,4.695503,0.043476562,0.033201359,0.054704129,2.25792876,0.34375,4.2515516,-0.014314062,0.026518937,0.030135468,1.44852036,0.34375,4.603816418,4070.625,reverse_normal_14,reverse_normal,reversed
-9.31291875,0.154397347,9.314198526,49.24416384,0.375,4.189224347,0.49358125,0.048562453,0.495964477,4.85627264,0.375,4.524422979,-2.122232813,0.09585474,2.124396442,19.02627396,0.375,4.706014154,-0.045007812,0.044946709,0.063607467,4.15526264,0.375,4.720590574,0.048379688,0.022715325,0.053446985,1.05674616,0.375,4.62853514,-0.018782813,0.027038593,0.032922326,1.50546788,0.375,4.565827318,3480,reverse_normal_7,reverse_normal,reversed
-9.31351875,0.130955176,9.314439369,35.13063178,0.40625,4.151451233,0.496609375,0.086315364,0.504054772,15.258328,0.40625,4.301295621,-2.108984375,0.102632604,2.111480179,21.74326998,0.40625,4.705131867,-0.036798438,0.065678018,0.075284308,8.83451916,0.40625,4.612575262,0.046003125,0.034019075,0.057215251,2.37055998,0.40625,4.48406364,-0.0153875,0.03305177,0.036458122,2.2372877,0.40625,4.447767964,6127.5,reverse_normal_0,reverse_normal,reversed
-9.309479688,0.124531914,9.310312575,31.83987124,0.390625,4.30898701,0.4895,0.082946574,0.496477979,14.10182464,0.390625,4.239958487,-2.120060938,0.117053303,2.123289866,28.37290952,0.390625,4.683544275,-0.050039063,0.08470937,0.098384883,14.6969634,0.15625,4.545430835,0.047354688,0.033921849,0.058250822,2.35954304,0.390625,4.436742085,-0.018904688,0.043462608,0.047396049,3.87001524,0.390625,4.398875547,5850,reverse_normal_1,reverse_normal,reversed
-9.316104688,0.1084562,9.316735979,24.17978264,0.34375,4.508976175,0.486582813,0.043227095,0.488499146,3.8273328,0.359375,4.725994969,-2.117253125,0.102995032,2.119756772,21.77287648,0.28125,4.628423195,-0.038785938,0.056156717,0.068248998,6.47463548,0.34375,4.759838966,0.046898438,0.02948325,0.055396078,1.78266376,0.359375,4.525882703,-0.016784375,0.02302794,0.028495636,1.08603542,0.140625,4.671350755,3255,reverse_normal_8,reverse_normal,reversed
-9.3121,0.106720114,9.312711506,23.33826578,0.34375,4.349465816,0.499379688,0.073280596,0.504727766,11.00917868,0.34375,4.354958599,-2.1141875,0.090551086,2.116125772,16.79785832,0.34375,4.543825143,-0.043975,0.043672707,0.061976656,3.91870656,0.34375,4.823145924,0.047729688,0.030845455,0.056829263,1.94949952,0.34375,4.463009223,-0.017725,0.023993026,0.029830202,1.17943074,0.34375,4.595960546,2568.75,reverse_normal_11,reverse_normal,reversed
-9.308282813,0.165633583,9.309756356,56.30290268,0.390625,4.166469915,0.48815,0.080489813,0.494741379,13.27625778,0.390625,4.171583647,-2.120064063,0.096618107,2.122264519,19.27237896,0.390625,4.469169332,-0.046471875,0.050261477,0.068453278,5.17571302,0.390625,4.680051536,0.047021875,0.029262511,0.055383673,1.75453168,0.390625,4.460798532,-0.019884375,0.038963666,0.043744207,3.12181526,0.390625,4.453343549,6980.625,reverse_normal_3,reverse_normal,reversed
-9.315575,0.107208757,9.316191888,23.54190112,0.34375,4.176579263,0.495784375,0.078574969,0.501972282,12.66420512,0.34375,4.270343975,-2.11706875,0.089532274,2.118961095,16.61971002,0.34375,4.589778956,-0.032528125,0.046185166,0.056490251,4.36854438,0.34375,4.714539367,0.044370312,0.033210177,0.055422382,2.26129924,0.34375,4.306098916,-0.013485938,0.026520098,0.029752077,1.44117836,0.34375,4.544003366,4093.125,reverse_normal_14,reverse_normal,reversed
-9.303264063,0.15810985,9.304607511,51.207035,0.375,4.226689295,0.4886375,0.088103456,0.496516692,15.8984077,0.375,4.302854536,-2.116096875,0.090483113,2.118030495,16.76766078,0.375,4.58950194,-0.041909375,0.052277779,0.067002701,5.59712192,0.375,4.521240357,0.044595313,0.033949583,0.056047445,2.36066208,0.375,4.282796102,-0.01769375,0.036873148,0.040898628,2.78456826,0.375,4.50548873,6352.5,reverse_normal_2,reverse_normal,reversed
-9.312435937,0.111677983,9.313105554,25.55260976,0.359375,4.393597477,0.483739063,0.045123596,0.485839088,4.17015876,0.359375,4.568301797,-2.124732812,0.109450253,2.127549972,24.53497984,0.359375,4.539829393,-0.03884375,0.05594354,0.068106656,6.4380489,0.359375,4.687453567,0.047204687,0.02935713,0.05558888,1.76727496,0.359375,4.434959872,-0.018096875,0.022685244,0.029019255,1.05401926,0.15625,4.459263984,3648.75,reverse_normal_8,reverse_normal,reversed
-9.305473438,0.168776199,9.307003884,58.54246248,0.375,4.102668673,0.492039063,0.086196124,0.499531992,15.2624718,0.375,4.206590653,-2.11841875,0.097088151,2.120642381,19.30539328,0.375,4.494526025,-0.046182812,0.048905095,0.067264853,4.9349662,0.375,4.731300566,0.044951563,0.031931753,0.055138733,2.09053512,0.375,4.42696199,-0.018307813,0.038751485,0.04285853,3.08030656,0.375,4.410166107,6828.75,reverse_normal_3,reverse_normal,reversed
-9.306784375,0.164727445,9.308242075,55.57438422,0.390625,4.224125569,0.489010937,0.076833816,0.495010235,12.10347124,0.390625,4.291249621,-2.120703125,0.105777049,2.123339476,22.91812422,0.390625,4.45419404,-0.044473438,0.053076234,0.069245746,5.77397268,0.390625,4.725696685,0.046235938,0.028357937,0.054239603,1.64696064,0.390625,4.399667099,-0.019296875,0.038430766,0.043003408,3.02868254,0.390625,4.482163667,6680.625,reverse_normal_3,reverse_normal,reversed
-9.316817188,0.098124356,9.317333894,19.7960478,0.34375,4.072735554,0.488825,0.073706258,0.494350577,11.1373909,0.34375,4.257875206,-2.117898438,0.086725583,2.119673352,15.40657272,0.34375,4.433408331,-0.031220313,0.045061185,0.054819871,4.16465684,0.078125,4.602274536,0.043803125,0.030054955,0.053122632,1.84997254,0.34375,4.455847359,-0.01465625,0.023745249,0.027904166,1.15741696,0.34375,4.621619713,4335,reverse_normal_13,reverse_normal,reversed
-9.316404688,0.176296254,9.318072583,63.68663052,0.359375,4.170968634,0.49211875,0.055438592,0.495231564,6.32485504,0.359375,4.478207378,-2.120395313,0.126737271,2.124179516,32.90633624,0.359375,4.539733821,-0.04031875,0.074066653,0.084329536,11.24537024,0.125,4.693377251,0.046142188,0.025858037,0.052893662,1.3702824,0.359375,4.508178253,-0.017409375,0.03408057,0.038269721,2.37895502,0.359375,4.471368466,4888.125,reverse_normal_6,reverse_normal,reversed
-9.309935938,0.092913563,9.310399567,17.73153692,0.34375,4.549572041,0.491260938,0.054253366,0.494247647,6.02978156,0.359375,4.531562764,-2.114084375,0.108004484,2.116841447,23.93679598,0.265625,4.566927908,-0.039707813,0.064822962,0.076017937,8.60941888,0.140625,4.718362065,0.044678125,0.030146229,0.053897403,1.86124288,0.34375,4.578412701,-0.015746875,0.027078924,0.031324626,1.50375558,0.140625,4.701971015,2821.875,reverse_normal_9,reverse_normal,reversed
-9.317109375,0.108300571,9.317738788,24.0556571,0.359375,4.298759888,0.489578125,0.076957733,0.495589783,12.13320766,0.359375,4.49311969,-2.114896875,0.105515455,2.117527403,22.8313456,0.359375,4.533478915,-0.040878125,0.070374026,0.08138504,10.14853776,0.171875,4.556932625,0.04558125,0.037299631,0.058897477,2.84957464,0.359375,4.42702814,-0.01789375,0.034446883,0.038817188,2.43065664,0.359375,4.495069271,2889.375,reverse_normal_10,reverse_normal,reversed
-9.313929688,0.147170589,9.315092346,44.7654392,0.375,4.207109247,0.491523438,0.047358845,0.493799706,4.59465288,0.375,4.540281967,-2.124064063,0.096210931,2.126241916,19.35176136,0.375,4.610204346,-0.043371875,0.045064528,0.062545433,4.2052496,0.375,4.748846093,0.04764375,0.023270843,0.053023194,1.10906072,0.375,4.542084865,-0.018309375,0.025220154,0.031165516,1.30625552,0.375,4.559999527,3675,reverse_normal_7,reverse_normal,reversed
-9.317332813,0.113535055,9.31802452,26.43514,0.359375,4.249168113,0.483665625,0.083202511,0.4907699,14.17808384,0.359375,4.499615737,-2.111760937,0.11028533,2.114638766,25.011,0.359375,4.603797361,-0.04620625,0.065707553,0.080327455,8.84343416,0.171875,4.657156629,0.046995313,0.039148006,0.061164743,3.14177708,0.359375,4.362225676,-0.019640625,0.035110774,0.040230842,2.52503856,0.359375,4.47149475,2814.375,reverse_normal_10,reverse_normal,reversed
-9.316625,0.172066363,9.318213789,60.63720242,0.359375,4.337915498,0.49283125,0.068537287,0.497574116,9.64659658,0.390625,4.476015599,-2.121271875,0.109125141,2.124076897,24.52443302,0.390625,4.566278934,-0.040217188,0.064681662,0.076165212,8.57669016,0.390625,4.679201846,0.046060937,0.02949211,0.054693643,1.79116084,0.390625,4.536995983,-0.015979688,0.040596267,0.043628057,3.37525844,0.390625,4.471582633,5983.125,reverse_normal_4,reverse_normal,reversed
-9.313707813,0.138895838,9.314743436,39.84739312,0.375,3.981869219,0.489128125,0.045451652,0.491235356,4.23238974,0.375,4.432111866,-2.124026563,0.101362538,2.126443792,21.15418836,0.375,4.48827469,-0.041584375,0.047399249,0.063055127,4.6230592,0.375,4.67288847,0.047290625,0.025527728,0.053740749,1.33488352,0.375,4.547944677,-0.017917188,0.022741355,0.028951595,1.06861572,0.375,4.479712971,4140,reverse_normal_7,reverse_normal,reversed
-9.31201875,0.118635135,9.312774425,28.82508984,0.34375,4.26118182,0.49021875,0.070695511,0.495290095,10.25213322,0.34375,4.490854955,-2.115839063,0.098749441,2.118142203,19.97307984,0.34375,4.487282496,-0.043210938,0.043265074,0.061147786,3.8347784,0.34375,4.716828296,0.047385938,0.031186866,0.056727838,1.9919362,0.34375,4.320896528,-0.019153125,0.024747411,0.031293395,1.2551143,0.34375,4.582604927,2373.75,reverse_normal_11,reverse_normal,reversed
-9.310860938,0.162789697,9.312283924,54.29087372,0.375,4.232839639,0.491560938,0.053954858,0.494513177,5.96336572,0.375,4.613279404,-2.123689063,0.111946124,2.126637526,25.87906416,0.375,4.716066387,-0.0438625,0.066250051,0.079454315,8.99535744,0.140625,4.633620814,0.046973438,0.02289328,0.052255202,1.07382048,0.375,4.439519884,-0.018253125,0.032766541,0.037507637,2.19905648,0.375,4.477755943,3309.375,reverse_normal_7,reverse_normal,reversed
-9.313965625,0.115632023,9.314683378,27.46819822,0.359375,4.279675208,0.484040625,0.08452687,0.491365565,14.6340571,0.359375,4.455420868,-2.112884375,0.110652474,2.115779845,25.31688528,0.359375,4.589327996,-0.042034375,0.06484823,0.077279891,8.6140987,0.171875,4.649959598,0.046198438,0.03848264,0.06012661,3.03561216,0.359375,4.35359653,-0.01899375,0.035110406,0.039918706,2.52656234,0.359375,4.408827877,2791.875,reverse_normal_10,reverse_normal,reversed
-9.317595313,0.105401946,9.318191454,22.75254584,0.359375,4.184252069,0.486917188,0.074986117,0.492657351,11.5158348,0.359375,4.52286815,-2.115721875,0.109029625,2.118529328,24.38681584,0.359375,4.613993123,-0.038270313,0.075348438,0.084510378,11.6315484,0.171875,4.532138691,0.046171875,0.036065853,0.058588291,2.66598816,0.359375,4.385915658,-0.016939062,0.033407796,0.037456811,2.28611716,0.359375,4.410248994,2964.375,reverse_normal_10,reverse_normal,reversed
-9.3132125,0.126500449,9.314071582,32.83402066,0.34375,4.304852476,0.479253125,0.079262223,0.485763376,12.90575998,0.359375,4.515813065,-2.115054688,0.108218377,2.117821416,24.11590088,0.34375,4.591297536,-0.041279687,0.046784734,0.062392499,4.4872648,0.140625,4.733384278,0.04594375,0.036394749,0.058612336,2.7136945,0.359375,4.42592575,-0.018889062,0.029532112,0.035056274,1.78637692,0.359375,4.605800803,2482.5,reverse_normal_11,reverse_normal,reversed
-9.316028125,0.132687606,9.316973008,36.22332336,0.40625,4.185371923,0.49504375,0.077063685,0.501006114,12.1628305,0.40625,4.35778272,-2.099375,0.102246264,2.101863385,21.4675252,0.40625,4.626688957,-0.036532813,0.079100437,0.087129361,12.8173446,0.40625,4.63356763,0.04815,0.037083618,0.060775136,2.8164045,0.40625,4.416696916,-0.015621875,0.031309042,0.034989985,2.00768304,0.40625,4.575759084,5426.25,reverse_normal_0,reverse_normal,reversed
-9.310040625,0.178581701,9.311753211,65.40343952,0.375,4.219738174,0.49115,0.068347981,0.495882818,9.57346194,0.375,4.517545796,-2.115996875,0.118125983,2.119291514,28.58002832,0.375,4.634737051,-0.042848438,0.076469261,0.087655784,11.97885904,0.15625,4.584909274,0.046434375,0.032237513,0.056527944,2.13347918,0.375,4.636592369,-0.018465625,0.044560171,0.048234719,4.06823214,0.375,4.470195872,5589.375,reverse_normal_4,reverse_normal,reversed
-9.31531875,0.090484318,9.315758199,16.80763786,0.34375,4.238828434,0.493575,0.076327235,0.499441816,11.93161288,0.34375,4.176030008,-2.117148438,0.089058846,2.119020761,16.25772884,0.34375,4.563875019,-0.040523438,0.041000803,0.057647332,3.44370908,0.34375,4.560371374,0.04666875,0.029529376,0.055226409,1.78592986,0.34375,4.254951926,-0.016721875,0.023391602,0.028753924,1.12065638,0.34375,4.485234743,4072.5,reverse_normal_12,reverse_normal,reversed
-9.31321875,0.10773458,9.313841862,23.80523992,0.34375,4.14780845,0.493201563,0.078688163,0.499439294,12.680905,0.34375,4.292097305,-2.115609375,0.09131639,2.11757921,17.12244304,0.34375,4.656118276,-0.032817188,0.046885274,0.057229334,4.50730828,0.34375,4.665758009,0.044678125,0.033550854,0.055873023,2.31057376,0.34375,4.364759804,-0.014926563,0.026068493,0.030039451,1.39175268,0.34375,4.505948061,4115.625,reverse_normal_14,reverse_normal,reversed
-9.313032813,0.170868699,9.314600167,59.89162944,0.390625,4.028268884,0.492117188,0.085844588,0.499548416,15.09976688,0.390625,4.156308754,-2.123279688,0.10106674,2.125683682,20.94671556,0.375,4.336820713,-0.045870313,0.049321939,0.067355321,4.98480528,0.375,4.674467864,0.04685625,0.029852323,0.055557802,1.82940408,0.390625,4.34933022,-0.01785625,0.039234156,0.043106434,3.15450986,0.390625,4.280911334,6926.25,reverse_normal_3,reverse_normal,reversed
-9.31599375,0.097050443,9.316499253,19.32301226,0.34375,4.366192679,0.499603125,0.075176817,0.505227509,11.57970718,0.34375,4.267782419,-2.114075,0.08338356,2.115718772,14.3163604,0.34375,4.461256024,-0.044835938,0.04174103,0.061258263,3.57141828,0.34375,4.629631472,0.047320313,0.029869718,0.055959021,1.82976756,0.34375,4.220687341,-0.0176,0.023174515,0.02910014,1.09996704,0.34375,4.551390323,2951.25,reverse_normal_12,reverse_normal,reversed
-9.317301562,0.084883261,9.31768821,14.8008546,0.34375,4.355770829,0.49739375,0.07928095,0.503672524,12.87268288,0.34375,4.180035797,-2.116171875,0.082485644,2.117778857,13.9509111,0.34375,4.546294667,-0.04265,0.037870858,0.057037044,2.94242706,0.34375,4.581681844,0.0468625,0.030769646,0.056061261,1.94454178,0.34375,4.13652601,-0.017360938,0.024210681,0.029791932,1.20073052,0.34375,4.420393378,3738.75,reverse_normal_12,reverse_normal,reversed
-9.313076563,0.10127977,9.313627255,21.0983286,0.34375,4.201749974,0.489685938,0.073839625,0.495221776,11.19158048,0.34375,4.382022744,-2.114867188,0.090385938,2.116797779,16.74196244,0.359375,4.516360479,-0.032153125,0.044317276,0.054752574,4.02801798,0.359375,4.671853491,0.045498438,0.030113392,0.054561197,1.86209024,0.34375,4.482054764,-0.0155375,0.023513012,0.028182896,1.13295272,0.34375,4.422060879,4290,reverse_normal_13,reverse_normal,reversed
-9.316960938,0.108899141,9.317597337,24.40649756,0.34375,4.306307687,0.49163125,0.079867218,0.498076358,13.11837418,0.34375,4.292476467,-2.118901563,0.09203476,2.120899391,17.47993412,0.34375,4.518985996,-0.03601875,0.046435048,0.058767032,4.42319786,0.34375,4.637341468,0.043910938,0.034026103,0.055551292,2.3721964,0.34375,4.372104102,-0.015151563,0.02637747,0.030419415,1.43301608,0.34375,4.526797684,4138.125,reverse_normal_14,reverse_normal,reversed
-9.316553125,0.092081681,9.317008166,17.4301539,0.359375,4.53861727,0.493314063,0.060435497,0.497002227,7.56194548,0.359375,4.568827847,-2.115351563,0.096712103,2.117561207,19.1953766,0.359375,4.591863728,-0.044503125,0.074430385,0.086720299,11.34576062,0.15625,4.547657328,0.0461625,0.032606055,0.056516646,2.17849312,0.359375,4.626564662,-0.017814063,0.030470405,0.0352957,1.9040702,0.15625,4.716466115,3067.5,reverse_normal_9,reverse_normal,reversed
-9.317529687,0.086147379,9.317927927,15.23813948,0.34375,4.270497755,0.492492188,0.081743397,0.499229945,13.6857544,0.34375,4.183209468,-2.118864063,0.089409539,2.120749627,16.45084976,0.34375,4.586279928,-0.043835938,0.041009413,0.060028005,3.44975008,0.34375,4.565722506,0.046517188,0.031411993,0.056129868,2.02085728,0.34375,4.177710434,-0.017132813,0.023430689,0.029026375,1.12446952,0.34375,4.490820954,3892.5,reverse_normal_12,reverse_normal,reversed
-9.3103,0.167586445,9.311808165,57.70044864,0.390625,4.195325401,0.4899875,0.070235071,0.494995672,10.11516306,0.390625,4.297953519,-2.119321875,0.104936178,2.121918191,22.55204766,0.390625,4.537906498,-0.043114063,0.05781919,0.072124067,6.84777008,0.390625,4.548533949,0.046251562,0.028643193,0.054402569,1.68650656,0.390625,4.459712164,-0.0198,0.038597077,0.043379423,3.05272832,0.390625,4.434105848,6159.375,reverse_normal_4,reverse_normal,reversed
-9.315545313,0.09898029,9.316071144,20.06739772,0.34375,4.148078867,0.49159375,0.07450323,0.497207347,11.36942104,0.34375,4.209515242,-2.114979688,0.087897026,2.116805368,15.8268032,0.34375,4.443631624,-0.031382812,0.04418755,0.054197975,3.99907712,0.078125,4.710251739,0.044959375,0.030004175,0.054051789,1.84531488,0.34375,4.534299059,-0.014409375,0.02360021,0.027651401,1.14067638,0.34375,4.506693946,4312.5,reverse_normal_13,reverse_normal,reversed
-9.314346875,0.098970532,9.314872671,20.06051398,0.34375,4.306389911,0.49803125,0.075253623,0.503684657,11.60387672,0.34375,4.331729439,-2.116395313,0.086377531,2.118157264,15.29951524,0.34375,4.593376356,-0.046034375,0.042627556,0.062739718,3.72259022,0.34375,4.597930142,0.047129688,0.029939615,0.055835365,1.83609732,0.34375,4.1506395,-0.01855,0.023875576,0.030234841,1.16863904,0.34375,4.502579035,2872.5,reverse_normal_12,reverse_normal,reversed
-9.31505625,0.179343856,9.316782554,65.91293242,0.359375,4.283184261,0.492754687,0.060201375,0.496418561,7.42839012,0.359375,4.530158625,-2.125034375,0.126767997,2.128812162,33.13472814,0.359375,4.713805667,-0.044146875,0.079349502,0.090803579,12.93394352,0.125,4.625556667,0.046398438,0.026220033,0.053294513,1.40799608,0.359375,4.439821365,-0.018271875,0.036746124,0.041038263,2.76540224,0.359375,4.504578928,3802.5,reverse_normal_6,reverse_normal,reversed
-9.314940625,0.140745495,9.316003872,40.56999918,0.375,4.095843597,0.4901,0.044786776,0.492142119,4.1110964,0.375,4.527740831,-2.119460938,0.093106962,2.121505025,17.83094852,0.375,4.399550592,-0.038289063,0.045777205,0.059679183,4.29171824,0.375,4.606461873,0.047526562,0.025705071,0.054032628,1.35393564,0.375,4.496971688,-0.016848438,0.023273536,0.028731992,1.1114466,0.375,4.520381539,4005,reverse_normal_7,reverse_normal,reversed
-9.311689063,0.129064294,9.312583465,34.20057048,0.359375,4.380610166,0.488117188,0.047021436,0.490376798,4.52845496,0.359375,4.664776095,-2.1190875,0.101502164,2.121517033,21.1947812,0.359375,4.601570968,-0.039553125,0.050962195,0.064510426,5.3409616,0.359375,4.721644056,0.048753125,0.028985158,0.056718662,1.7217767,0.359375,4.611260979,-0.018904688,0.023681094,0.030301508,1.15011396,0.375,4.662495026,4290,reverse_normal_8,reverse_normal,reversed
-9.313259375,0.172706779,9.31486059,61.21703926,0.375,4.143856215,0.492496875,0.052953709,0.49533551,5.74554,0.375,4.458406153,-2.116396875,0.119791707,2.119784372,29.4091495,0.375,4.452236773,-0.037225,0.063102625,0.073264192,8.16027906,0.375,4.633456809,0.046839063,0.024768753,0.052984799,1.25798108,0.375,4.446368265,-0.016371875,0.031988189,0.035934419,2.09685414,0.375,4.507745604,6508.125,reverse_normal_5,reverse_normal,reversed
-9.312439063,0.097616859,9.312950679,19.52081152,0.34375,4.131659219,0.490621875,0.074919024,0.496309061,11.50315136,0.34375,4.372160954,-2.11486875,0.086738636,2.11664674,15.48807434,0.34375,4.576124256,-0.030982813,0.044031496,0.053839645,3.97077024,0.078125,4.702893989,0.045603125,0.029244855,0.054174778,1.75181766,0.34375,4.457027547,-0.014971875,0.023557486,0.027912581,1.13809382,0.34375,4.587143993,4380,reverse_normal_13,reverse_normal,reversed
-9.30888125,0.165803704,9.310357726,56.30243136,0.390625,4.12467346,0.489946875,0.081167144,0.496624653,13.49772358,0.390625,4.226302245,-2.120214063,0.098020191,2.122478652,19.76176364,0.390625,4.453987838,-0.046651563,0.050254048,0.068569947,5.17217532,0.390625,4.62925687,0.046792188,0.028725279,0.054905833,1.68989052,0.390625,4.426604973,-0.020321875,0.038963462,0.043944624,3.10966078,0.390625,4.418884062,6920.625,reverse_normal_3,reverse_normal,reversed
-9.31509375,0.104299792,9.315677647,22.43867098,0.359375,4.121721277,0.484748437,0.074786686,0.490483533,11.45748932,0.359375,4.265439273,-2.118535938,0.095716932,2.120697114,18.76451044,0.359375,4.486418953,-0.031089063,0.04301547,0.053074104,3.79366332,0.359375,4.688966491,0.044996875,0.029222637,0.053653343,1.75227718,0.359375,4.321879429,-0.015939063,0.024189148,0.028968407,1.1991354,0.359375,4.527249133,4200,reverse_normal_13,reverse_normal,reversed
-9.317304687,0.088864105,9.31772845,16.266494,0.34375,4.289759351,0.491929688,0.080301877,0.498440778,13.22121836,0.34375,4.193696096,-2.115798438,0.089193928,2.11767764,16.3342508,0.34375,4.610490873,-0.0419,0.040613283,0.058352796,3.38356306,0.34375,4.606503769,0.046092188,0.031059778,0.055580568,1.97576176,0.34375,4.193272837,-0.016732813,0.023308884,0.02869305,1.11303788,0.34375,4.50215143,3922.5,reverse_normal_12,reverse_normal,reversed
-9.306895313,0.150093114,9.308105516,46.3634898,0.390625,4.291998712,0.493539063,0.090090863,0.501694299,16.71618716,0.390625,4.345916005,-2.115201563,0.083295334,2.116840987,14.23347672,0.375,4.499561893,-0.043826563,0.051660306,0.067746253,5.47814252,0.375,4.613568292,0.044914063,0.034891895,0.056874576,2.4942548,0.390625,4.265009094,-0.017151563,0.036879474,0.040672739,2.79042596,0.390625,4.434601795,5921.25,reverse_normal_2,reverse_normal,reversed
-9.313067188,0.169454366,9.314608699,58.81562408,0.375,4.271528463,0.490360938,0.055860447,0.493532409,6.39776984,0.375,4.582310343,-2.122640625,0.113444674,2.125669992,26.54649184,0.375,4.67341154,-0.043532813,0.070807307,0.083119074,10.26907764,0.140625,4.551355048,0.046946875,0.023599132,0.052544535,1.14067104,0.375,4.471409478,-0.017664063,0.033961239,0.038280345,2.36256428,0.375,4.445259881,3397.5,reverse_normal_7,reverse_normal,reversed
-9.3137875,0.096958417,9.314292165,19.27093664,0.375,4.37351615,0.4864,0.047725268,0.488735779,4.66490888,0.375,4.541406571,-2.119128125,0.103343308,2.121646495,22.05872688,0.375,4.584669062,-0.040160938,0.056798668,0.069562846,6.61138196,0.140625,4.679624903,0.046342188,0.029798772,0.055095963,1.81922948,0.375,4.515165164,-0.016603125,0.024534045,0.02962403,1.23295136,0.140625,4.56603105,2716.875,reverse_normal_8,reverse_normal,reversed
-9.319017188,0.105363215,9.3196128,22.75352324,0.359375,4.167575464,0.489126563,0.075608887,0.494935852,11.70883548,0.359375,4.444078915,-2.11631875,0.106360635,2.118989768,23.16836154,0.359375,4.503611154,-0.044896875,0.07101998,0.084021229,10.33382918,0.171875,4.50201071,0.04635625,0.036712365,0.059132899,2.76282456,0.359375,4.443929436,-0.018895312,0.033613253,0.03856013,2.31396556,0.359375,4.389209202,2926.875,reverse_normal_10,reverse_normal,reversed
-9.306857812,0.161473769,9.30825849,53.60820792,0.375,4.265835091,0.492829688,0.090055904,0.500990186,16.64282596,0.375,4.272579246,-2.118304688,0.088733468,2.120162347,16.1631408,0.375,4.640525746,-0.037509375,0.052394799,0.064437319,5.62345014,0.375,4.687051351,0.044660938,0.033097605,0.055588225,2.24740068,0.375,4.45670664,-0.016401563,0.037953246,0.041345618,2.96127436,0.375,4.452921264,6540,reverse_normal_3,reverse_normal,reversed
-9.315882813,0.098004798,9.316398312,19.68224324,0.34375,4.365355712,0.49750625,0.075505678,0.503203315,11.6765233,0.34375,4.21640241,-2.1148625,0.08369973,2.11651814,14.40287202,0.34375,4.470846803,-0.04534375,0.042344085,0.062040932,3.68076736,0.34375,4.62800556,0.046698437,0.030632517,0.05584886,1.92174344,0.34375,4.148654653,-0.017771875,0.023522047,0.029480947,1.1335288,0.34375,4.515289035,3108.75,reverse_normal_12,reverse_normal,reversed
-9.317670312,0.105981709,9.318273025,23.08715056,0.359375,4.316873357,0.489389063,0.077130261,0.495429845,12.18486696,0.359375,4.481893209,-2.115495313,0.106020233,2.118150303,23.02016256,0.359375,4.483824338,-0.04254375,0.071032835,0.082798758,10.33928666,0.171875,4.532850982,0.046196875,0.036811912,0.059070027,2.77639326,0.359375,4.423351346,-0.018075,0.034346352,0.038812079,2.41752482,0.359375,4.523068956,2908.125,reverse_normal_10,reverse_normal,reversed
